event_id,block_id,start_time,end_time,event,source,target,mode,probability,support_distance,supported
Paulina:393:97:2,Paulina:1:0,1998.0,2001.0,0,Hellegat,Paulina,baseline,0.18853145826376505,0.0357867421964127,True
Paulina:393:97:2,Paulina:1:0,2001.0,2008.0,0,Hellegat,Paulina,baseline,0.34341783440287377,0.06693296397159194,True
Paulina:393:97:2,Paulina:1:0,2008.0,2010.0,0,Hellegat,Paulina,baseline,0.11378153140315665,0.06588101608793714,True
Paulina:393:97:2,Paulina:1:0,2010.0,2011.0,0,Hellegat,Paulina,baseline,0.05929189933692818,0.043384043269587204,True
Paulina:393:97:2,Paulina:1:0,2011.0,2012.0,0,Hellegat,Paulina,baseline,0.05964799874515305,0.043384043269587204,True
Paulina:376:80:4,Paulina:1:0,2008.0,2010.0,0,Hellegat,Paulina,baseline,0.128256926323662,0.05231874513971759,True
Paulina:376:80:4,Paulina:1:0,2010.0,2011.0,0,Hellegat,Paulina,baseline,0.05847144433115508,0.2826957064024456,True
Paulina:376:80:4,Paulina:1:0,2011.0,2012.0,0,Hellegat,Paulina,baseline,0.05734340417782102,0.0783349382391181,True
Paulina:374:88:3,Paulina:1:0,2001.0,2008.0,0,Hellegat,Paulina,baseline,0.38581301999052964,0.03331858554517315,True
Paulina:374:88:3,Paulina:1:0,2008.0,2010.0,0,Hellegat,Paulina,baseline,0.11223625750579122,0.13596882670610186,True
Paulina:374:88:3,Paulina:1:0,2010.0,2011.0,0,Hellegat,Paulina,baseline,0.05829472982637965,0.12225156533502317,True
Paulina:374:88:3,Paulina:1:0,2011.0,2012.0,0,Hellegat,Paulina,baseline,0.05860822788976781,0.06416517578967298,True
Paulina:366:162:4,Paulina:1:0,2008.0,2010.0,0,Hellegat,Paulina,baseline,0.15314844315564954,0.09299675822257995,True
Paulina:366:162:4,Paulina:1:0,2010.0,2011.0,0,Hellegat,Paulina,baseline,0.07323520674711186,0.21588883438431222,True
Paulina:366:162:4,Paulina:1:0,2011.0,2012.0,0,Hellegat,Paulina,baseline,0.07195700919561829,0.10682401061058044,True
Paulina:347:87:4,Paulina:1:0,2008.0,2010.0,0,Hellegat,Paulina,baseline,0.1357429561383784,0.046261274814605714,True
Paulina:347:87:4,Paulina:1:0,2010.0,2011.0,0,Hellegat,Paulina,baseline,0.06279041146538006,0.25887618694984327,True
Paulina:347:87:4,Paulina:1:0,2011.0,2012.0,0,Hellegat,Paulina,baseline,0.061607150564109536,0.07134768962860108,True
Paulina:366:188:4,Paulina:1:0,2008.0,2010.0,0,Hellegat,Paulina,baseline,0.1622106015244228,0.044128131866455075,True
Paulina:366:188:4,Paulina:1:0,2010.0,2011.0,0,Hellegat,Paulina,baseline,0.078868024696938,0.21556237093787906,True
Paulina:366:188:4,Paulina:1:0,2011.0,2012.0,0,Hellegat,Paulina,baseline,0.07755895688448304,0.11385611295700074,True
Paulina:324:170:4,Paulina:1:0,2008.0,2010.0,0,Hellegat,Paulina,baseline,0.16445737939158273,0.03839975595474243,True
Paulina:324:170:4,Paulina:1:0,2010.0,2011.0,0,Hellegat,Paulina,baseline,0.08028291605051605,0.22427068463811123,True
Paulina:324:170:4,Paulina:1:0,2011.0,2012.0,0,Hellegat,Paulina,baseline,0.07896816332513583,0.10812773704528808,True
Paulina:351:100:3,Paulina:1:0,2001.0,2008.0,0,Hellegat,Paulina,baseline,0.4050341282418017,0.026547998189926147,True
Paulina:351:100:3,Paulina:1:0,2008.0,2010.0,0,Hellegat,Paulina,baseline,0.12019274958277695,0.08072024327857866,True
Paulina:351:100:3,Paulina:1:0,2010.0,2011.0,0,Hellegat,Paulina,baseline,0.06241136972427141,0.11639709483447028,True
Paulina:351:100:3,Paulina:1:0,2011.0,2012.0,0,Hellegat,Paulina,baseline,0.06267410105278447,0.0881700581803958,True
Paulina:343:86:4,Paulina:1:0,2008.0,2010.0,0,Hellegat,Paulina,baseline,0.1357429561383784,0.046261274814605714,True
Paulina:343:86:4,Paulina:1:0,2010.0,2011.0,0,Hellegat,Paulina,baseline,0.06279041146538006,0.25887618694984327,True
Paulina:343:86:4,Paulina:1:0,2011.0,2012.0,0,Hellegat,Paulina,baseline,0.061607150564109536,0.07134768962860108,True
Paulina:379:148:4,Paulina:1:0,2008.0,2010.0,0,Hellegat,Paulina,baseline,0.1465180559512081,0.01307644248008728,True
Paulina:379:148:4,Paulina:1:0,2010.0,2011.0,0,Hellegat,Paulina,baseline,0.06919471756847868,0.20699683366176497,True
Paulina:379:148:4,Paulina:1:0,2011.0,2012.0,0,Hellegat,Paulina,baseline,0.0679471380630086,0.03326407670974731,True
Paulina:325:158:4,Paulina:1:0,2008.0,2010.0,0,Hellegat,Paulina,baseline,0.16002997912001843,0.06510587930679321,True
Paulina:325:158:4,Paulina:1:0,2010.0,2011.0,0,Hellegat,Paulina,baseline,0.07750153945316575,0.21591222867540966,True
Paulina:325:158:4,Paulina:1:0,2011.0,2012.0,0,Hellegat,Paulina,baseline,0.07619875185480685,0.12361400723457336,True
Paulina:377:152:4,Paulina:1:0,2008.0,2010.0,0,Hellegat,Paulina,baseline,0.14865522701452882,0.03156489133834839,True
Paulina:377:152:4,Paulina:1:0,2010.0,2011.0,0,Hellegat,Paulina,baseline,0.07048922102565819,0.20810785935071768,True
Paulina:377:152:4,Paulina:1:0,2011.0,2012.0,0,Hellegat,Paulina,baseline,0.06923102406406073,0.051752525568008426,True
Paulina:404:169:4,Paulina:1:0,2008.0,2010.0,0,Hellegat,Paulina,baseline,0.14865522701452882,0.03156489133834839,True
Paulina:404:169:4,Paulina:1:0,2010.0,2011.0,0,Hellegat,Paulina,baseline,0.07048922102565819,0.20810785935071768,True
Paulina:404:169:4,Paulina:1:0,2011.0,2012.0,0,Hellegat,Paulina,baseline,0.06923102406406073,0.051752525568008426,True
Paulina:340:145:4,Paulina:1:0,2008.0,2010.0,0,Hellegat,Paulina,baseline,0.15314844315564954,0.09299675822257995,True
Paulina:340:145:4,Paulina:1:0,2010.0,2011.0,0,Hellegat,Paulina,baseline,0.07323520674711186,0.21588883438431222,True
Paulina:340:145:4,Paulina:1:0,2011.0,2012.0,0,Hellegat,Paulina,baseline,0.07195700919561829,0.10682401061058044,True
Paulina:389:162:4,Paulina:1:0,2008.0,2010.0,0,Hellegat,Paulina,baseline,0.14865522701452882,0.03156489133834839,True
Paulina:389:162:4,Paulina:1:0,2010.0,2011.0,0,Hellegat,Paulina,baseline,0.07048922102565819,0.20810785935071768,True
Paulina:389:162:4,Paulina:1:0,2011.0,2012.0,0,Hellegat,Paulina,baseline,0.06923102406406073,0.051752525568008426,True
Paulina:390:156:4,Paulina:1:0,2008.0,2010.0,0,Hellegat,Paulina,baseline,0.1465180559512081,0.01307644248008728,True
Paulina:390:156:4,Paulina:1:0,2010.0,2011.0,0,Hellegat,Paulina,baseline,0.06919471756847868,0.20699683366176497,True
Paulina:390:156:4,Paulina:1:0,2011.0,2012.0,0,Hellegat,Paulina,baseline,0.0679471380630086,0.03326407670974731,True
Paulina:355:173:4,Paulina:1:0,2008.0,2010.0,0,Hellegat,Paulina,baseline,0.16002997912001843,0.06510587930679321,True
Paulina:355:173:4,Paulina:1:0,2010.0,2011.0,1,Hellegat,Paulina,baseline,0.07750153945316575,0.21591222867540966,True
Paulina:336:86:4,Paulina:1:0,2008.0,2010.0,0,Hellegat,Paulina,baseline,0.1357429561383784,0.046261274814605714,True
Paulina:336:86:4,Paulina:1:0,2010.0,2011.0,0,Hellegat,Paulina,baseline,0.06279041146538006,0.25887618694984327,True
Paulina:336:86:4,Paulina:1:0,2011.0,2012.0,0,Hellegat,Paulina,baseline,0.061607150564109536,0.07134768962860108,True
Paulina:408:85:1,Paulina:1:0,1996.0,1998.0,1,Hellegat,Paulina,baseline,0.12463379127418688,0.10116582815242388,True
Paulina:408:85:3,Paulina:1:0,2001.0,2008.0,0,Hellegat,Paulina,baseline,0.372427041200386,0.10116582815242388,True
Paulina:408:85:3,Paulina:1:0,2008.0,2010.0,0,Hellegat,Paulina,baseline,0.10690197589410515,0.1638919614792799,True
Paulina:408:85:3,Paulina:1:0,2010.0,2011.0,0,Hellegat,Paulina,baseline,0.055536328818680966,0.1304449825412123,True
Paulina:408:85:3,Paulina:1:0,2011.0,2012.0,0,Hellegat,Paulina,baseline,0.055879362304842466,0.10823624505297362,True
Paulina:344:77:3,Paulina:1:0,2001.0,2008.0,0,Hellegat,Paulina,baseline,0.39024530586725514,0.04937543024797008,True
Paulina:344:77:3,Paulina:1:0,2008.0,2010.0,0,Hellegat,Paulina,baseline,0.11403986009823702,0.13118400665510324,True
Paulina:344:77:3,Paulina:1:0,2010.0,2011.0,0,Hellegat,Paulina,baseline,0.05922758463904761,0.11905897191841183,True
Paulina:344:77:3,Paulina:1:0,2011.0,2012.0,0,Hellegat,Paulina,baseline,0.059530234692228054,0.07452599479749351,True
Paulina:326:118:2,Paulina:1:0,1998.0,2001.0,0,Hellegat,Paulina,baseline,0.21447825661246597,0.03156489133834839,True
Paulina:326:118:2,Paulina:1:0,2001.0,2008.0,0,Hellegat,Paulina,baseline,0.3948078393826448,0.051752525568008426,True
Paulina:326:118:2,Paulina:1:0,2008.0,2010.0,0,Hellegat,Paulina,baseline,0.13207532112651846,0.08215991071562398,True
Paulina:326:118:2,Paulina:1:0,2010.0,2011.0,0,Hellegat,Paulina,baseline,0.06882034222572232,0.0985809672916862,True
Paulina:326:118:2,Paulina:1:0,2011.0,2012.0,0,Hellegat,Paulina,baseline,0.06906940140792632,0.1255912890773942,True
Paulina:363:92:2,Paulina:1:0,1998.0,2001.0,0,Hellegat,Paulina,baseline,0.19407796153258092,0.05732300877571106,True
Paulina:363:92:2,Paulina:1:0,2001.0,2008.0,0,Hellegat,Paulina,baseline,0.3543723492346607,0.07687861323356629,True
Paulina:363:92:2,Paulina:1:0,2008.0,2010.0,0,Hellegat,Paulina,baseline,0.11761942452873096,0.0828835427761078,True
Paulina:363:92:2,Paulina:1:0,2010.0,2011.0,0,Hellegat,Paulina,baseline,0.06128900923765353,0.06673903292047613,True
Paulina:363:92:2,Paulina:1:0,2011.0,2012.0,0,Hellegat,Paulina,baseline,0.06162570429316982,0.06673903292047613,True
Paulina:337:83:4,Paulina:1:0,2008.0,2010.0,0,Hellegat,Paulina,baseline,0.1357429561383784,0.047170415236881036,True
Paulina:337:83:4,Paulina:1:0,2010.0,2011.0,0,Hellegat,Paulina,baseline,0.06279041146538006,0.2589070713408733,True
Paulina:337:83:4,Paulina:1:0,2011.0,2012.0,0,Hellegat,Paulina,baseline,0.061607150564109536,0.07219885929821775,True
Paulina:418:347:4,Paulina:1:1,2008.0,2010.0,0,Hellegat,Paulina,baseline,0.20455410769443177,0.171258282661438,True
Paulina:418:347:4,Paulina:1:1,2010.0,2011.0,0,Hellegat,Paulina,baseline,0.10654331353974356,0.36505019968692454,True
Paulina:418:347:4,Paulina:1:1,2011.0,2012.0,0,Hellegat,Paulina,baseline,0.10524780586041986,0.2542176278723316,True
Paulina:431:322:5,Paulina:1:1,2010.0,2011.0,1,Hellegat,Paulina,baseline,0.10162422547134584,0.10733747482299805,True
Paulina:385:335:2,Paulina:1:1,1998.0,2001.0,0,Hellegat,Paulina,baseline,0.29498798426421474,0.2042458772659302,True
Paulina:385:335:2,Paulina:1:1,2001.0,2008.0,0,Hellegat,Paulina,baseline,0.5489176154865121,0.2819324080400946,True
Paulina:385:335:2,Paulina:1:1,2008.0,2010.0,0,Hellegat,Paulina,baseline,0.19361990002423615,0.24382014821324466,True
Paulina:385:335:2,Paulina:1:1,2010.0,2011.0,0,Hellegat,Paulina,baseline,0.10127819934025911,0.24278876134105615,True
Paulina:385:335:2,Paulina:1:1,2011.0,2012.0,0,Hellegat,Paulina,baseline,0.10098862782217163,0.23282246800963344,True
Paulina:379:334:5,Paulina:1:1,2010.0,2011.0,0,Hellegat,Paulina,baseline,0.11206868237512581,0.24059123992919923,True
Paulina:379:334:5,Paulina:1:1,2011.0,2012.0,0,Hellegat,Paulina,baseline,0.11237089034487258,0.5254591908018545,True
Paulina:446:371:4,Paulina:1:1,2008.0,2010.0,0,Hellegat,Paulina,baseline,0.20455410769443177,0.171258282661438,True
Paulina:446:371:4,Paulina:1:1,2010.0,2011.0,0,Hellegat,Paulina,baseline,0.10654331353974356,0.36505019968692454,True
Paulina:446:371:4,Paulina:1:1,2011.0,2012.0,0,Hellegat,Paulina,baseline,0.10524780586041986,0.2542176278723316,True
Paulina:403:337:1,Paulina:1:1,1996.0,1998.0,0,Hellegat,Paulina,baseline,0.20455410769443177,0.171258282661438,True
Paulina:403:337:1,Paulina:1:1,1998.0,2001.0,1,Hellegat,Paulina,baseline,0.2867849316826182,0.36505019968692454,True
Paulina:403:337:5,Paulina:1:1,2010.0,2011.0,0,Hellegat,Paulina,baseline,0.10812226605572879,0.171258282661438,True
Paulina:403:337:5,Paulina:1:1,2011.0,2012.0,0,Hellegat,Paulina,baseline,0.10779806622269164,0.4830932784511724,True
Paulina:390:336:5,Paulina:1:1,2010.0,2011.0,1,Hellegat,Paulina,baseline,0.10998189838786987,0.2042458772659302,True
Paulina:594:120:1,Paulina:2:0,1996.0,1998.0,0,Hellegat,Paulina,baseline,0.10714895137520715,0.6966013622466991,True
Paulina:594:120:1,Paulina:2:0,1998.0,2001.0,0,Hellegat,Paulina,baseline,0.13440080019897857,0.7352344398503008,True
Paulina:594:120:1,Paulina:2:0,2001.0,2008.0,0,Hellegat,Paulina,baseline,0.27931766871131525,0.7677846664196377,True
Paulina:594:120:1,Paulina:2:0,2008.0,2010.0,0,Hellegat,Paulina,baseline,0.09398299836937322,0.7387040597318073,True
Paulina:594:120:1,Paulina:2:0,2010.0,2011.0,0,Hellegat,Paulina,baseline,0.04900056740900679,0.7638540173815885,True
Paulina:594:120:1,Paulina:2:0,2011.0,2012.0,0,Hellegat,Paulina,baseline,0.049420416200323766,0.77624790587735,True
Paulina:668:186:1,Paulina:2:0,1996.0,1998.0,0,Hellegat,Paulina,baseline,0.11173732001113092,0.3023756562902764,True
Paulina:668:186:1,Paulina:2:0,1998.0,2001.0,0,Hellegat,Paulina,baseline,0.14093878010536856,0.4037254091227783,True
Paulina:668:186:1,Paulina:2:0,2001.0,2008.0,0,Hellegat,Paulina,baseline,0.2913219675048008,0.4041126457635914,True
Paulina:668:186:1,Paulina:2:0,2008.0,2010.0,0,Hellegat,Paulina,baseline,0.0981346197008423,0.3385503748364542,True
Paulina:668:186:1,Paulina:2:0,2010.0,2011.0,0,Hellegat,Paulina,baseline,0.05116920115761937,0.37732183327127755,True
Paulina:668:186:1,Paulina:2:0,2011.0,2012.0,0,Hellegat,Paulina,baseline,0.051582770695242385,0.40157661078153933,True
Paulina:584:138:1,Paulina:2:0,1996.0,1998.0,0,Hellegat,Paulina,baseline,0.11173732001113092,0.36875818726702325,True
Paulina:584:138:1,Paulina:2:0,1998.0,2001.0,0,Hellegat,Paulina,baseline,0.14093878010536856,0.4547686367121348,True
Paulina:584:138:1,Paulina:2:0,2001.0,2008.0,0,Hellegat,Paulina,baseline,0.2913219675048008,0.45463774720057054,True
Paulina:584:138:1,Paulina:2:0,2008.0,2010.0,0,Hellegat,Paulina,baseline,0.0981346197008423,0.3975143726527038,True
Paulina:584:138:1,Paulina:2:0,2010.0,2011.0,0,Hellegat,Paulina,baseline,0.05116920115761937,0.4308285577816851,True
Paulina:584:138:1,Paulina:2:0,2011.0,2012.0,0,Hellegat,Paulina,baseline,0.051582770695242385,0.45223991244679357,True
Paulina:660:338:4,Paulina:2:1,2008.0,2010.0,0,Hellegat,Paulina,baseline,0.1465180559512081,0.01307644248008728,True
Paulina:660:338:4,Paulina:2:1,2010.0,2011.0,0,Hellegat,Paulina,baseline,0.06919471756847868,0.20699683366176497,True
Paulina:660:338:4,Paulina:2:1,2011.0,2012.0,0,Hellegat,Paulina,baseline,0.0679471380630086,0.03326407670974731,True
Paulina:607:327:5,Paulina:2:1,2010.0,2011.0,0,Hellegat,Paulina,baseline,0.07975462139473338,0.09299675822257995,True
Paulina:607:327:5,Paulina:2:1,2011.0,2012.0,0,Hellegat,Paulina,baseline,0.07548455889264657,0.32018944374540503,True
Paulina:643:390:2,Paulina:2:1,1998.0,2001.0,1,Hellegat,Paulina,baseline,0.23624703032598546,0.03839975595474243,True
Paulina:643:390:4,Paulina:2:1,2008.0,2010.0,0,Hellegat,Paulina,baseline,0.16445737939158273,0.03839975595474243,True
Paulina:643:390:4,Paulina:2:1,2010.0,2011.0,0,Hellegat,Paulina,baseline,0.08028291605051605,0.22427068463811123,True
Paulina:643:390:4,Paulina:2:1,2011.0,2012.0,0,Hellegat,Paulina,baseline,0.07896816332513583,0.10812773704528808,True
Paulina:608:369:5,Paulina:2:1,2010.0,2011.0,1,Hellegat,Paulina,baseline,0.08591979530873918,0.03839975595474243,True
Paulina:673:390:4,Paulina:2:1,2008.0,2010.0,0,Hellegat,Paulina,baseline,0.157601434115977,0.08430570363998413,True
Paulina:673:390:4,Paulina:2:1,2010.0,2011.0,0,Hellegat,Paulina,baseline,0.0759878228170742,0.2156785475379966,True
Paulina:673:390:4,Paulina:2:1,2011.0,2012.0,0,Hellegat,Paulina,baseline,0.07469289199836887,0.12302143573760986,True
Paulina:620:333:1,Paulina:2:1,1996.0,1998.0,0,Hellegat,Paulina,baseline,0.15314844315564954,0.09299675822257995,True
Paulina:620:333:1,Paulina:2:1,1998.0,2001.0,0,Hellegat,Paulina,baseline,0.204008223098302,0.21588883438431222,True
Paulina:620:333:1,Paulina:2:1,2001.0,2008.0,0,Hellegat,Paulina,baseline,0.4019303609261229,0.10682401061058044,True
Paulina:620:333:1,Paulina:2:1,2008.0,2010.0,0,Hellegat,Paulina,baseline,0.13727493464072454,0.13547333901108866,True
Paulina:620:333:1,Paulina:2:1,2010.0,2011.0,0,Hellegat,Paulina,baseline,0.07161799409572564,0.12553934435820402,True
Paulina:620:333:1,Paulina:2:1,2011.0,2012.0,0,Hellegat,Paulina,baseline,0.07185709351883678,0.1136670989735239,True
Paulina:580:323:1,Paulina:2:1,1996.0,1998.0,0,Hellegat,Paulina,baseline,0.157601434115977,0.08430570363998413,True
Paulina:580:323:1,Paulina:2:1,1998.0,2001.0,1,Hellegat,Paulina,baseline,0.21107978582936662,0.2156785475379966,True
Paulina:580:323:4,Paulina:2:1,2008.0,2010.0,0,Hellegat,Paulina,baseline,0.157601434115977,0.08430570363998413,True
Paulina:580:323:4,Paulina:2:1,2010.0,2011.0,0,Hellegat,Paulina,baseline,0.0759878228170742,0.2156785475379966,True
Paulina:580:323:4,Paulina:2:1,2011.0,2012.0,0,Hellegat,Paulina,baseline,0.07469289199836887,0.12302143573760986,True
Paulina:655:324:1,Paulina:2:1,1996.0,1998.0,1,Hellegat,Paulina,baseline,0.14416688764014382,0.012720763683319092,True
Paulina:655:324:4,Paulina:2:1,2008.0,2010.0,0,Hellegat,Paulina,baseline,0.14416688764014382,0.012720763683319092,True
Paulina:655:324:4,Paulina:2:1,2010.0,2011.0,0,Hellegat,Paulina,baseline,0.06777955685760181,0.22040948851767136,True
Paulina:655:324:4,Paulina:2:1,2011.0,2012.0,0,Hellegat,Paulina,baseline,0.06654447757446298,0.02563931941986084,True
Paulina:595:424:1,Paulina:2:1,1996.0,1998.0,1,Hellegat,Paulina,baseline,0.18361099059351577,0.06877974271774293,True
Paulina:656:407:3,Paulina:2:1,2001.0,2008.0,0,Hellegat,Paulina,baseline,0.4724802683359247,0.057599544525146484,True
Paulina:656:407:3,Paulina:2:1,2008.0,2010.0,0,Hellegat,Paulina,baseline,0.1509546802355459,0.11596991008997666,True
Paulina:656:407:3,Paulina:2:1,2010.0,2011.0,0,Hellegat,Paulina,baseline,0.07839637731575408,0.09869213372863493,True
Paulina:656:407:3,Paulina:2:1,2011.0,2012.0,0,Hellegat,Paulina,baseline,0.07840610059213075,0.09941637637609327,True
Paulina:675:386:5,Paulina:2:1,2010.0,2011.0,0,Hellegat,Paulina,baseline,0.08217726881274996,0.08430570363998413,True
Paulina:675:386:5,Paulina:2:1,2011.0,2012.0,0,Hellegat,Paulina,baseline,0.07818567334608818,0.3090800183586006,True
Paulina:598:324:4,Paulina:2:1,2008.0,2010.0,0,Hellegat,Paulina,baseline,0.1552023736752288,0.10362418889999389,True
Paulina:598:324:4,Paulina:2:1,2010.0,2011.0,0,Hellegat,Paulina,baseline,0.07450107884054426,0.2173731194498311,True
Paulina:598:324:4,Paulina:2:1,2011.0,2012.0,0,Hellegat,Paulina,baseline,0.07321477452917802,0.11658194065093994,True
Paulina:639:411:3,Paulina:2:1,2001.0,2008.0,1,Hellegat,Paulina,baseline,0.4794639211685814,0.07988089323043823,True
Paulina:639:411:5,Paulina:2:1,2010.0,2011.0,1,Hellegat,Paulina,baseline,0.0890532796506637,0.07988089323043823,True
Paulina:613:330:4,Paulina:2:1,2008.0,2010.0,0,Hellegat,Paulina,baseline,0.15314844315564954,0.09299675822257995,True
Paulina:613:330:4,Paulina:2:1,2010.0,2011.0,0,Hellegat,Paulina,baseline,0.07323520674711186,0.21588883438431222,True
Paulina:613:330:4,Paulina:2:1,2011.0,2012.0,0,Hellegat,Paulina,baseline,0.07195700919561829,0.10682401061058044,True
Paulina:650:616:2,Paulina:2:2,1998.0,2001.0,1,Hellegat,Paulina,baseline,0.32690587780452346,0.4304171323776245,True
Paulina:650:616:4,Paulina:2:2,2008.0,2010.0,0,Hellegat,Paulina,baseline,0.23195995322954582,0.4304171323776245,True
Paulina:650:616:4,Paulina:2:2,2010.0,2011.0,0,Hellegat,Paulina,baseline,0.1253342221310327,0.5402618954934282,True
Paulina:650:616:4,Paulina:2:2,2011.0,2012.0,0,Hellegat,Paulina,baseline,0.12416535842037177,0.4839040098040379,True
Paulina:644:609:3,Paulina:2:2,2001.0,2008.0,0,Hellegat,Paulina,baseline,0.6029515281331472,0.4304171323776245,True
Paulina:644:609:3,Paulina:2:2,2008.0,2010.0,0,Hellegat,Paulina,baseline,0.22432526550970214,0.46158594666588904,True
Paulina:644:609:3,Paulina:2:2,2010.0,2011.0,0,Hellegat,Paulina,baseline,0.11743110669629302,0.4483005474023508,True
Paulina:644:609:3,Paulina:2:2,2011.0,2012.0,0,Hellegat,Paulina,baseline,0.11665172045070067,0.437606065524675,True
Paulina:691:596:4,Paulina:2:2,2008.0,2010.0,1,Hellegat,Paulina,baseline,0.214689622408313,0.27061588764190675,True
Paulina:893:442:4,Paulina:3:1,2008.0,2010.0,0,Hellegat,Paulina,baseline,0.13397847212217415,0.05732300877571106,True
Paulina:893:442:4,Paulina:3:1,2010.0,2011.0,0,Hellegat,Paulina,baseline,0.061762291408921303,0.26331561534939174,True
Paulina:893:442:4,Paulina:3:1,2011.0,2012.0,0,Hellegat,Paulina,baseline,0.06059127637662231,0.07687861323356629,True
Paulina:842:380:4,Paulina:3:1,2008.0,2010.0,0,Hellegat,Paulina,baseline,0.128256926323662,0.04906634986400604,True
Paulina:842:380:4,Paulina:3:1,2010.0,2011.0,0,Hellegat,Paulina,baseline,0.05847144433115508,0.2822629618396215,True
Paulina:842:380:4,Paulina:3:1,2011.0,2012.0,0,Hellegat,Paulina,baseline,0.05734340417782102,0.07569347396492958,True
Paulina:839:361:5,Paulina:3:1,2010.0,2011.0,0,Hellegat,Paulina,baseline,0.06438992698570568,0.08355511352419853,True
Paulina:839:361:5,Paulina:3:1,2011.0,2012.0,0,Hellegat,Paulina,baseline,0.058794020533079576,0.5556351589759574,True
Paulina:873:433:4,Paulina:3:1,2008.0,2010.0,0,Hellegat,Paulina,baseline,0.1357429561383784,0.046261274814605714,True
Paulina:873:433:4,Paulina:3:1,2010.0,2011.0,0,Hellegat,Paulina,baseline,0.06279041146538006,0.25887618694984327,True
Paulina:873:433:4,Paulina:3:1,2011.0,2012.0,0,Hellegat,Paulina,baseline,0.061607150564109536,0.07134768962860108,True
Paulina:863:416:4,Paulina:3:1,2008.0,2010.0,0,Hellegat,Paulina,baseline,0.13397847212217415,0.05732300877571106,True
Paulina:863:416:4,Paulina:3:1,2010.0,2011.0,0,Hellegat,Paulina,baseline,0.061762291408921303,0.26331561534939174,True
Paulina:863:416:4,Paulina:3:1,2011.0,2012.0,0,Hellegat,Paulina,baseline,0.06059127637662231,0.07687861323356629,True
Paulina:913:436:1,Paulina:3:1,1996.0,1998.0,0,Hellegat,Paulina,baseline,0.130009603211858,0.030933231115341187,True
Paulina:913:436:1,Paulina:3:1,1998.0,2001.0,0,Hellegat,Paulina,baseline,0.16801659680092654,0.2742602571450707,True
Paulina:913:436:1,Paulina:3:1,2001.0,2008.0,0,Hellegat,Paulina,baseline,0.3399477856282587,0.1573629825424391,True
Paulina:913:436:1,Paulina:3:1,2008.0,2010.0,0,Hellegat,Paulina,baseline,0.11506826934687595,0.03998364210128784,True
Paulina:913:436:1,Paulina:3:1,2010.0,2011.0,0,Hellegat,Paulina,baseline,0.06000766573136069,0.09394558684144971,True
Paulina:913:436:1,Paulina:3:1,2011.0,2012.0,0,Hellegat,Paulina,baseline,0.06036799429542167,0.14278622758522191,True
Paulina:895:411:1,Paulina:3:1,1996.0,1998.0,0,Hellegat,Paulina,baseline,0.128256926323662,0.04906634986400604,True
Paulina:895:411:1,Paulina:3:1,1998.0,2001.0,0,Hellegat,Paulina,baseline,0.16535751218112202,0.2822629618396215,True
Paulina:895:411:1,Paulina:3:1,2001.0,2008.0,0,Hellegat,Paulina,baseline,0.33524934794617783,0.1665229069878793,True
Paulina:895:411:1,Paulina:3:1,2008.0,2010.0,0,Hellegat,Paulina,baseline,0.11341873889096298,0.04846006664940191,True
Paulina:895:411:1,Paulina:3:1,2010.0,2011.0,0,Hellegat,Paulina,baseline,0.05914663662629553,0.09857003259791167,True
Paulina:895:411:1,Paulina:3:1,2011.0,2012.0,0,Hellegat,Paulina,baseline,0.05951387383622606,0.15221985713094804,True
Paulina:895:392:4,Paulina:3:1,2008.0,2010.0,0,Hellegat,Paulina,baseline,0.12463379127418688,0.08355511352419853,True
Paulina:895:392:4,Paulina:3:1,2010.0,2011.0,0,Hellegat,Paulina,baseline,0.05642311099948727,0.2944754863936473,True
Paulina:895:392:4,Paulina:3:1,2011.0,2012.0,0,Hellegat,Paulina,baseline,0.055324814079496486,0.10255748555064201,True
Paulina:874:626:2,Paulina:3:2,1998.0,2001.0,0,Hellegat,Paulina,baseline,0.25490808427073336,0.05823180675506592,True
Paulina:874:626:2,Paulina:3:2,2001.0,2008.0,1,Hellegat,Paulina,baseline,0.4740206491946991,0.09035007953643799,True
Paulina:874:626:5,Paulina:3:2,2010.0,2011.0,0,Hellegat,Paulina,baseline,0.09342594953321857,0.05823180675506592,True
Paulina:874:626:5,Paulina:3:2,2011.0,2012.0,0,Hellegat,Paulina,baseline,0.0908982921598289,0.36195368998434235,True
Paulina:869:636:5,Paulina:3:2,2010.0,2011.0,1,Hellegat,Paulina,baseline,0.09645752207962895,0.06877974271774293,True
Paulina:929:628:1,Paulina:3:2,1996.0,1998.0,0,Hellegat,Paulina,baseline,0.16701030045248902,0.057599544525146484,True
Paulina:929:628:1,Paulina:3:2,1998.0,2001.0,0,Hellegat,Paulina,baseline,0.22612406632910953,0.23592429013379893,True
Paulina:929:628:1,Paulina:3:2,2001.0,2008.0,0,Hellegat,Paulina,baseline,0.4385361632292899,0.13309547901153565,True
Paulina:929:628:1,Paulina:3:2,2008.0,2010.0,0,Hellegat,Paulina,baseline,0.15091589433922703,0.12274999226036196,True
Paulina:929:628:1,Paulina:3:2,2010.0,2011.0,0,Hellegat,Paulina,baseline,0.07878008177562186,0.10210331767899246,True
Paulina:929:628:1,Paulina:3:2,2011.0,2012.0,0,Hellegat,Paulina,baseline,0.07892348579442987,0.08556198241066018,True
Paulina:933:629:1,Paulina:3:2,1996.0,1998.0,0,Hellegat,Paulina,baseline,0.16701030045248902,0.057599544525146484,True
Paulina:933:629:1,Paulina:3:2,1998.0,2001.0,0,Hellegat,Paulina,baseline,0.22612406632910953,0.23592429013379893,True
Paulina:933:629:1,Paulina:3:2,2001.0,2008.0,0,Hellegat,Paulina,baseline,0.4385361632292899,0.13309547901153565,True
Paulina:933:629:1,Paulina:3:2,2008.0,2010.0,0,Hellegat,Paulina,baseline,0.15091589433922703,0.12274999226036196,True
Paulina:933:629:1,Paulina:3:2,2010.0,2011.0,0,Hellegat,Paulina,baseline,0.07878008177562186,0.10210331767899246,True
Paulina:933:629:1,Paulina:3:2,2011.0,2012.0,0,Hellegat,Paulina,baseline,0.07892348579442987,0.08556198241066018,True
Paulina:881:625:1,Paulina:3:2,1996.0,1998.0,1,Hellegat,Paulina,baseline,0.17812349102025368,0.05823180675506592,True
Paulina:881:625:4,Paulina:3:2,2008.0,2010.0,0,Hellegat,Paulina,baseline,0.17812349102025368,0.05823180675506592,True
Paulina:881:625:4,Paulina:3:2,2010.0,2011.0,0,Hellegat,Paulina,baseline,0.08903182974732891,0.267538033069584,True
Paulina:881:625:4,Paulina:3:2,2011.0,2012.0,0,Hellegat,Paulina,baseline,0.08769850833930151,0.09035007953643799,True
Paulina:947:675:5,Paulina:3:2,2010.0,2011.0,0,Hellegat,Paulina,baseline,0.0919877434152261,0.06431574821472168,True
Paulina:947:675:5,Paulina:3:2,2011.0,2012.0,0,Hellegat,Paulina,baseline,0.0892595827422192,0.3489524753989729,True
Paulina:957:626:4,Paulina:3:2,2008.0,2010.0,0,Hellegat,Paulina,baseline,0.1622106015244228,0.044128131866455075,True
Paulina:957:626:4,Paulina:3:2,2010.0,2011.0,1,Hellegat,Paulina,baseline,0.078868024696938,0.21556237093787906,True
Paulina:907:640:1,Paulina:3:2,1996.0,1998.0,1,Hellegat,Paulina,baseline,0.17551374189182672,0.06431574821472168,True
Paulina:901:638:1,Paulina:3:2,1996.0,1998.0,1,Hellegat,Paulina,baseline,0.17551374189182672,0.06431574821472168,True
Paulina:901:638:4,Paulina:3:2,2008.0,2010.0,0,Hellegat,Paulina,baseline,0.17551374189182672,0.06431574821472168,True
Paulina:901:638:4,Paulina:3:2,2010.0,2011.0,0,Hellegat,Paulina,baseline,0.08734313591858606,0.260188051609897,True
Paulina:901:638:4,Paulina:3:2,2011.0,2012.0,0,Hellegat,Paulina,baseline,0.08601125365390204,0.08426613807678222,True
Paulina:860:590:4,Paulina:3:2,2008.0,2010.0,0,Hellegat,Paulina,baseline,0.17286332802848506,0.07897231578826905,True
Paulina:860:590:4,Paulina:3:2,2010.0,2011.0,0,Hellegat,Paulina,baseline,0.0856365289003955,0.25512571415038726,True
Paulina:860:590:4,Paulina:3:2,2011.0,2012.0,0,Hellegat,Paulina,baseline,0.08430710514309729,0.09054751396179199,True
Paulina:860:598:1,Paulina:3:2,1996.0,1998.0,1,Hellegat,Paulina,baseline,0.17551374189182672,0.06431574821472168,True
Paulina:860:598:4,Paulina:3:2,2008.0,2010.0,0,Hellegat,Paulina,baseline,0.17551374189182672,0.06431574821472168,True
Paulina:860:598:4,Paulina:3:2,2010.0,2011.0,0,Hellegat,Paulina,baseline,0.08734313591858606,0.260188051609897,True
Paulina:860:598:4,Paulina:3:2,2011.0,2012.0,0,Hellegat,Paulina,baseline,0.08601125365390204,0.08426613807678222,True
Paulina:877:683:4,Paulina:3:2,2008.0,2010.0,0,Hellegat,Paulina,baseline,0.19292096774004072,0.10733747482299805,True
Paulina:877:683:4,Paulina:3:2,2010.0,2011.0,0,Hellegat,Paulina,baseline,0.0987502199070162,0.31578658150720174,True
Paulina:877:683:4,Paulina:3:2,2011.0,2012.0,0,Hellegat,Paulina,baseline,0.09742678106018869,0.16936192512512208,True
Paulina:849:654:5,Paulina:3:2,2010.0,2011.0,0,Hellegat,Paulina,baseline,0.10162422547134584,0.10733747482299805,True
Paulina:849:654:5,Paulina:3:2,2011.0,2012.0,0,Hellegat,Paulina,baseline,0.1002959357896286,0.4333598873855366,True
Paulina:846:582:1,Paulina:3:2,1996.0,1998.0,1,Hellegat,Paulina,baseline,0.17286332802848506,0.07897231578826905,True
Paulina:846:582:4,Paulina:3:2,2008.0,2010.0,0,Hellegat,Paulina,baseline,0.17286332802848506,0.07897231578826905,True
Paulina:846:582:4,Paulina:3:2,2010.0,2011.0,0,Hellegat,Paulina,baseline,0.0856365289003955,0.25512571415038726,True
Paulina:846:582:4,Paulina:3:2,2011.0,2012.0,0,Hellegat,Paulina,baseline,0.08430710514309729,0.09054751396179199,True
Paulina:902:653:5,Paulina:3:2,2010.0,2011.0,0,Hellegat,Paulina,baseline,0.09502413265338969,0.06293292045593261,True
Paulina:902:653:5,Paulina:3:2,2011.0,2012.0,0,Hellegat,Paulina,baseline,0.09272306014675834,0.37670341583346134,True
Paulina:901:687:5,Paulina:3:2,2010.0,2011.0,0,Hellegat,Paulina,baseline,0.09803428111103667,0.08774253129959106,True
Paulina:901:687:5,Paulina:3:2,2011.0,2012.0,0,Hellegat,Paulina,baseline,0.09616998037032767,0.4050735837443238,True
Paulina:906:606:1,Paulina:3:2,1996.0,1998.0,0,Hellegat,Paulina,baseline,0.16701030045248902,0.057599544525146484,True
Paulina:906:606:1,Paulina:3:2,1998.0,2001.0,0,Hellegat,Paulina,baseline,0.22612406632910953,0.23592429013379893,True
Paulina:906:606:1,Paulina:3:2,2001.0,2008.0,0,Hellegat,Paulina,baseline,0.4385361632292899,0.13309547901153565,True
Paulina:906:606:1,Paulina:3:2,2008.0,2010.0,0,Hellegat,Paulina,baseline,0.15091589433922703,0.12274999226036196,True
Paulina:906:606:1,Paulina:3:2,2010.0,2011.0,0,Hellegat,Paulina,baseline,0.07878008177562186,0.10210331767899246,True
Paulina:906:606:1,Paulina:3:2,2011.0,2012.0,0,Hellegat,Paulina,baseline,0.07892348579442987,0.08556198241066018,True
Paulina:845:629:1,Paulina:3:2,1996.0,1998.0,1,Hellegat,Paulina,baseline,0.18645784194911558,0.08774253129959106,True
Paulina:845:629:4,Paulina:3:2,2008.0,2010.0,0,Hellegat,Paulina,baseline,0.18645784194911558,0.08774253129959106,True
Paulina:845:629:4,Paulina:3:2,2010.0,2011.0,1,Hellegat,Paulina,baseline,0.0944767722372144,0.2899987623775057,True
Paulina:847:643:2,Paulina:3:2,1998.0,2001.0,1,Hellegat,Paulina,baseline,0.27036983850872853,0.10006840229034424,True
Paulina:840:602:1,Paulina:3:2,1996.0,1998.0,1,Hellegat,Paulina,baseline,0.1810186795202504,0.06293292045593261,True
Paulina:840:602:5,Paulina:3:2,2010.0,2011.0,1,Hellegat,Paulina,baseline,0.09502413265338969,0.06293292045593261,True
Paulina:895:632:3,Paulina:3:2,2001.0,2008.0,0,Hellegat,Paulina,baseline,0.4910888391034773,0.06431574821472168,True
Paulina:895:632:3,Paulina:3:2,2008.0,2010.0,0,Hellegat,Paulina,baseline,0.16025104552217428,0.1197617926630526,True
Paulina:895:632:3,Paulina:3:2,2010.0,2011.0,0,Hellegat,Paulina,baseline,0.08326052831087778,0.09880713340007678,True
Paulina:895:632:3,Paulina:3:2,2011.0,2012.0,0,Hellegat,Paulina,baseline,0.08318076259998877,0.08122419185080841,True
Paulina:869:692:5,Paulina:3:2,2010.0,2011.0,1,Hellegat,Paulina,baseline,0.10325111361939683,0.11350040435791016,True
Paulina:920:673:4,Paulina:3:2,2008.0,2010.0,0,Hellegat,Paulina,baseline,0.1810186795202504,0.06293292045593261,True
Paulina:920:673:4,Paulina:3:2,2010.0,2011.0,0,Hellegat,Paulina,baseline,0.0909145081754165,0.2771658720955452,True
Paulina:920:673:4,Paulina:3:2,2011.0,2012.0,0,Hellegat,Paulina,baseline,0.08958073610043112,0.102596914768219,True
Paulina:957:833:1,Paulina:3:3,1996.0,1998.0,0,Hellegat,Paulina,baseline,0.20786777880274002,0.2042458772659302,True
Paulina:957:833:1,Paulina:3:3,1998.0,2001.0,0,Hellegat,Paulina,baseline,0.2921399360016049,0.3821212796513201,True
Paulina:957:833:1,Paulina:3:3,2001.0,2008.0,0,Hellegat,Paulina,baseline,0.5410500427822611,0.29151065578709934,True
Paulina:957:833:1,Paulina:3:3,2008.0,2010.0,0,Hellegat,Paulina,baseline,0.19229912501891297,0.24278876134105615,True
Paulina:957:833:1,Paulina:3:3,2010.0,2011.0,0,Hellegat,Paulina,baseline,0.1007411947385776,0.20935708580690932,True
Paulina:957:833:1,Paulina:3:3,2011.0,2012.0,0,Hellegat,Paulina,baseline,0.10053006746094739,0.1925623705626383,True
Paulina:1117:676:1,Paulina:4:2,1996.0,1998.0,0,Hellegat,Paulina,baseline,0.1465180559512081,0.01307644248008728,True
Paulina:1117:676:1,Paulina:4:2,1998.0,2001.0,1,Hellegat,Paulina,baseline,0.19355172389409553,0.20699683366176497,True
Paulina:1117:676:4,Paulina:4:2,2008.0,2010.0,0,Hellegat,Paulina,baseline,0.1465180559512081,0.01307644248008728,True
Paulina:1117:676:4,Paulina:4:2,2010.0,2011.0,0,Hellegat,Paulina,baseline,0.06919471756847868,0.20699683366176497,True
Paulina:1117:676:4,Paulina:4:2,2011.0,2012.0,0,Hellegat,Paulina,baseline,0.0679471380630086,0.03326407670974731,True
Paulina:1096:641:2,Paulina:4:2,1998.0,2001.0,0,Hellegat,Paulina,baseline,0.20825810154299734,0.012720763683319092,True
Paulina:1096:641:2,Paulina:4:2,2001.0,2008.0,0,Hellegat,Paulina,baseline,0.38247377527975057,0.02563931941986084,True
Paulina:1096:641:2,Paulina:4:2,2008.0,2010.0,0,Hellegat,Paulina,baseline,0.12761277713494318,0.06552992633181663,True
Paulina:1096:641:2,Paulina:4:2,2010.0,2011.0,0,Hellegat,Paulina,baseline,0.06649341675603361,0.07161604366616807,True
Paulina:1096:641:2,Paulina:4:2,2011.0,2012.0,0,Hellegat,Paulina,baseline,0.06677177479894159,0.09834255034589832,True
Paulina:1112:606:4,Paulina:4:2,2008.0,2010.0,0,Hellegat,Paulina,baseline,0.1357429561383784,0.046261274814605714,True
Paulina:1112:606:4,Paulina:4:2,2010.0,2011.0,0,Hellegat,Paulina,baseline,0.06279041146538006,0.25887618694984327,True
Paulina:1112:606:4,Paulina:4:2,2011.0,2012.0,0,Hellegat,Paulina,baseline,0.061607150564109536,0.07134768962860108,True
Paulina:1111:609:4,Paulina:4:2,2008.0,2010.0,0,Hellegat,Paulina,baseline,0.1357429561383784,0.046261274814605714,True
Paulina:1111:609:4,Paulina:4:2,2010.0,2011.0,0,Hellegat,Paulina,baseline,0.06279041146538006,0.25887618694984327,True
Paulina:1111:609:4,Paulina:4:2,2011.0,2012.0,0,Hellegat,Paulina,baseline,0.061607150564109536,0.07134768962860108,True
Paulina:1114:586:1,Paulina:4:2,1996.0,1998.0,0,Hellegat,Paulina,baseline,0.13180804372480692,0.04918502867221832,True
Paulina:1114:586:1,Paulina:4:2,1998.0,2001.0,0,Hellegat,Paulina,baseline,0.17075679089727985,0.2687558756545855,True
Paulina:1114:586:1,Paulina:4:2,2001.0,2008.0,0,Hellegat,Paulina,baseline,0.3447722804500364,0.1523921143339398,True
Paulina:1114:586:1,Paulina:4:2,2008.0,2010.0,0,Hellegat,Paulina,baseline,0.11676603334421998,0.055664328914567296,True
Paulina:1114:586:1,Paulina:4:2,2010.0,2011.0,0,Hellegat,Paulina,baseline,0.06089395655407107,0.09718966551040271,True
Paulina:1114:586:1,Paulina:4:2,2011.0,2012.0,0,Hellegat,Paulina,baseline,0.06124685489729064,0.13799841818763509,True
Paulina:1100:604:4,Paulina:4:2,2008.0,2010.0,0,Hellegat,Paulina,baseline,0.1357429561383784,0.046261274814605714,True
Paulina:1100:604:4,Paulina:4:2,2010.0,2011.0,0,Hellegat,Paulina,baseline,0.06279041146538006,0.25887618694984327,True
Paulina:1100:604:4,Paulina:4:2,2011.0,2012.0,0,Hellegat,Paulina,baseline,0.061607150564109536,0.07134768962860108,True
Paulina:1119:614:4,Paulina:4:2,2008.0,2010.0,0,Hellegat,Paulina,baseline,0.1357429561383784,0.046261274814605714,True
Paulina:1119:614:4,Paulina:4:2,2010.0,2011.0,0,Hellegat,Paulina,baseline,0.06279041146538006,0.25887618694984327,True
Paulina:1119:614:4,Paulina:4:2,2011.0,2012.0,0,Hellegat,Paulina,baseline,0.061607150564109536,0.07134768962860108,True
Paulina:1091:629:4,Paulina:4:2,2008.0,2010.0,0,Hellegat,Paulina,baseline,0.1420466667810018,0.01236531138420105,True
Paulina:1091:629:4,Paulina:4:2,2010.0,2011.0,0,Hellegat,Paulina,baseline,0.06651165827287421,0.23214213081941706,True
Paulina:1091:629:4,Paulina:4:2,2011.0,2012.0,0,Hellegat,Paulina,baseline,0.06528858723470572,0.03199970126152039,True
Paulina:1098:854:4,Paulina:4:3,2008.0,2010.0,0,Hellegat,Paulina,baseline,0.18361099059351577,0.06877974271774293,True
Paulina:1098:854:4,Paulina:4:3,2010.0,2011.0,0,Hellegat,Paulina,baseline,0.09260826450580874,0.2821753459516484,True
Paulina:1098:854:4,Paulina:4:3,2011.0,2012.0,0,Hellegat,Paulina,baseline,0.09127508717697466,0.1084437370300293,True
Paulina:1089:936:1,Paulina:4:3,1996.0,1998.0,1,Hellegat,Paulina,baseline,0.19844272311707062,0.11891264915466308,True
Paulina:1110:880:1,Paulina:4:3,1996.0,1998.0,0,Hellegat,Paulina,baseline,0.18645784194911558,0.08774253129959106,True
Paulina:1110:880:1,Paulina:4:3,1998.0,2001.0,0,Hellegat,Paulina,baseline,0.2574960217233139,0.2899987623775057,True
Paulina:1110:880:1,Paulina:4:3,2001.0,2008.0,0,Hellegat,Paulina,baseline,0.48852378601565527,0.16007790565490723,True
Paulina:1110:880:1,Paulina:4:3,2008.0,2010.0,0,Hellegat,Paulina,baseline,0.17041460068162959,0.11939939470522201,True
Paulina:1110:880:1,Paulina:4:3,2010.0,2011.0,0,Hellegat,Paulina,baseline,0.08907761168822748,0.10330615864159107,True
Paulina:1110:880:1,Paulina:4:3,2011.0,2012.0,0,Hellegat,Paulina,baseline,0.089063813978885,0.08226330408272622,True
Paulina:1099:914:4,Paulina:4:3,2008.0,2010.0,0,Hellegat,Paulina,baseline,0.1958414347751481,0.11350040435791016,True
Paulina:1099:914:4,Paulina:4:3,2010.0,2011.0,1,Hellegat,Paulina,baseline,0.10069485334485342,0.3303064461242413,True
Paulina:1097:865:1,Paulina:4:3,1996.0,1998.0,1,Hellegat,Paulina,baseline,0.18645784194911558,0.08774253129959106,True
Paulina:1097:865:4,Paulina:4:3,2008.0,2010.0,0,Hellegat,Paulina,baseline,0.18645784194911558,0.08774253129959106,True
Paulina:1097:865:4,Paulina:4:3,2010.0,2011.0,0,Hellegat,Paulina,baseline,0.0944767722372144,0.2899987623775057,True
Paulina:1097:865:4,Paulina:4:3,2011.0,2012.0,0,Hellegat,Paulina,baseline,0.09314532296558965,0.12740652561187743,True
Paulina:1091:917:5,Paulina:4:3,2010.0,2011.0,0,Hellegat,Paulina,baseline,0.10325111361939683,0.11350040435791016,True
Paulina:1091:917:5,Paulina:4:3,2011.0,2012.0,0,Hellegat,Paulina,baseline,0.10217046334846179,0.4434203678207294,True
Paulina:1120:870:4,Paulina:4:3,2008.0,2010.0,0,Hellegat,Paulina,baseline,0.1810186795202504,0.06293292045593261,True
Paulina:1120:870:4,Paulina:4:3,2010.0,2011.0,0,Hellegat,Paulina,baseline,0.0909145081754165,0.2771658720955452,True
Paulina:1120:870:4,Paulina:4:3,2011.0,2012.0,0,Hellegat,Paulina,baseline,0.08958073610043112,0.102596914768219,True
Paulina:1094:936:5,Paulina:4:3,2010.0,2011.0,0,Hellegat,Paulina,baseline,0.10470268799525073,0.11891264915466308,True
Paulina:1094:936:5,Paulina:4:3,2011.0,2012.0,0,Hellegat,Paulina,baseline,0.10384525824800436,0.4526358583390471,True
Paulina:1111:874:4,Paulina:4:3,2008.0,2010.0,0,Hellegat,Paulina,baseline,0.18361099059351577,0.06877974271774293,True
Paulina:1111:874:4,Paulina:4:3,2010.0,2011.0,0,Hellegat,Paulina,baseline,0.09260826450580874,0.2821753459516484,True
Paulina:1111:874:4,Paulina:4:3,2011.0,2012.0,0,Hellegat,Paulina,baseline,0.09127508717697466,0.1084437370300293,True
Paulina:1115:927:1,Paulina:4:3,1996.0,1998.0,0,Hellegat,Paulina,baseline,0.19292096774004072,0.10733747482299805,True
Paulina:1115:927:1,Paulina:4:3,1998.0,2001.0,1,Hellegat,Paulina,baseline,0.2679588151561968,0.31578658150720174,True
Paulina:1115:927:4,Paulina:4:3,2008.0,2010.0,0,Hellegat,Paulina,baseline,0.19292096774004072,0.10733747482299805,True
Paulina:1115:927:4,Paulina:4:3,2010.0,2011.0,0,Hellegat,Paulina,baseline,0.0987502199070162,0.31578658150720174,True
Paulina:1115:927:4,Paulina:4:3,2011.0,2012.0,0,Hellegat,Paulina,baseline,0.09742678106018869,0.16936192512512208,True
Paulina:1121:945:1,Paulina:4:3,1996.0,1998.0,1,Hellegat,Paulina,baseline,0.1958414347751481,0.11350040435791016,True
Paulina:1121:945:5,Paulina:4:3,2010.0,2011.0,0,Hellegat,Paulina,baseline,0.10325111361939683,0.11350040435791016,True
Paulina:1121:945:5,Paulina:4:3,2011.0,2012.0,0,Hellegat,Paulina,baseline,0.10217046334846179,0.4434203678207294,True
Paulina:1094:938:5,Paulina:4:3,2010.0,2011.0,0,Hellegat,Paulina,baseline,0.10470268799525073,0.11891264915466308,True
Paulina:1094:938:5,Paulina:4:3,2011.0,2012.0,0,Hellegat,Paulina,baseline,0.10384525824800436,0.4526358583390471,True
Paulina:1108:877:1,Paulina:4:3,1996.0,1998.0,0,Hellegat,Paulina,baseline,0.18645784194911558,0.08774253129959106,True
Paulina:1108:877:1,Paulina:4:3,1998.0,2001.0,1,Hellegat,Paulina,baseline,0.2574960217233139,0.2899987623775057,True
Paulina:1108:877:4,Paulina:4:3,2008.0,2010.0,0,Hellegat,Paulina,baseline,0.18645784194911558,0.08774253129959106,True
Paulina:1108:877:4,Paulina:4:3,2010.0,2011.0,0,Hellegat,Paulina,baseline,0.0944767722372144,0.2899987623775057,True
Paulina:1108:877:4,Paulina:4:3,2011.0,2012.0,0,Hellegat,Paulina,baseline,0.09314532296558965,0.12740652561187743,True
Paulina:1101:840:5,Paulina:4:3,2010.0,2011.0,0,Hellegat,Paulina,baseline,0.09502413265338969,0.06293292045593261,True
Paulina:1101:840:5,Paulina:4:3,2011.0,2012.0,0,Hellegat,Paulina,baseline,0.09272306014675834,0.37670341583346134,True
Paulina:1116:913:4,Paulina:4:3,2008.0,2010.0,0,Hellegat,Paulina,baseline,0.18953328093417313,0.10006840229034424,True
Paulina:1116:913:4,Paulina:4:3,2010.0,2011.0,0,Hellegat,Paulina,baseline,0.09650494900916602,0.300973347684523,True
Paulina:1116:913:4,Paulina:4:3,2011.0,2012.0,0,Hellegat,Paulina,baseline,0.09517660250165871,0.14755470752716066,True
Paulina:1110:930:4,Paulina:4:3,2008.0,2010.0,0,Hellegat,Paulina,baseline,0.1958414347751481,0.11350040435791016,True
Paulina:1110:930:4,Paulina:4:3,2010.0,2011.0,0,Hellegat,Paulina,baseline,0.10069485334485342,0.3303064461242413,True
Paulina:1110:930:4,Paulina:4:3,2011.0,2012.0,0,Hellegat,Paulina,baseline,0.09937681415052456,0.1878507137298584,True
Paulina:1089:871:1,Paulina:4:3,1996.0,1998.0,0,Hellegat,Paulina,baseline,0.18953328093417313,0.10006840229034424,True
Paulina:1089:871:1,Paulina:4:3,1998.0,2001.0,1,Hellegat,Paulina,baseline,0.26247400186903547,0.300973347684523,True
Paulina:1089:871:4,Paulina:4:3,2008.0,2010.0,0,Hellegat,Paulina,baseline,0.18953328093417313,0.10006840229034424,True
Paulina:1089:871:4,Paulina:4:3,2010.0,2011.0,0,Hellegat,Paulina,baseline,0.09650494900916602,0.300973347684523,True
Paulina:1089:871:4,Paulina:4:3,2011.0,2012.0,0,Hellegat,Paulina,baseline,0.09517660250165871,0.14755470752716066,True
Paulina:1114:906:4,Paulina:4:3,2008.0,2010.0,0,Hellegat,Paulina,baseline,0.18953328093417313,0.10006840229034424,True
Paulina:1114:906:4,Paulina:4:3,2010.0,2011.0,0,Hellegat,Paulina,baseline,0.09650494900916602,0.300973347684523,True
Paulina:1114:906:4,Paulina:4:3,2011.0,2012.0,0,Hellegat,Paulina,baseline,0.09517660250165871,0.14755470752716066,True
Paulina:1105:911:1,Paulina:4:3,1996.0,1998.0,1,Hellegat,Paulina,baseline,0.19292096774004072,0.10733747482299805,True
Paulina:1105:911:4,Paulina:4:3,2008.0,2010.0,0,Hellegat,Paulina,baseline,0.19292096774004072,0.10733747482299805,True
Paulina:1105:911:4,Paulina:4:3,2010.0,2011.0,0,Hellegat,Paulina,baseline,0.0987502199070162,0.31578658150720174,True
Paulina:1105:911:4,Paulina:4:3,2011.0,2012.0,0,Hellegat,Paulina,baseline,0.09742678106018869,0.16936192512512208,True
Paulina:393:97:2,Paulina:1:0,1998.0,2001.0,0,Hellegat,Paulina,quality,0.19868037282349357,0.0357867421964127,True
Paulina:393:97:2,Paulina:1:0,2001.0,2008.0,0,Hellegat,Paulina,quality,0.33149984022384366,0.06693296397159194,True
Paulina:393:97:2,Paulina:1:0,2008.0,2010.0,0,Hellegat,Paulina,quality,0.09413427031740784,0.06588101608793714,True
Paulina:393:97:2,Paulina:1:0,2010.0,2011.0,0,Hellegat,Paulina,quality,0.06274950389694137,0.043384043269587204,True
Paulina:393:97:2,Paulina:1:0,2011.0,2012.0,0,Hellegat,Paulina,quality,0.07564391368494579,0.043384043269587204,True
Paulina:376:80:4,Paulina:1:0,2008.0,2010.0,0,Hellegat,Paulina,quality,0.10630030723424554,0.05231874513971759,True
Paulina:376:80:4,Paulina:1:0,2010.0,2011.0,0,Hellegat,Paulina,quality,0.06188751041630449,0.2826957064024456,True
Paulina:376:80:4,Paulina:1:0,2011.0,2012.0,0,Hellegat,Paulina,quality,0.07274348604058144,0.0783349382391181,True
Paulina:374:88:3,Paulina:1:0,2001.0,2008.0,0,Hellegat,Paulina,quality,0.3728531326218086,0.03331858554517315,True
Paulina:374:88:3,Paulina:1:0,2008.0,2010.0,0,Hellegat,Paulina,quality,0.0928252418881468,0.13596882670610186,True
Paulina:374:88:3,Paulina:1:0,2010.0,2011.0,0,Hellegat,Paulina,quality,0.06169389007923878,0.12225156533502317,True
Paulina:374:88:3,Paulina:1:0,2011.0,2012.0,0,Hellegat,Paulina,quality,0.07433774266835724,0.06416517578967298,True
Paulina:366:162:4,Paulina:1:0,2008.0,2010.0,0,Hellegat,Paulina,quality,0.12716021334370137,0.09299675822257995,True
Paulina:366:162:4,Paulina:1:0,2010.0,2011.0,0,Hellegat,Paulina,quality,0.07746647007441167,0.21588883438431222,True
Paulina:366:162:4,Paulina:1:0,2011.0,2012.0,0,Hellegat,Paulina,quality,0.09109376938893218,0.10682401061058044,True
Paulina:347:87:4,Paulina:1:0,2008.0,2010.0,0,Hellegat,Paulina,quality,0.11250986616946737,0.046261274814605714,True
Paulina:347:87:4,Paulina:1:0,2010.0,2011.0,0,Hellegat,Paulina,quality,0.06644006772355211,0.25887618694984327,True
Paulina:347:87:4,Paulina:1:0,2011.0,2012.0,0,Hellegat,Paulina,quality,0.07810898666602037,0.07134768962860108,True
Paulina:366:188:4,Paulina:1:0,2008.0,2010.0,0,Hellegat,Paulina,quality,0.1348095415532209,0.044128131866455075,True
Paulina:366:188:4,Paulina:1:0,2010.0,2011.0,0,Hellegat,Paulina,quality,0.08340984796535277,0.21556237093787906,True
Paulina:366:188:4,Paulina:1:0,2011.0,2012.0,0,Hellegat,Paulina,quality,0.09810508534898829,0.11385611295700074,True
Paulina:324:170:4,Paulina:1:0,2008.0,2010.0,0,Hellegat,Paulina,quality,0.1367083592739425,0.03839975595474243,True
Paulina:324:170:4,Paulina:1:0,2010.0,2011.0,0,Hellegat,Paulina,quality,0.08490240490311765,0.22427068463811123,True
Paulina:324:170:4,Paulina:1:0,2011.0,2012.0,0,Hellegat,Paulina,quality,0.09986696099111303,0.10812773704528808,True
Paulina:351:100:3,Paulina:1:0,2001.0,2008.0,0,Hellegat,Paulina,quality,0.3916271451392094,0.026547998189926147,True
Paulina:351:100:3,Paulina:1:0,2008.0,2010.0,0,Hellegat,Paulina,quality,0.0994664596890347,0.08072024327857866,True
Paulina:351:100:3,Paulina:1:0,2010.0,2011.0,0,Hellegat,Paulina,quality,0.06603977991103749,0.11639709483447028,True
Paulina:351:100:3,Paulina:1:0,2011.0,2012.0,0,Hellegat,Paulina,quality,0.07944942290726506,0.0881700581803958,True
Paulina:343:86:4,Paulina:1:0,2008.0,2010.0,0,Hellegat,Paulina,quality,0.11250986616946737,0.046261274814605714,True
Paulina:343:86:4,Paulina:1:0,2010.0,2011.0,0,Hellegat,Paulina,quality,0.06644006772355211,0.25887618694984327,True
Paulina:343:86:4,Paulina:1:0,2011.0,2012.0,0,Hellegat,Paulina,quality,0.07810898666602037,0.07134768962860108,True
Paulina:379:148:4,Paulina:1:0,2008.0,2010.0,0,Hellegat,Paulina,quality,0.12157296319518936,0.01307644248008728,True
Paulina:379:148:4,Paulina:1:0,2010.0,2011.0,0,Hellegat,Paulina,quality,0.07320187279020329,0.20699683366176497,True
Paulina:379:148:4,Paulina:1:0,2011.0,2012.0,0,Hellegat,Paulina,quality,0.08606781258436154,0.03326407670974731,True
Paulina:325:158:4,Paulina:1:0,2008.0,2010.0,0,Hellegat,Paulina,quality,0.13296751902029325,0.06510587930679321,True
Paulina:325:158:4,Paulina:1:0,2010.0,2011.0,0,Hellegat,Paulina,quality,0.08196822327216316,0.21591222867540966,True
Paulina:325:158:4,Paulina:1:0,2011.0,2012.0,0,Hellegat,Paulina,quality,0.09640376180823541,0.12361400723457336,True
Paulina:377:152:4,Paulina:1:0,2008.0,2010.0,0,Hellegat,Paulina,quality,0.12337303524943903,0.03156489133834839,True
Paulina:377:152:4,Paulina:1:0,2010.0,2011.0,0,Hellegat,Paulina,quality,0.0745682981368135,0.20810785935071768,True
Paulina:377:152:4,Paulina:1:0,2011.0,2012.0,0,Hellegat,Paulina,quality,0.0876776881666419,0.051752525568008426,True
Paulina:404:169:4,Paulina:1:0,2008.0,2010.0,0,Hellegat,Paulina,quality,0.12337303524943903,0.03156489133834839,True
Paulina:404:169:4,Paulina:1:0,2010.0,2011.0,0,Hellegat,Paulina,quality,0.0745682981368135,0.20810785935071768,True
Paulina:404:169:4,Paulina:1:0,2011.0,2012.0,0,Hellegat,Paulina,quality,0.0876776881666419,0.051752525568008426,True
Paulina:340:145:4,Paulina:1:0,2008.0,2010.0,0,Hellegat,Paulina,quality,0.12716021334370137,0.09299675822257995,True
Paulina:340:145:4,Paulina:1:0,2010.0,2011.0,0,Hellegat,Paulina,quality,0.07746647007441167,0.21588883438431222,True
Paulina:340:145:4,Paulina:1:0,2011.0,2012.0,0,Hellegat,Paulina,quality,0.09109376938893218,0.10682401061058044,True
Paulina:389:162:4,Paulina:1:0,2008.0,2010.0,0,Hellegat,Paulina,quality,0.12337303524943903,0.03156489133834839,True
Paulina:389:162:4,Paulina:1:0,2010.0,2011.0,0,Hellegat,Paulina,quality,0.0745682981368135,0.20810785935071768,True
Paulina:389:162:4,Paulina:1:0,2011.0,2012.0,0,Hellegat,Paulina,quality,0.0876776881666419,0.051752525568008426,True
Paulina:390:156:4,Paulina:1:0,2008.0,2010.0,0,Hellegat,Paulina,quality,0.12157296319518936,0.01307644248008728,True
Paulina:390:156:4,Paulina:1:0,2010.0,2011.0,0,Hellegat,Paulina,quality,0.07320187279020329,0.20699683366176497,True
Paulina:390:156:4,Paulina:1:0,2011.0,2012.0,0,Hellegat,Paulina,quality,0.08606781258436154,0.03326407670974731,True
Paulina:355:173:4,Paulina:1:0,2008.0,2010.0,0,Hellegat,Paulina,quality,0.13296751902029325,0.06510587930679321,True
Paulina:355:173:4,Paulina:1:0,2010.0,2011.0,1,Hellegat,Paulina,quality,0.08196822327216316,0.21591222867540966,True
Paulina:336:86:4,Paulina:1:0,2008.0,2010.0,0,Hellegat,Paulina,quality,0.11250986616946737,0.046261274814605714,True
Paulina:336:86:4,Paulina:1:0,2010.0,2011.0,0,Hellegat,Paulina,quality,0.06644006772355211,0.25887618694984327,True
Paulina:336:86:4,Paulina:1:0,2011.0,2012.0,0,Hellegat,Paulina,quality,0.07810898666602037,0.07134768962860108,True
Paulina:408:85:1,Paulina:1:0,1996.0,1998.0,1,Hellegat,Paulina,quality,0.09783336261304412,0.10116582815242388,True
Paulina:408:85:3,Paulina:1:0,2001.0,2008.0,0,Hellegat,Paulina,quality,0.36011230692927754,0.10116582815242388,True
Paulina:408:85:3,Paulina:1:0,2008.0,2010.0,0,Hellegat,Paulina,quality,0.08857689115942836,0.1638919614792799,True
Paulina:408:85:3,Paulina:1:0,2010.0,2011.0,0,Hellegat,Paulina,quality,0.05881365805037471,0.1304449825412123,True
Paulina:408:85:3,Paulina:1:0,2011.0,2012.0,0,Hellegat,Paulina,quality,0.07089781365584849,0.10823624505297362,True
Paulina:344:77:3,Paulina:1:0,2001.0,2008.0,0,Hellegat,Paulina,quality,0.3771857409323002,0.04937543024797008,True
Paulina:344:77:3,Paulina:1:0,2008.0,2010.0,0,Hellegat,Paulina,quality,0.09433368625976693,0.13118400665510324,True
Paulina:344:77:3,Paulina:1:0,2010.0,2011.0,0,Hellegat,Paulina,quality,0.06267930841330147,0.11905897191841183,True
Paulina:344:77:3,Paulina:1:0,2011.0,2012.0,0,Hellegat,Paulina,quality,0.07549711962888712,0.07452599479749351,True
Paulina:326:118:2,Paulina:1:0,1998.0,2001.0,0,Hellegat,Paulina,quality,0.22580542736904582,0.03156489133834839,True
Paulina:326:118:2,Paulina:1:0,2001.0,2008.0,0,Hellegat,Paulina,quality,0.3816228410733023,0.051752525568008426,True
Paulina:326:118:2,Paulina:1:0,2008.0,2010.0,0,Hellegat,Paulina,quality,0.10942963608888266,0.08215991071562398,True
Paulina:326:118:2,Paulina:1:0,2010.0,2011.0,0,Hellegat,Paulina,quality,0.07280667603970627,0.0985809672916862,True
Paulina:326:118:2,Paulina:1:0,2011.0,2012.0,0,Hellegat,Paulina,quality,0.08747506221290961,0.1255912890773942,True
Paulina:363:92:2,Paulina:1:0,1998.0,2001.0,0,Hellegat,Paulina,quality,0.2044730440583685,0.05732300877571106,True
Paulina:363:92:2,Paulina:1:0,2001.0,2008.0,0,Hellegat,Paulina,quality,0.34213493662421945,0.07687861323356629,True
Paulina:363:92:2,Paulina:1:0,2008.0,2010.0,0,Hellegat,Paulina,quality,0.0973120099733793,0.0828835427761078,True
Paulina:363:92:2,Paulina:1:0,2010.0,2011.0,0,Hellegat,Paulina,quality,0.06485445171766933,0.06673903292047613,True
Paulina:363:92:2,Paulina:1:0,2011.0,2012.0,0,Hellegat,Paulina,quality,0.0781322998085685,0.06673903292047613,True
Paulina:337:83:4,Paulina:1:0,2008.0,2010.0,0,Hellegat,Paulina,quality,0.11252951649609862,0.047170415236881036,True
Paulina:337:83:4,Paulina:1:0,2010.0,2011.0,0,Hellegat,Paulina,quality,0.06644234779884708,0.2589070713408733,True
Paulina:337:83:4,Paulina:1:0,2011.0,2012.0,0,Hellegat,Paulina,quality,0.0781075745039557,0.07219885929821775,True
Paulina:418:347:4,Paulina:1:1,2008.0,2010.0,0,Hellegat,Paulina,quality,0.17075431342353656,0.171258282661438,True
Paulina:418:347:4,Paulina:1:1,2010.0,2011.0,0,Hellegat,Paulina,quality,0.11257898506829016,0.36505019968692454,True
Paulina:418:347:4,Paulina:1:1,2011.0,2012.0,0,Hellegat,Paulina,quality,0.13258469336264522,0.2542176278723316,True
Paulina:431:322:5,Paulina:1:1,2010.0,2011.0,1,Hellegat,Paulina,quality,0.10739830024273446,0.10733747482299805,True
Paulina:385:335:2,Paulina:1:1,1998.0,2001.0,0,Hellegat,Paulina,quality,0.3096602931260326,0.2042458772659302,True
Paulina:385:335:2,Paulina:1:1,2001.0,2008.0,0,Hellegat,Paulina,quality,0.5332400011659011,0.2819324080400946,True
Paulina:385:335:2,Paulina:1:1,2008.0,2010.0,0,Hellegat,Paulina,quality,0.1614398036873445,0.24382014821324466,True
Paulina:385:335:2,Paulina:1:1,2010.0,2011.0,0,Hellegat,Paulina,quality,0.10703380809982359,0.24278876134105615,True
Paulina:385:335:2,Paulina:1:1,2011.0,2012.0,0,Hellegat,Paulina,quality,0.1273000704728301,0.23282246800963344,True
Paulina:379:334:5,Paulina:1:1,2010.0,2011.0,0,Hellegat,Paulina,quality,0.11839614603225025,0.24059123992919923,True
Paulina:379:334:5,Paulina:1:1,2011.0,2012.0,0,Hellegat,Paulina,quality,0.14140705366601536,0.5254591908018545,True
Paulina:446:371:4,Paulina:1:1,2008.0,2010.0,0,Hellegat,Paulina,quality,0.17075431342353656,0.171258282661438,True
Paulina:446:371:4,Paulina:1:1,2010.0,2011.0,0,Hellegat,Paulina,quality,0.11257898506829016,0.36505019968692454,True
Paulina:446:371:4,Paulina:1:1,2011.0,2012.0,0,Hellegat,Paulina,quality,0.13258469336264522,0.2542176278723316,True
Paulina:403:337:1,Paulina:1:1,1996.0,1998.0,0,Hellegat,Paulina,quality,0.16169360761495952,0.171258282661438,True
Paulina:403:337:1,Paulina:1:1,1998.0,2001.0,1,Hellegat,Paulina,quality,0.30114170076319735,0.36505019968692454,True
Paulina:403:337:5,Paulina:1:1,2010.0,2011.0,0,Hellegat,Paulina,quality,0.11424154280989879,0.171258282661438,True
Paulina:403:337:5,Paulina:1:1,2011.0,2012.0,0,Hellegat,Paulina,quality,0.13574560171168024,0.4830932784511724,True
Paulina:390:336:5,Paulina:1:1,2010.0,2011.0,1,Hellegat,Paulina,quality,0.11619941518508954,0.2042458772659302,True
Paulina:594:120:1,Paulina:2:0,1996.0,1998.0,0,Hellegat,Paulina,quality,0.09929142138099915,0.6966013622466991,True
Paulina:594:120:1,Paulina:2:0,1998.0,2001.0,0,Hellegat,Paulina,quality,0.17111606456810974,0.7352344398503008,True
Paulina:594:120:1,Paulina:2:0,2001.0,2008.0,0,Hellegat,Paulina,quality,0.31689442236663495,0.7677846664196377,True
Paulina:594:120:1,Paulina:2:0,2008.0,2010.0,0,Hellegat,Paulina,quality,0.09244544280391348,0.7387040597318073,True
Paulina:594:120:1,Paulina:2:0,2010.0,2011.0,0,Hellegat,Paulina,quality,0.06324071238218391,0.7638540173815885,True
Paulina:594:120:1,Paulina:2:0,2011.0,2012.0,0,Hellegat,Paulina,quality,0.07770539119229489,0.77624790587735,True
Paulina:668:186:1,Paulina:2:0,1996.0,1998.0,0,Hellegat,Paulina,quality,0.08840091013371948,0.3023756562902764,True
Paulina:668:186:1,Paulina:2:0,1998.0,2001.0,0,Hellegat,Paulina,quality,0.14948916921991762,0.4037254091227783,True
Paulina:668:186:1,Paulina:2:0,2001.0,2008.0,0,Hellegat,Paulina,quality,0.28244507179474443,0.4041126457635914,True
Paulina:668:186:1,Paulina:2:0,2008.0,2010.0,0,Hellegat,Paulina,quality,0.08189012565268301,0.3385503748364542,True
Paulina:668:186:1,Paulina:2:0,2010.0,2011.0,0,Hellegat,Paulina,quality,0.054445122540049545,0.37732183327127755,True
Paulina:668:186:1,Paulina:2:0,2011.0,2012.0,0,Hellegat,Paulina,quality,0.06571032312399856,0.40157661078153933,True
Paulina:584:138:1,Paulina:2:0,1996.0,1998.0,0,Hellegat,Paulina,quality,0.08989738625327427,0.36875818726702325,True
Paulina:584:138:1,Paulina:2:0,1998.0,2001.0,0,Hellegat,Paulina,quality,0.15236219283869945,0.4547686367121348,True
Paulina:584:138:1,Paulina:2:0,2001.0,2008.0,0,Hellegat,Paulina,quality,0.287147967269059,0.45463774720057054,True
Paulina:584:138:1,Paulina:2:0,2008.0,2010.0,0,Hellegat,Paulina,quality,0.08332452635979665,0.3975143726527038,True
Paulina:584:138:1,Paulina:2:0,2010.0,2011.0,0,Hellegat,Paulina,quality,0.05555067644679124,0.4308285577816851,True
Paulina:584:138:1,Paulina:2:0,2011.0,2012.0,0,Hellegat,Paulina,quality,0.06717310576758528,0.45223991244679357,True
Paulina:660:338:4,Paulina:2:1,2008.0,2010.0,0,Hellegat,Paulina,quality,0.12157296319518936,0.01307644248008728,True
Paulina:660:338:4,Paulina:2:1,2010.0,2011.0,0,Hellegat,Paulina,quality,0.07320187279020329,0.20699683366176497,True
Paulina:660:338:4,Paulina:2:1,2011.0,2012.0,0,Hellegat,Paulina,quality,0.08606781258436154,0.03326407670974731,True
Paulina:607:327:5,Paulina:2:1,2010.0,2011.0,0,Hellegat,Paulina,quality,0.08434512748341097,0.09299675822257995,True
Paulina:607:327:5,Paulina:2:1,2011.0,2012.0,0,Hellegat,Paulina,quality,0.09551018028538268,0.32018944374540503,True
Paulina:643:390:2,Paulina:2:1,1998.0,2001.0,1,Hellegat,Paulina,quality,0.24853205681062565,0.03839975595474243,True
Paulina:643:390:4,Paulina:2:1,2008.0,2010.0,0,Hellegat,Paulina,quality,0.1367083592739425,0.03839975595474243,True
Paulina:643:390:4,Paulina:2:1,2010.0,2011.0,0,Hellegat,Paulina,quality,0.08490240490311765,0.22427068463811123,True
Paulina:643:390:4,Paulina:2:1,2011.0,2012.0,0,Hellegat,Paulina,quality,0.09986696099111303,0.10812773704528808,True
Paulina:608:369:5,Paulina:2:1,2010.0,2011.0,1,Hellegat,Paulina,quality,0.09084732771593587,0.03839975595474243,True
Paulina:673:390:4,Paulina:2:1,2008.0,2010.0,0,Hellegat,Paulina,quality,0.13091709359100426,0.08430570363998413,True
Paulina:673:390:4,Paulina:2:1,2010.0,2011.0,0,Hellegat,Paulina,quality,0.08037112132127149,0.2156785475379966,True
Paulina:673:390:4,Paulina:2:1,2011.0,2012.0,0,Hellegat,Paulina,quality,0.09451944009514895,0.12302143573760986,True
Paulina:620:333:1,Paulina:2:1,1996.0,1998.0,0,Hellegat,Paulina,quality,0.12024317673689118,0.09299675822257995,True
Paulina:620:333:1,Paulina:2:1,1998.0,2001.0,0,Hellegat,Paulina,quality,0.21486112873487095,0.21588883438431222,True
Paulina:620:333:1,Paulina:2:1,2001.0,2008.0,0,Hellegat,Paulina,quality,0.3885899778875691,0.10682401061058044,True
Paulina:620:333:1,Paulina:2:1,2008.0,2010.0,0,Hellegat,Paulina,quality,0.11379717752294961,0.13547333901108866,True
Paulina:620:333:1,Paulina:2:1,2010.0,2011.0,0,Hellegat,Paulina,quality,0.07575969176936692,0.12553934435820402,True
Paulina:620:333:1,Paulina:2:1,2011.0,2012.0,0,Hellegat,Paulina,quality,0.09096860895565662,0.1136670989735239,True
Paulina:580:323:1,Paulina:2:1,1996.0,1998.0,0,Hellegat,Paulina,quality,0.12381050142751013,0.08430570363998413,True
Paulina:580:323:1,Paulina:2:1,1998.0,2001.0,1,Hellegat,Paulina,quality,0.22225397117243062,0.2156785475379966,True
Paulina:580:323:4,Paulina:2:1,2008.0,2010.0,0,Hellegat,Paulina,quality,0.13091709359100426,0.08430570363998413,True
Paulina:580:323:4,Paulina:2:1,2010.0,2011.0,0,Hellegat,Paulina,quality,0.08037112132127149,0.2156785475379966,True
Paulina:580:323:4,Paulina:2:1,2011.0,2012.0,0,Hellegat,Paulina,quality,0.09451944009514895,0.12302143573760986,True
Paulina:655:324:1,Paulina:2:1,1996.0,1998.0,1,Hellegat,Paulina,quality,0.11306103646138055,0.012720763683319092,True
Paulina:655:324:4,Paulina:2:1,2008.0,2010.0,0,Hellegat,Paulina,quality,0.11959359451187046,0.012720763683319092,True
Paulina:655:324:4,Paulina:2:1,2010.0,2011.0,0,Hellegat,Paulina,quality,0.07170795571873659,0.22040948851767136,True
Paulina:655:324:4,Paulina:2:1,2011.0,2012.0,0,Hellegat,Paulina,quality,0.08430829730009293,0.02563931941986084,True
Paulina:595:424:1,Paulina:2:1,1996.0,1998.0,1,Hellegat,Paulina,quality,0.14473432358027918,0.06877974271774293,True
Paulina:656:407:3,Paulina:2:1,2001.0,2008.0,0,Hellegat,Paulina,quality,0.4578006935851096,0.057599544525146484,True
Paulina:656:407:3,Paulina:2:1,2008.0,2010.0,0,Hellegat,Paulina,quality,0.1253107103876205,0.11596991008997666,True
Paulina:656:407:3,Paulina:2:1,2010.0,2011.0,0,Hellegat,Paulina,quality,0.08291228046045176,0.09869213372863493,True
Paulina:656:407:3,Paulina:2:1,2011.0,2012.0,0,Hellegat,Paulina,quality,0.09916432606625655,0.09941637637609327,True
Paulina:675:386:5,Paulina:2:1,2010.0,2011.0,0,Hellegat,Paulina,quality,0.08690052529559719,0.08430570363998413,True
Paulina:675:386:5,Paulina:2:1,2011.0,2012.0,0,Hellegat,Paulina,quality,0.09888873720187046,0.3090800183586006,True
Paulina:598:324:4,Paulina:2:1,2008.0,2010.0,0,Hellegat,Paulina,quality,0.1288926171440322,0.10362418889999389,True
Paulina:598:324:4,Paulina:2:1,2010.0,2011.0,0,Hellegat,Paulina,quality,0.0788023246112,0.2173731194498311,True
Paulina:598:324:4,Paulina:2:1,2011.0,2012.0,0,Hellegat,Paulina,quality,0.09266900083581503,0.11658194065093994,True
Paulina:639:411:3,Paulina:2:1,2001.0,2008.0,1,Hellegat,Paulina,quality,0.4646725982225527,0.07988089323043823,True
Paulina:639:411:5,Paulina:2:1,2010.0,2011.0,1,Hellegat,Paulina,quality,0.09415109745711633,0.07988089323043823,True
Paulina:613:330:4,Paulina:2:1,2008.0,2010.0,0,Hellegat,Paulina,quality,0.12716021334370137,0.09299675822257995,True
Paulina:613:330:4,Paulina:2:1,2010.0,2011.0,0,Hellegat,Paulina,quality,0.07746647007441167,0.21588883438431222,True
Paulina:613:330:4,Paulina:2:1,2011.0,2012.0,0,Hellegat,Paulina,quality,0.09109376938893218,0.10682401061058044,True
Paulina:650:616:2,Paulina:2:2,1998.0,2001.0,1,Hellegat,Paulina,quality,0.34274860630187104,0.4304171323776245,True
Paulina:650:616:4,Paulina:2:2,2008.0,2010.0,0,Hellegat,Paulina,quality,0.19420378748536324,0.4304171323776245,True
Paulina:650:616:4,Paulina:2:2,2010.0,2011.0,0,Hellegat,Paulina,quality,0.13235331832540168,0.5402618954934282,True
Paulina:650:616:4,Paulina:2:2,2011.0,2012.0,0,Hellegat,Paulina,quality,0.1559717573498185,0.4839040098040379,True
Paulina:644:609:3,Paulina:2:2,2001.0,2008.0,0,Hellegat,Paulina,quality,0.5868960605943159,0.4304171323776245,True
Paulina:644:609:3,Paulina:2:2,2008.0,2010.0,0,Hellegat,Paulina,quality,0.18765619302187345,0.46158594666588904,True
Paulina:644:609:3,Paulina:2:2,2010.0,2011.0,0,Hellegat,Paulina,quality,0.12403967536068711,0.4483005474023508,True
Paulina:644:609:3,Paulina:2:2,2011.0,2012.0,0,Hellegat,Paulina,quality,0.14669962901526748,0.437606065524675,True
Paulina:691:596:4,Paulina:2:2,2008.0,2010.0,1,Hellegat,Paulina,quality,0.179409253013673,0.27061588764190675,True
Paulina:893:442:4,Paulina:3:1,2008.0,2010.0,0,Hellegat,Paulina,quality,0.11102769600789444,0.05732300877571106,True
Paulina:893:442:4,Paulina:3:1,2010.0,2011.0,0,Hellegat,Paulina,quality,0.06535429680664538,0.26331561534939174,True
Paulina:893:442:4,Paulina:3:1,2011.0,2012.0,0,Hellegat,Paulina,quality,0.07683232358258558,0.07687861323356629,True
Paulina:842:380:4,Paulina:3:1,2008.0,2010.0,0,Hellegat,Paulina,quality,0.10622533167438132,0.04906634986400604,True
Paulina:842:380:4,Paulina:3:1,2010.0,2011.0,0,Hellegat,Paulina,quality,0.061878437651231924,0.2822629618396215,True
Paulina:842:380:4,Paulina:3:1,2011.0,2012.0,0,Hellegat,Paulina,quality,0.07274809447307888,0.07569347396492958,True
Paulina:839:361:5,Paulina:3:1,2010.0,2011.0,0,Hellegat,Paulina,quality,0.06812913206540683,0.08355511352419853,True
Paulina:839:361:5,Paulina:3:1,2011.0,2012.0,0,Hellegat,Paulina,quality,0.07457274387222035,0.5556351589759574,True
Paulina:873:433:4,Paulina:3:1,2008.0,2010.0,0,Hellegat,Paulina,quality,0.11250986616946737,0.046261274814605714,True
Paulina:873:433:4,Paulina:3:1,2010.0,2011.0,0,Hellegat,Paulina,quality,0.06644006772355211,0.25887618694984327,True
Paulina:873:433:4,Paulina:3:1,2011.0,2012.0,0,Hellegat,Paulina,quality,0.07810898666602037,0.07134768962860108,True
Paulina:863:416:4,Paulina:3:1,2008.0,2010.0,0,Hellegat,Paulina,quality,0.11102769600789444,0.05732300877571106,True
Paulina:863:416:4,Paulina:3:1,2010.0,2011.0,0,Hellegat,Paulina,quality,0.06535429680664538,0.26331561534939174,True
Paulina:863:416:4,Paulina:3:1,2011.0,2012.0,0,Hellegat,Paulina,quality,0.07683232358258558,0.07687861323356629,True
Paulina:913:436:1,Paulina:3:1,1996.0,1998.0,0,Hellegat,Paulina,quality,0.10177504668377409,0.030933231115341187,True
Paulina:913:436:1,Paulina:3:1,1998.0,2001.0,0,Hellegat,Paulina,quality,0.17717373425454838,0.2742602571450707,True
Paulina:913:436:1,Paulina:3:1,2001.0,2008.0,0,Hellegat,Paulina,quality,0.32807436403780144,0.1573629825424391,True
Paulina:913:436:1,Paulina:3:1,2008.0,2010.0,0,Hellegat,Paulina,quality,0.09517729276409907,0.03998364210128784,True
Paulina:913:436:1,Paulina:3:1,2010.0,2011.0,0,Hellegat,Paulina,quality,0.06350111684910822,0.09394558684144971,True
Paulina:913:436:1,Paulina:3:1,2011.0,2012.0,0,Hellegat,Paulina,quality,0.076551670260574,0.14278622758522191,True
Paulina:895:411:1,Paulina:3:1,1996.0,1998.0,0,Hellegat,Paulina,quality,0.10038078174665419,0.04906634986400604,True
Paulina:895:411:1,Paulina:3:1,1998.0,2001.0,0,Hellegat,Paulina,quality,0.17438541870501847,0.2822629618396215,True
Paulina:895:411:1,Paulina:3:1,2001.0,2008.0,0,Hellegat,Paulina,quality,0.3234974322842032,0.1665229069878793,True
Paulina:895:411:1,Paulina:3:1,2008.0,2010.0,0,Hellegat,Paulina,quality,0.09379760505220744,0.04846006664940191,True
Paulina:895:411:1,Paulina:3:1,2010.0,2011.0,0,Hellegat,Paulina,quality,0.06259164907884594,0.09857003259791167,True
Paulina:895:411:1,Paulina:3:1,2011.0,2012.0,0,Hellegat,Paulina,quality,0.07547791600751055,0.15221985713094804,True
Paulina:895:392:4,Paulina:3:1,2008.0,2010.0,0,Hellegat,Paulina,quality,0.10318726680499993,0.08355511352419853,True
Paulina:895:392:4,Paulina:3:1,2010.0,2011.0,0,Hellegat,Paulina,quality,0.05971457733233135,0.2944754863936473,True
Paulina:895:392:4,Paulina:3:1,2011.0,2012.0,0,Hellegat,Paulina,quality,0.07020771887357763,0.10255748555064201,True
Paulina:874:626:2,Paulina:3:2,1998.0,2001.0,0,Hellegat,Paulina,quality,0.2679832595394633,0.05823180675506592,True
Paulina:874:626:2,Paulina:3:2,2001.0,2008.0,1,Hellegat,Paulina,quality,0.45931608879301883,0.09035007953643799,True
Paulina:874:626:5,Paulina:3:2,2010.0,2011.0,0,Hellegat,Paulina,quality,0.09876025155583543,0.05823180675506592,True
Paulina:874:626:5,Paulina:3:2,2011.0,2012.0,0,Hellegat,Paulina,quality,0.11475251996143923,0.36195368998434235,True
Paulina:869:636:5,Paulina:3:2,2010.0,2011.0,1,Hellegat,Paulina,quality,0.10195499396160555,0.06877974271774293,True
Paulina:929:628:1,Paulina:3:2,1996.0,1998.0,0,Hellegat,Paulina,quality,0.13136228008392925,0.057599544525146484,True
Paulina:929:628:1,Paulina:3:2,1998.0,2001.0,0,Hellegat,Paulina,quality,0.23796845005887118,0.23592429013379893,True
Paulina:929:628:1,Paulina:3:2,2001.0,2008.0,0,Hellegat,Paulina,quality,0.42445437693332533,0.13309547901153565,True
Paulina:929:628:1,Paulina:3:2,2008.0,2010.0,0,Hellegat,Paulina,quality,0.12527801885714873,0.12274999226036196,True
Paulina:929:628:1,Paulina:3:2,2010.0,2011.0,0,Hellegat,Paulina,quality,0.08331707316486171,0.10210331767899246,True
Paulina:929:628:1,Paulina:3:2,2011.0,2012.0,0,Hellegat,Paulina,quality,0.09981111396183785,0.08556198241066018,True
Paulina:933:629:1,Paulina:3:2,1996.0,1998.0,0,Hellegat,Paulina,quality,0.13136228008392925,0.057599544525146484,True
Paulina:933:629:1,Paulina:3:2,1998.0,2001.0,0,Hellegat,Paulina,quality,0.23796845005887118,0.23592429013379893,True
Paulina:933:629:1,Paulina:3:2,2001.0,2008.0,0,Hellegat,Paulina,quality,0.42445437693332533,0.13309547901153565,True
Paulina:933:629:1,Paulina:3:2,2008.0,2010.0,0,Hellegat,Paulina,quality,0.12527801885714873,0.12274999226036196,True
Paulina:933:629:1,Paulina:3:2,2010.0,2011.0,0,Hellegat,Paulina,quality,0.08331707316486171,0.10210331767899246,True
Paulina:933:629:1,Paulina:3:2,2011.0,2012.0,0,Hellegat,Paulina,quality,0.09981111396183785,0.08556198241066018,True
Paulina:881:625:1,Paulina:3:2,1996.0,1998.0,1,Hellegat,Paulina,quality,0.14030724114968232,0.05823180675506592,True
Paulina:881:625:4,Paulina:3:2,2008.0,2010.0,0,Hellegat,Paulina,quality,0.148278102257757,0.05823180675506592,True
Paulina:881:625:4,Paulina:3:2,2010.0,2011.0,0,Hellegat,Paulina,quality,0.09412848420639056,0.267538033069584,True
Paulina:881:625:4,Paulina:3:2,2011.0,2012.0,0,Hellegat,Paulina,quality,0.11076537709488649,0.09035007953643799,True
Paulina:947:675:5,Paulina:3:2,2010.0,2011.0,0,Hellegat,Paulina,quality,0.09724441119274307,0.06431574821472168,True
Paulina:947:675:5,Paulina:3:2,2011.0,2012.0,0,Hellegat,Paulina,quality,0.11271106763768962,0.3489524753989729,True
Paulina:957:626:4,Paulina:3:2,2008.0,2010.0,0,Hellegat,Paulina,quality,0.1348095415532209,0.044128131866455075,True
Paulina:957:626:4,Paulina:3:2,2010.0,2011.0,1,Hellegat,Paulina,quality,0.08340984796535277,0.21556237093787906,True
Paulina:907:640:1,Paulina:3:2,1996.0,1998.0,1,Hellegat,Paulina,quality,0.13820418601484696,0.06431574821472168,True
Paulina:901:638:1,Paulina:3:2,1996.0,1998.0,1,Hellegat,Paulina,quality,0.13820418601484696,0.06431574821472168,True
Paulina:901:638:4,Paulina:3:2,2008.0,2010.0,0,Hellegat,Paulina,quality,0.14606600074029383,0.06431574821472168,True
Paulina:901:638:4,Paulina:3:2,2010.0,2011.0,0,Hellegat,Paulina,quality,0.09234810264692099,0.260188051609897,True
Paulina:901:638:4,Paulina:3:2,2011.0,2012.0,0,Hellegat,Paulina,quality,0.10866137326431359,0.08426613807678222,True
Paulina:860:590:4,Paulina:3:2,2008.0,2010.0,0,Hellegat,Paulina,quality,0.14382073330260464,0.07897231578826905,True
Paulina:860:590:4,Paulina:3:2,2010.0,2011.0,0,Hellegat,Paulina,quality,0.09054863391791729,0.25512571415038726,True
Paulina:860:590:4,Paulina:3:2,2011.0,2012.0,0,Hellegat,Paulina,quality,0.10653520253641435,0.09054751396179199,True
Paulina:860:598:1,Paulina:3:2,1996.0,1998.0,1,Hellegat,Paulina,quality,0.13820418601484696,0.06431574821472168,True
Paulina:860:598:4,Paulina:3:2,2008.0,2010.0,0,Hellegat,Paulina,quality,0.14606600074029383,0.06431574821472168,True
Paulina:860:598:4,Paulina:3:2,2010.0,2011.0,0,Hellegat,Paulina,quality,0.09234810264692099,0.260188051609897,True
Paulina:860:598:4,Paulina:3:2,2011.0,2012.0,0,Hellegat,Paulina,quality,0.10866137326431359,0.08426613807678222,True
Paulina:877:683:4,Paulina:3:2,2008.0,2010.0,0,Hellegat,Paulina,quality,0.16084518901950523,0.10733747482299805,True
Paulina:877:683:4,Paulina:3:2,2010.0,2011.0,0,Hellegat,Paulina,quality,0.10437066466235362,0.31578658150720174,True
Paulina:877:683:4,Paulina:3:2,2011.0,2012.0,0,Hellegat,Paulina,quality,0.12287530096348552,0.16936192512512208,True
Paulina:849:654:5,Paulina:3:2,2010.0,2011.0,0,Hellegat,Paulina,quality,0.10739830024273446,0.10733747482299805,True
Paulina:849:654:5,Paulina:3:2,2011.0,2012.0,0,Hellegat,Paulina,quality,0.12643994356390267,0.4333598873855366,True
Paulina:846:582:1,Paulina:3:2,1996.0,1998.0,1,Hellegat,Paulina,quality,0.13606992319771513,0.07897231578826905,True
Paulina:846:582:4,Paulina:3:2,2008.0,2010.0,0,Hellegat,Paulina,quality,0.14382073330260464,0.07897231578826905,True
Paulina:846:582:4,Paulina:3:2,2010.0,2011.0,0,Hellegat,Paulina,quality,0.09054863391791729,0.25512571415038726,True
Paulina:846:582:4,Paulina:3:2,2011.0,2012.0,0,Hellegat,Paulina,quality,0.10653520253641435,0.09054751396179199,True
Paulina:902:653:5,Paulina:3:2,2010.0,2011.0,0,Hellegat,Paulina,quality,0.10044453473962504,0.06293292045593261,True
Paulina:902:653:5,Paulina:3:2,2011.0,2012.0,0,Hellegat,Paulina,quality,0.11702455019201631,0.37670341583346134,True
Paulina:901:687:5,Paulina:3:2,2010.0,2011.0,0,Hellegat,Paulina,quality,0.1036163648902731,0.08774253129959106,True
Paulina:901:687:5,Paulina:3:2,2011.0,2012.0,0,Hellegat,Paulina,quality,0.12131285303506206,0.4050735837443238,True
Paulina:906:606:1,Paulina:3:2,1996.0,1998.0,0,Hellegat,Paulina,quality,0.13136228008392925,0.057599544525146484,True
Paulina:906:606:1,Paulina:3:2,1998.0,2001.0,0,Hellegat,Paulina,quality,0.23796845005887118,0.23592429013379893,True
Paulina:906:606:1,Paulina:3:2,2001.0,2008.0,0,Hellegat,Paulina,quality,0.42445437693332533,0.13309547901153565,True
Paulina:906:606:1,Paulina:3:2,2008.0,2010.0,0,Hellegat,Paulina,quality,0.12527801885714873,0.12274999226036196,True
Paulina:906:606:1,Paulina:3:2,2010.0,2011.0,0,Hellegat,Paulina,quality,0.08331707316486171,0.10210331767899246,True
Paulina:906:606:1,Paulina:3:2,2011.0,2012.0,0,Hellegat,Paulina,quality,0.09981111396183785,0.08556198241066018,True
Paulina:845:629:1,Paulina:3:2,1996.0,1998.0,1,Hellegat,Paulina,quality,0.14703372972420362,0.08774253129959106,True
Paulina:845:629:4,Paulina:3:2,2008.0,2010.0,0,Hellegat,Paulina,quality,0.15535112646272228,0.08774253129959106,True
Paulina:845:629:4,Paulina:3:2,2010.0,2011.0,1,Hellegat,Paulina,quality,0.09986770611837784,0.2899987623775057,True
Paulina:847:643:2,Paulina:3:2,1998.0,2001.0,1,Hellegat,Paulina,quality,0.28407753771162647,0.10006840229034424,True
Paulina:840:602:1,Paulina:3:2,1996.0,1998.0,1,Hellegat,Paulina,quality,0.14264210908924846,0.06293292045593261,True
Paulina:840:602:5,Paulina:3:2,2010.0,2011.0,1,Hellegat,Paulina,quality,0.10044453473962504,0.06293292045593261,True
Paulina:895:632:3,Paulina:3:2,2001.0,2008.0,0,Hellegat,Paulina,quality,0.47612030621615575,0.06431574821472168,True
Paulina:895:632:3,Paulina:3:2,2008.0,2010.0,0,Hellegat,Paulina,quality,0.13315421931578872,0.1197617926630526,True
Paulina:895:632:3,Paulina:3:2,2010.0,2011.0,0,Hellegat,Paulina,quality,0.08804301140384761,0.09880713340007678,True
Paulina:895:632:3,Paulina:3:2,2011.0,2012.0,0,Hellegat,Paulina,quality,0.10512932173013083,0.08122419185080841,True
Paulina:869:692:5,Paulina:3:2,2010.0,2011.0,1,Hellegat,Paulina,quality,0.10911189554721697,0.11350040435791016,True
Paulina:920:673:4,Paulina:3:2,2008.0,2010.0,0,Hellegat,Paulina,quality,0.15073364581648635,0.06293292045593261,True
Paulina:920:673:4,Paulina:3:2,2010.0,2011.0,0,Hellegat,Paulina,quality,0.09611314866655202,0.2771658720955452,True
Paulina:920:673:4,Paulina:3:2,2011.0,2012.0,0,Hellegat,Paulina,quality,0.11311123113461927,0.102596914768219,True
Paulina:957:833:1,Paulina:3:3,1996.0,1998.0,0,Hellegat,Paulina,quality,0.164386273231536,0.2042458772659302,True
Paulina:957:833:1,Paulina:3:3,1998.0,2001.0,0,Hellegat,Paulina,quality,0.30670342427833047,0.3821212796513201,True
Paulina:957:833:1,Paulina:3:3,2001.0,2008.0,0,Hellegat,Paulina,quality,0.5254512604631736,0.29151065578709934,True
Paulina:957:833:1,Paulina:3:3,2008.0,2010.0,0,Hellegat,Paulina,quality,0.1603162367891787,0.24278876134105615,True
Paulina:957:833:1,Paulina:3:3,2010.0,2011.0,0,Hellegat,Paulina,quality,0.1064681290202999,0.20935708580690932,True
Paulina:957:833:1,Paulina:3:3,2011.0,2012.0,0,Hellegat,Paulina,quality,0.12673068932903883,0.1925623705626383,True
Paulina:1117:676:1,Paulina:4:2,1996.0,1998.0,0,Hellegat,Paulina,quality,0.11493948129299346,0.01307644248008728,True
Paulina:1117:676:1,Paulina:4:2,1998.0,2001.0,1,Hellegat,Paulina,quality,0.20392232910397887,0.20699683366176497,True
Paulina:1117:676:4,Paulina:4:2,2008.0,2010.0,0,Hellegat,Paulina,quality,0.12157296319518936,0.01307644248008728,True
Paulina:1117:676:4,Paulina:4:2,2010.0,2011.0,0,Hellegat,Paulina,quality,0.07320187279020329,0.20699683366176497,True
Paulina:1117:676:4,Paulina:4:2,2011.0,2012.0,0,Hellegat,Paulina,quality,0.08606781258436154,0.03326407670974731,True
Paulina:1096:641:2,Paulina:4:2,1998.0,2001.0,0,Hellegat,Paulina,quality,0.21930456640421694,0.012720763683319092,True
Paulina:1096:641:2,Paulina:4:2,2001.0,2008.0,0,Hellegat,Paulina,quality,0.36956615307791735,0.02563931941986084,True
Paulina:1096:641:2,Paulina:4:2,2008.0,2010.0,0,Hellegat,Paulina,quality,0.10568502912624317,0.06552992633181663,True
Paulina:1096:641:2,Paulina:4:2,2010.0,2011.0,0,Hellegat,Paulina,quality,0.0703501211283155,0.07161604366616807,True
Paulina:1096:641:2,Paulina:4:2,2011.0,2012.0,0,Hellegat,Paulina,quality,0.08459347196708382,0.09834255034589832,True
Paulina:1112:606:4,Paulina:4:2,2008.0,2010.0,0,Hellegat,Paulina,quality,0.11250986616946737,0.046261274814605714,True
Paulina:1112:606:4,Paulina:4:2,2010.0,2011.0,0,Hellegat,Paulina,quality,0.06644006772355211,0.25887618694984327,True
Paulina:1112:606:4,Paulina:4:2,2011.0,2012.0,0,Hellegat,Paulina,quality,0.07810898666602037,0.07134768962860108,True
Paulina:1111:609:4,Paulina:4:2,2008.0,2010.0,0,Hellegat,Paulina,quality,0.11250986616946737,0.046261274814605714,True
Paulina:1111:609:4,Paulina:4:2,2010.0,2011.0,0,Hellegat,Paulina,quality,0.06644006772355211,0.25887618694984327,True
Paulina:1111:609:4,Paulina:4:2,2011.0,2012.0,0,Hellegat,Paulina,quality,0.07810898666602037,0.07134768962860108,True
Paulina:1114:586:1,Paulina:4:2,1996.0,1998.0,0,Hellegat,Paulina,quality,0.10320640990272106,0.04918502867221832,True
Paulina:1114:586:1,Paulina:4:2,1998.0,2001.0,0,Hellegat,Paulina,quality,0.18004654024164993,0.2687558756545855,True
Paulina:1114:586:1,Paulina:4:2,2001.0,2008.0,0,Hellegat,Paulina,quality,0.3327756130161172,0.1523921143339398,True
Paulina:1114:586:1,Paulina:4:2,2008.0,2010.0,0,Hellegat,Paulina,quality,0.09659779017164484,0.055664328914567296,True
Paulina:1114:586:1,Paulina:4:2,2010.0,2011.0,0,Hellegat,Paulina,quality,0.06443721512788138,0.09718966551040271,True
Paulina:1114:586:1,Paulina:4:2,2011.0,2012.0,0,Hellegat,Paulina,quality,0.07765624224686982,0.13799841818763509,True
Paulina:1100:604:4,Paulina:4:2,2008.0,2010.0,0,Hellegat,Paulina,quality,0.11250986616946737,0.046261274814605714,True
Paulina:1100:604:4,Paulina:4:2,2010.0,2011.0,0,Hellegat,Paulina,quality,0.06644006772355211,0.25887618694984327,True
Paulina:1100:604:4,Paulina:4:2,2011.0,2012.0,0,Hellegat,Paulina,quality,0.07810898666602037,0.07134768962860108,True
Paulina:1119:614:4,Paulina:4:2,2008.0,2010.0,0,Hellegat,Paulina,quality,0.11250986616946737,0.046261274814605714,True
Paulina:1119:614:4,Paulina:4:2,2010.0,2011.0,0,Hellegat,Paulina,quality,0.06644006772355211,0.25887618694984327,True
Paulina:1119:614:4,Paulina:4:2,2011.0,2012.0,0,Hellegat,Paulina,quality,0.07810898666602037,0.07134768962860108,True
Paulina:1091:629:4,Paulina:4:2,2008.0,2010.0,0,Hellegat,Paulina,quality,0.11780950038459742,0.01236531138420105,True
Paulina:1091:629:4,Paulina:4:2,2010.0,2011.0,0,Hellegat,Paulina,quality,0.0703693802860603,0.23214213081941706,True
Paulina:1091:629:4,Paulina:4:2,2011.0,2012.0,0,Hellegat,Paulina,quality,0.08273226626151342,0.03199970126152039,True
Paulina:1098:854:4,Paulina:4:3,2008.0,2010.0,0,Hellegat,Paulina,quality,0.15293364462423684,0.06877974271774293,True
Paulina:1098:854:4,Paulina:4:3,2010.0,2011.0,0,Hellegat,Paulina,quality,0.09789844569104263,0.2821753459516484,True
Paulina:1098:854:4,Paulina:4:3,2011.0,2012.0,0,Hellegat,Paulina,quality,0.11522177417035717,0.1084437370300293,True
Paulina:1089:936:1,Paulina:4:3,1996.0,1998.0,1,Hellegat,Paulina,quality,0.15673427386835542,0.11891264915466308,True
Paulina:1110:880:1,Paulina:4:3,1996.0,1998.0,0,Hellegat,Paulina,quality,0.14703372972420362,0.08774253129959106,True
Paulina:1110:880:1,Paulina:4:3,1998.0,2001.0,0,Hellegat,Paulina,quality,0.2706784786108308,0.2899987623775057,True
Paulina:1110:880:1,Paulina:4:3,2001.0,2008.0,0,Hellegat,Paulina,quality,0.47359339859250377,0.16007790565490723,True
Paulina:1110:880:1,Paulina:4:3,2008.0,2010.0,0,Hellegat,Paulina,quality,0.14174748473104096,0.11939939470522201,True
Paulina:1110:880:1,Paulina:4:3,2010.0,2011.0,0,Hellegat,Paulina,quality,0.09417672775609578,0.10330615864159107,True
Paulina:1110:880:1,Paulina:4:3,2011.0,2012.0,0,Hellegat,Paulina,quality,0.11246711653285796,0.08226330408272622,True
Paulina:1099:914:4,Paulina:4:3,2008.0,2010.0,0,Hellegat,Paulina,quality,0.16333039094225754,0.11350040435791016,True
Paulina:1099:914:4,Paulina:4:3,2010.0,2011.0,1,Hellegat,Paulina,quality,0.10641933615029363,0.3303064461242413,True
Paulina:1097:865:1,Paulina:4:3,1996.0,1998.0,1,Hellegat,Paulina,quality,0.14703372972420362,0.08774253129959106,True
Paulina:1097:865:4,Paulina:4:3,2008.0,2010.0,0,Hellegat,Paulina,quality,0.15535112646272228,0.08774253129959106,True
Paulina:1097:865:4,Paulina:4:3,2010.0,2011.0,0,Hellegat,Paulina,quality,0.09986770611837784,0.2899987623775057,True
Paulina:1097:865:4,Paulina:4:3,2011.0,2012.0,0,Hellegat,Paulina,quality,0.11755013077357178,0.12740652561187743,True
Paulina:1091:917:5,Paulina:4:3,2010.0,2011.0,0,Hellegat,Paulina,quality,0.10911189554721697,0.11350040435791016,True
Paulina:1091:917:5,Paulina:4:3,2011.0,2012.0,0,Hellegat,Paulina,quality,0.12876714788630367,0.4434203678207294,True
Paulina:1120:870:4,Paulina:4:3,2008.0,2010.0,0,Hellegat,Paulina,quality,0.15073364581648635,0.06293292045593261,True
Paulina:1120:870:4,Paulina:4:3,2010.0,2011.0,0,Hellegat,Paulina,quality,0.09611314866655202,0.2771658720955452,True
Paulina:1120:870:4,Paulina:4:3,2011.0,2012.0,0,Hellegat,Paulina,quality,0.11311123113461927,0.102596914768219,True
Paulina:1094:936:5,Paulina:4:3,2010.0,2011.0,0,Hellegat,Paulina,quality,0.11064070047926934,0.11891264915466308,True
Paulina:1094:936:5,Paulina:4:3,2011.0,2012.0,0,Hellegat,Paulina,quality,0.1308452400997877,0.4526358583390471,True
Paulina:1111:874:4,Paulina:4:3,2008.0,2010.0,0,Hellegat,Paulina,quality,0.15293364462423684,0.06877974271774293,True
Paulina:1111:874:4,Paulina:4:3,2010.0,2011.0,0,Hellegat,Paulina,quality,0.09789844569104263,0.2821753459516484,True
Paulina:1111:874:4,Paulina:4:3,2011.0,2012.0,0,Hellegat,Paulina,quality,0.11522177417035717,0.1084437370300293,True
Paulina:1115:927:1,Paulina:4:3,1996.0,1998.0,0,Hellegat,Paulina,quality,0.1522608712876517,0.10733747482299805,True
Paulina:1115:927:1,Paulina:4:3,1998.0,2001.0,1,Hellegat,Paulina,quality,0.28156922130516204,0.31578658150720174,True
Paulina:1115:927:4,Paulina:4:3,2008.0,2010.0,0,Hellegat,Paulina,quality,0.16084518901950523,0.10733747482299805,True
Paulina:1115:927:4,Paulina:4:3,2010.0,2011.0,0,Hellegat,Paulina,quality,0.10437066466235362,0.31578658150720174,True
Paulina:1115:927:4,Paulina:4:3,2011.0,2012.0,0,Hellegat,Paulina,quality,0.12287530096348552,0.16936192512512208,True
Paulina:1121:945:1,Paulina:4:3,1996.0,1998.0,1,Hellegat,Paulina,quality,0.15462598505767516,0.11350040435791016,True
Paulina:1121:945:5,Paulina:4:3,2010.0,2011.0,0,Hellegat,Paulina,quality,0.10911189554721697,0.11350040435791016,True
Paulina:1121:945:5,Paulina:4:3,2011.0,2012.0,0,Hellegat,Paulina,quality,0.12876714788630367,0.4434203678207294,True
Paulina:1094:938:5,Paulina:4:3,2010.0,2011.0,0,Hellegat,Paulina,quality,0.11064070047926934,0.11891264915466308,True
Paulina:1094:938:5,Paulina:4:3,2011.0,2012.0,0,Hellegat,Paulina,quality,0.1308452400997877,0.4526358583390471,True
Paulina:1108:877:1,Paulina:4:3,1996.0,1998.0,0,Hellegat,Paulina,quality,0.14703372972420362,0.08774253129959106,True
Paulina:1108:877:1,Paulina:4:3,1998.0,2001.0,1,Hellegat,Paulina,quality,0.2706784786108308,0.2899987623775057,True
Paulina:1108:877:4,Paulina:4:3,2008.0,2010.0,0,Hellegat,Paulina,quality,0.15535112646272228,0.08774253129959106,True
Paulina:1108:877:4,Paulina:4:3,2010.0,2011.0,0,Hellegat,Paulina,quality,0.09986770611837784,0.2899987623775057,True
Paulina:1108:877:4,Paulina:4:3,2011.0,2012.0,0,Hellegat,Paulina,quality,0.11755013077357178,0.12740652561187743,True
Paulina:1101:840:5,Paulina:4:3,2010.0,2011.0,0,Hellegat,Paulina,quality,0.10044453473962504,0.06293292045593261,True
Paulina:1101:840:5,Paulina:4:3,2011.0,2012.0,0,Hellegat,Paulina,quality,0.11702455019201631,0.37670341583346134,True
Paulina:1116:913:4,Paulina:4:3,2008.0,2010.0,0,Hellegat,Paulina,quality,0.15796444898037731,0.10006840229034424,True
Paulina:1116:913:4,Paulina:4:3,2010.0,2011.0,0,Hellegat,Paulina,quality,0.10200496845677641,0.300973347684523,True
Paulina:1116:913:4,Paulina:4:3,2011.0,2012.0,0,Hellegat,Paulina,quality,0.12007746191623352,0.14755470752716066,True
Paulina:1110:930:4,Paulina:4:3,2008.0,2010.0,0,Hellegat,Paulina,quality,0.16333039094225754,0.11350040435791016,True
Paulina:1110:930:4,Paulina:4:3,2010.0,2011.0,0,Hellegat,Paulina,quality,0.10641933615029363,0.3303064461242413,True
Paulina:1110:930:4,Paulina:4:3,2011.0,2012.0,0,Hellegat,Paulina,quality,0.12529837009476644,0.1878507137298584,True
Paulina:1089:871:1,Paulina:4:3,1996.0,1998.0,0,Hellegat,Paulina,quality,0.14951984091664866,0.10006840229034424,True
Paulina:1089:871:1,Paulina:4:3,1998.0,2001.0,1,Hellegat,Paulina,quality,0.2758612276837522,0.300973347684523,True
Paulina:1089:871:4,Paulina:4:3,2008.0,2010.0,0,Hellegat,Paulina,quality,0.15796444898037731,0.10006840229034424,True
Paulina:1089:871:4,Paulina:4:3,2010.0,2011.0,0,Hellegat,Paulina,quality,0.10200496845677641,0.300973347684523,True
Paulina:1089:871:4,Paulina:4:3,2011.0,2012.0,0,Hellegat,Paulina,quality,0.12007746191623352,0.14755470752716066,True
Paulina:1114:906:4,Paulina:4:3,2008.0,2010.0,0,Hellegat,Paulina,quality,0.15796444898037731,0.10006840229034424,True
Paulina:1114:906:4,Paulina:4:3,2010.0,2011.0,0,Hellegat,Paulina,quality,0.10200496845677641,0.300973347684523,True
Paulina:1114:906:4,Paulina:4:3,2011.0,2012.0,0,Hellegat,Paulina,quality,0.12007746191623352,0.14755470752716066,True
Paulina:1105:911:1,Paulina:4:3,1996.0,1998.0,1,Hellegat,Paulina,quality,0.1522608712876517,0.10733747482299805,True
Paulina:1105:911:4,Paulina:4:3,2008.0,2010.0,0,Hellegat,Paulina,quality,0.16084518901950523,0.10733747482299805,True
Paulina:1105:911:4,Paulina:4:3,2010.0,2011.0,0,Hellegat,Paulina,quality,0.10437066466235362,0.31578658150720174,True
Paulina:1105:911:4,Paulina:4:3,2011.0,2012.0,0,Hellegat,Paulina,quality,0.12287530096348552,0.16936192512512208,True
Paulina:393:97:2,Paulina:1:0,1998.0,2001.0,0,Hellegat,Paulina,spatial,0.24357900727386586,0.0357867421964127,True
Paulina:393:97:2,Paulina:1:0,2001.0,2008.0,0,Hellegat,Paulina,spatial,0.5047128430179718,0.06693296397159194,True
Paulina:393:97:2,Paulina:1:0,2008.0,2010.0,0,Hellegat,Paulina,spatial,0.2081960914280935,0.06588101608793714,True
Paulina:393:97:2,Paulina:1:0,2010.0,2011.0,0,Hellegat,Paulina,spatial,0.11134383218203381,0.043384043269587204,True
Paulina:393:97:2,Paulina:1:0,2011.0,2012.0,0,Hellegat,Paulina,spatial,0.11167718710008463,0.043384043269587204,True
Paulina:376:80:4,Paulina:1:0,2008.0,2010.0,0,Hellegat,Paulina,spatial,0.23277841613361044,0.05231874513971759,True
Paulina:376:80:4,Paulina:1:0,2010.0,2011.0,0,Hellegat,Paulina,spatial,0.10980345422222808,0.2826957064024456,True
Paulina:376:80:4,Paulina:1:0,2011.0,2012.0,0,Hellegat,Paulina,spatial,0.10700804635203212,0.0783349382391181,True
Paulina:374:88:3,Paulina:1:0,2001.0,2008.0,0,Hellegat,Paulina,spatial,0.4810165089469481,0.03331858554517315,True
Paulina:374:88:3,Paulina:1:0,2008.0,2010.0,0,Hellegat,Paulina,spatial,0.20538741050752718,0.13596882670610186,True
Paulina:374:88:3,Paulina:1:0,2010.0,2011.0,0,Hellegat,Paulina,spatial,0.1094085988337825,0.12225156533502317,True
Paulina:374:88:3,Paulina:1:0,2011.0,2012.0,0,Hellegat,Paulina,spatial,0.10959538640401757,0.06416517578967298,True
Paulina:366:162:4,Paulina:1:0,2008.0,2010.0,0,Hellegat,Paulina,spatial,0.27157022252300844,0.09299675822257995,True
Paulina:366:162:4,Paulina:1:0,2010.0,2011.0,0,Hellegat,Paulina,spatial,0.13597243477651005,0.21588883438431222,True
Paulina:366:162:4,Paulina:1:0,2011.0,2012.0,0,Hellegat,Paulina,spatial,0.12529747670747474,0.10682401061058044,True
Paulina:347:87:4,Paulina:1:0,2008.0,2010.0,0,Hellegat,Paulina,spatial,0.24492670149290505,0.046261274814605714,True
Paulina:347:87:4,Paulina:1:0,2010.0,2011.0,0,Hellegat,Paulina,spatial,0.1163792960926418,0.25887618694984327,True
Paulina:347:87:4,Paulina:1:0,2011.0,2012.0,0,Hellegat,Paulina,spatial,0.11329043119138812,0.07134768962860108,True
Paulina:366:188:4,Paulina:1:0,2008.0,2010.0,0,Hellegat,Paulina,spatial,0.27823126699491013,0.044128131866455075,True
Paulina:366:188:4,Paulina:1:0,2010.0,2011.0,0,Hellegat,Paulina,spatial,0.14359300253283291,0.21556237093787906,True
Paulina:366:188:4,Paulina:1:0,2011.0,2012.0,0,Hellegat,Paulina,spatial,0.12752636810737375,0.11385611295700074,True
Paulina:324:170:4,Paulina:1:0,2008.0,2010.0,0,Hellegat,Paulina,spatial,0.286338839610838,0.03839975595474243,True
Paulina:324:170:4,Paulina:1:0,2010.0,2011.0,0,Hellegat,Paulina,spatial,0.14440731663429135,0.22427068463811123,True
Paulina:324:170:4,Paulina:1:0,2011.0,2012.0,0,Hellegat,Paulina,spatial,0.12002103685137633,0.10812773704528808,True
Paulina:351:100:3,Paulina:1:0,2001.0,2008.0,0,Hellegat,Paulina,spatial,0.4363232781531721,0.026547998189926147,True
Paulina:351:100:3,Paulina:1:0,2008.0,2010.0,0,Hellegat,Paulina,spatial,0.21926752357352522,0.08072024327857866,True
Paulina:351:100:3,Paulina:1:0,2010.0,2011.0,0,Hellegat,Paulina,spatial,0.1160552500771563,0.11639709483447028,True
Paulina:351:100:3,Paulina:1:0,2011.0,2012.0,0,Hellegat,Paulina,spatial,0.11583347600178598,0.0881700581803958,True
Paulina:343:86:4,Paulina:1:0,2008.0,2010.0,0,Hellegat,Paulina,spatial,0.2450596448592756,0.046261274814605714,True
Paulina:343:86:4,Paulina:1:0,2010.0,2011.0,0,Hellegat,Paulina,spatial,0.11634390369819676,0.25887618694984327,True
Paulina:343:86:4,Paulina:1:0,2011.0,2012.0,0,Hellegat,Paulina,spatial,0.11318808576320011,0.07134768962860108,True
Paulina:379:148:4,Paulina:1:0,2008.0,2010.0,0,Hellegat,Paulina,spatial,0.26151512013893746,0.01307644248008728,True
Paulina:379:148:4,Paulina:1:0,2010.0,2011.0,0,Hellegat,Paulina,spatial,0.12904051833916436,0.20699683366176497,True
Paulina:379:148:4,Paulina:1:0,2011.0,2012.0,0,Hellegat,Paulina,spatial,0.12513107469775783,0.03326407670974731,True
Paulina:325:158:4,Paulina:1:0,2008.0,2010.0,0,Hellegat,Paulina,spatial,0.28339352499448695,0.06510587930679321,True
Paulina:325:158:4,Paulina:1:0,2010.0,2011.0,0,Hellegat,Paulina,spatial,0.13973286373824537,0.21591222867540966,True
Paulina:325:158:4,Paulina:1:0,2011.0,2012.0,0,Hellegat,Paulina,spatial,0.12373898098612135,0.12361400723457336,True
Paulina:377:152:4,Paulina:1:0,2008.0,2010.0,0,Hellegat,Paulina,spatial,0.26523016341046657,0.03156489133834839,True
Paulina:377:152:4,Paulina:1:0,2010.0,2011.0,0,Hellegat,Paulina,spatial,0.13166116204234313,0.20810785935071768,True
Paulina:377:152:4,Paulina:1:0,2011.0,2012.0,0,Hellegat,Paulina,spatial,0.12517926666716261,0.051752525568008426,True
Paulina:404:169:4,Paulina:1:0,2008.0,2010.0,0,Hellegat,Paulina,spatial,0.2612415246496096,0.03156489133834839,True
Paulina:404:169:4,Paulina:1:0,2010.0,2011.0,0,Hellegat,Paulina,spatial,0.1282376998806608,0.20810785935071768,True
Paulina:404:169:4,Paulina:1:0,2011.0,2012.0,0,Hellegat,Paulina,spatial,0.12675636642285812,0.051752525568008426,True
Paulina:340:145:4,Paulina:1:0,2008.0,2010.0,0,Hellegat,Paulina,spatial,0.2733118829091642,0.09299675822257995,True
Paulina:340:145:4,Paulina:1:0,2010.0,2011.0,0,Hellegat,Paulina,spatial,0.13501908114939568,0.21588883438431222,True
Paulina:340:145:4,Paulina:1:0,2011.0,2012.0,0,Hellegat,Paulina,spatial,0.12786635606134272,0.10682401061058044,True
Paulina:389:162:4,Paulina:1:0,2008.0,2010.0,0,Hellegat,Paulina,spatial,0.2617361193257357,0.03156489133834839,True
Paulina:389:162:4,Paulina:1:0,2010.0,2011.0,0,Hellegat,Paulina,spatial,0.12997424861783566,0.20810785935071768,True
Paulina:389:162:4,Paulina:1:0,2011.0,2012.0,0,Hellegat,Paulina,spatial,0.1257404258583177,0.051752525568008426,True
Paulina:390:156:4,Paulina:1:0,2008.0,2010.0,0,Hellegat,Paulina,spatial,0.259293016331082,0.01307644248008728,True
Paulina:390:156:4,Paulina:1:0,2010.0,2011.0,0,Hellegat,Paulina,spatial,0.12832409818408957,0.20699683366176497,True
Paulina:390:156:4,Paulina:1:0,2011.0,2012.0,0,Hellegat,Paulina,spatial,0.1239039972717258,0.03326407670974731,True
Paulina:355:173:4,Paulina:1:0,2008.0,2010.0,0,Hellegat,Paulina,spatial,0.2831291126744129,0.06510587930679321,True
Paulina:355:173:4,Paulina:1:0,2010.0,2011.0,1,Hellegat,Paulina,spatial,0.1429348550223138,0.21591222867540966,True
Paulina:336:86:4,Paulina:1:0,2008.0,2010.0,0,Hellegat,Paulina,spatial,0.24509020803947862,0.046261274814605714,True
Paulina:336:86:4,Paulina:1:0,2010.0,2011.0,0,Hellegat,Paulina,spatial,0.11568688322666765,0.25887618694984327,True
Paulina:336:86:4,Paulina:1:0,2011.0,2012.0,0,Hellegat,Paulina,spatial,0.11243228147858676,0.07134768962860108,True
Paulina:408:85:1,Paulina:1:0,1996.0,1998.0,1,Hellegat,Paulina,spatial,0.1634041111747606,0.10116582815242388,True
Paulina:408:85:3,Paulina:1:0,2001.0,2008.0,0,Hellegat,Paulina,spatial,0.565186431990061,0.10116582815242388,True
Paulina:408:85:3,Paulina:1:0,2008.0,2010.0,0,Hellegat,Paulina,spatial,0.1959800481027951,0.1638919614792799,True
Paulina:408:85:3,Paulina:1:0,2010.0,2011.0,0,Hellegat,Paulina,spatial,0.10438069214864183,0.1304449825412123,True
Paulina:408:85:3,Paulina:1:0,2011.0,2012.0,0,Hellegat,Paulina,spatial,0.10475853505147303,0.10823624505297362,True
Paulina:344:77:3,Paulina:1:0,2001.0,2008.0,0,Hellegat,Paulina,spatial,0.3696731610953125,0.04937543024797008,True
Paulina:344:77:3,Paulina:1:0,2008.0,2010.0,0,Hellegat,Paulina,spatial,0.20791227626412181,0.13118400665510324,True
Paulina:344:77:3,Paulina:1:0,2010.0,2011.0,0,Hellegat,Paulina,spatial,0.11035306886564021,0.11905897191841183,True
Paulina:344:77:3,Paulina:1:0,2011.0,2012.0,0,Hellegat,Paulina,spatial,0.10964206834636483,0.07452599479749351,True
Paulina:326:118:2,Paulina:1:0,1998.0,2001.0,0,Hellegat,Paulina,spatial,0.18951829464469266,0.03156489133834839,True
Paulina:326:118:2,Paulina:1:0,2001.0,2008.0,0,Hellegat,Paulina,spatial,0.4119203559086345,0.051752525568008426,True
Paulina:326:118:2,Paulina:1:0,2008.0,2010.0,0,Hellegat,Paulina,spatial,0.23875361590565425,0.08215991071562398,True
Paulina:326:118:2,Paulina:1:0,2010.0,2011.0,0,Hellegat,Paulina,spatial,0.12570200198555684,0.0985809672916862,True
Paulina:326:118:2,Paulina:1:0,2011.0,2012.0,0,Hellegat,Paulina,spatial,0.12355686082587682,0.1255912890773942,True
Paulina:363:92:2,Paulina:1:0,1998.0,2001.0,0,Hellegat,Paulina,spatial,0.17872298759179397,0.05732300877571106,True
Paulina:363:92:2,Paulina:1:0,2001.0,2008.0,0,Hellegat,Paulina,spatial,0.41547501336503306,0.07687861323356629,True
Paulina:363:92:2,Paulina:1:0,2008.0,2010.0,0,Hellegat,Paulina,spatial,0.21517090743883902,0.0828835427761078,True
Paulina:363:92:2,Paulina:1:0,2010.0,2011.0,0,Hellegat,Paulina,spatial,0.11488716439581222,0.06673903292047613,True
Paulina:363:92:2,Paulina:1:0,2011.0,2012.0,0,Hellegat,Paulina,spatial,0.11523827670322158,0.06673903292047613,True
Paulina:337:83:4,Paulina:1:0,2008.0,2010.0,0,Hellegat,Paulina,spatial,0.2434107072463171,0.047170415236881036,True
Paulina:337:83:4,Paulina:1:0,2010.0,2011.0,0,Hellegat,Paulina,spatial,0.1162344541483429,0.2589070713408733,True
Paulina:337:83:4,Paulina:1:0,2011.0,2012.0,0,Hellegat,Paulina,spatial,0.11302402587955906,0.07219885929821775,True
Paulina:418:347:4,Paulina:1:1,2008.0,2010.0,0,Hellegat,Paulina,spatial,0.2637901104774636,0.171258282661438,True
Paulina:418:347:4,Paulina:1:1,2010.0,2011.0,0,Hellegat,Paulina,spatial,0.1553371533678527,0.36505019968692454,True
Paulina:418:347:4,Paulina:1:1,2011.0,2012.0,0,Hellegat,Paulina,spatial,0.1382972111773712,0.2542176278723316,True
Paulina:431:322:5,Paulina:1:1,2010.0,2011.0,1,Hellegat,Paulina,spatial,0.1485280402859623,0.10733747482299805,True
Paulina:385:335:2,Paulina:1:1,1998.0,2001.0,0,Hellegat,Paulina,spatial,0.3503820239439936,0.2042458772659302,True
Paulina:385:335:2,Paulina:1:1,2001.0,2008.0,0,Hellegat,Paulina,spatial,0.4539206879787996,0.2819324080400946,True
Paulina:385:335:2,Paulina:1:1,2008.0,2010.0,0,Hellegat,Paulina,spatial,0.24952934194085621,0.24382014821324466,True
Paulina:385:335:2,Paulina:1:1,2010.0,2011.0,0,Hellegat,Paulina,spatial,0.15534973274643077,0.24278876134105615,True
Paulina:385:335:2,Paulina:1:1,2011.0,2012.0,0,Hellegat,Paulina,spatial,0.14099346087261322,0.23282246800963344,True
Paulina:379:334:5,Paulina:1:1,2010.0,2011.0,0,Hellegat,Paulina,spatial,0.16653799256238425,0.24059123992919923,True
Paulina:379:334:5,Paulina:1:1,2011.0,2012.0,0,Hellegat,Paulina,spatial,0.15169596391976237,0.5254591908018545,True
Paulina:446:371:4,Paulina:1:1,2008.0,2010.0,0,Hellegat,Paulina,spatial,0.20095549163830195,0.171258282661438,True
Paulina:446:371:4,Paulina:1:1,2010.0,2011.0,0,Hellegat,Paulina,spatial,0.10989003601686625,0.36505019968692454,True
Paulina:446:371:4,Paulina:1:1,2011.0,2012.0,0,Hellegat,Paulina,spatial,0.09992956997100591,0.2542176278723316,True
Paulina:403:337:1,Paulina:1:1,1996.0,1998.0,0,Hellegat,Paulina,spatial,0.17777089584431124,0.171258282661438,True
Paulina:403:337:1,Paulina:1:1,1998.0,2001.0,1,Hellegat,Paulina,spatial,0.34282292725543284,0.36505019968692454,True
Paulina:403:337:5,Paulina:1:1,2010.0,2011.0,0,Hellegat,Paulina,spatial,0.1712363095739636,0.171258282661438,True
Paulina:403:337:5,Paulina:1:1,2011.0,2012.0,0,Hellegat,Paulina,spatial,0.1528132172027877,0.4830932784511724,True
Paulina:390:336:5,Paulina:1:1,2010.0,2011.0,1,Hellegat,Paulina,spatial,0.16953042280689076,0.2042458772659302,True
Paulina:594:120:1,Paulina:2:0,1996.0,1998.0,0,Hellegat,Paulina,spatial,0.20807202430610122,0.6966013622466991,True
Paulina:594:120:1,Paulina:2:0,1998.0,2001.0,0,Hellegat,Paulina,spatial,0.2570223439611971,0.7352344398503008,True
Paulina:594:120:1,Paulina:2:0,2001.0,2008.0,0,Hellegat,Paulina,spatial,0.4819344826146073,0.7677846664196377,True
Paulina:594:120:1,Paulina:2:0,2008.0,2010.0,0,Hellegat,Paulina,spatial,0.1838474090771145,0.7387040597318073,True
Paulina:594:120:1,Paulina:2:0,2010.0,2011.0,0,Hellegat,Paulina,spatial,0.09796110832342914,0.7638540173815885,True
Paulina:594:120:1,Paulina:2:0,2011.0,2012.0,0,Hellegat,Paulina,spatial,0.09877808300818024,0.77624790587735,True
Paulina:668:186:1,Paulina:2:0,1996.0,1998.0,0,Hellegat,Paulina,spatial,0.1949979806501507,0.3023756562902764,True
Paulina:668:186:1,Paulina:2:0,1998.0,2001.0,0,Hellegat,Paulina,spatial,0.23776785937986283,0.4037254091227783,True
Paulina:668:186:1,Paulina:2:0,2001.0,2008.0,0,Hellegat,Paulina,spatial,0.45037759266362964,0.4041126457635914,True
Paulina:668:186:1,Paulina:2:0,2008.0,2010.0,0,Hellegat,Paulina,spatial,0.17986694763073605,0.3385503748364542,True
Paulina:668:186:1,Paulina:2:0,2010.0,2011.0,0,Hellegat,Paulina,spatial,0.09645446303476599,0.37732183327127755,True
Paulina:668:186:1,Paulina:2:0,2011.0,2012.0,0,Hellegat,Paulina,spatial,0.09562198695171394,0.40157661078153933,True
Paulina:584:138:1,Paulina:2:0,1996.0,1998.0,0,Hellegat,Paulina,spatial,0.20356532561494575,0.36875818726702325,True
Paulina:584:138:1,Paulina:2:0,1998.0,2001.0,0,Hellegat,Paulina,spatial,0.25155769962680546,0.4547686367121348,True
Paulina:584:138:1,Paulina:2:0,2001.0,2008.0,0,Hellegat,Paulina,spatial,0.47379403085338045,0.45463774720057054,True
Paulina:584:138:1,Paulina:2:0,2008.0,2010.0,0,Hellegat,Paulina,spatial,0.1813715914297035,0.3975143726527038,True
Paulina:584:138:1,Paulina:2:0,2010.0,2011.0,0,Hellegat,Paulina,spatial,0.09716732903611294,0.4308285577816851,True
Paulina:584:138:1,Paulina:2:0,2011.0,2012.0,0,Hellegat,Paulina,spatial,0.09766057563767205,0.45223991244679357,True
Paulina:660:338:4,Paulina:2:1,2008.0,2010.0,0,Hellegat,Paulina,spatial,0.12274198287529915,0.01307644248008728,True
Paulina:660:338:4,Paulina:2:1,2010.0,2011.0,0,Hellegat,Paulina,spatial,0.09122145590149124,0.20699683366176497,True
Paulina:660:338:4,Paulina:2:1,2011.0,2012.0,0,Hellegat,Paulina,spatial,0.08144775401502498,0.03326407670974731,True
Paulina:607:327:5,Paulina:2:1,2010.0,2011.0,0,Hellegat,Paulina,spatial,0.10499223891288281,0.09299675822257995,True
Paulina:607:327:5,Paulina:2:1,2011.0,2012.0,0,Hellegat,Paulina,spatial,0.09191588607321904,0.32018944374540503,True
Paulina:643:390:2,Paulina:2:1,1998.0,2001.0,1,Hellegat,Paulina,spatial,0.16060022064924462,0.03839975595474243,True
Paulina:643:390:4,Paulina:2:1,2008.0,2010.0,0,Hellegat,Paulina,spatial,0.13284063227362777,0.03839975595474243,True
Paulina:643:390:4,Paulina:2:1,2010.0,2011.0,0,Hellegat,Paulina,spatial,0.08396933541703824,0.22427068463811123,True
Paulina:643:390:4,Paulina:2:1,2011.0,2012.0,0,Hellegat,Paulina,spatial,0.07513590957999586,0.10812773704528808,True
Paulina:608:369:5,Paulina:2:1,2010.0,2011.0,1,Hellegat,Paulina,spatial,0.09715896837015658,0.03839975595474243,True
Paulina:673:390:4,Paulina:2:1,2008.0,2010.0,0,Hellegat,Paulina,spatial,0.14238520920844377,0.08430570363998413,True
Paulina:673:390:4,Paulina:2:1,2010.0,2011.0,0,Hellegat,Paulina,spatial,0.08979395742364366,0.2156785475379966,True
Paulina:673:390:4,Paulina:2:1,2011.0,2012.0,0,Hellegat,Paulina,spatial,0.08324719096517348,0.12302143573760986,True
Paulina:620:333:1,Paulina:2:1,1996.0,1998.0,0,Hellegat,Paulina,spatial,0.12196411427574345,0.09299675822257995,True
Paulina:620:333:1,Paulina:2:1,1998.0,2001.0,0,Hellegat,Paulina,spatial,0.1709605410382259,0.21588883438431222,True
Paulina:620:333:1,Paulina:2:1,2001.0,2008.0,0,Hellegat,Paulina,spatial,0.3221187104240007,0.10682401061058044,True
Paulina:620:333:1,Paulina:2:1,2008.0,2010.0,0,Hellegat,Paulina,spatial,0.13640054296294285,0.13547333901108866,True
Paulina:620:333:1,Paulina:2:1,2010.0,2011.0,0,Hellegat,Paulina,spatial,0.10037849035196142,0.12553934435820402,True
Paulina:620:333:1,Paulina:2:1,2011.0,2012.0,0,Hellegat,Paulina,spatial,0.0944716730308444,0.1136670989735239,True
Paulina:580:323:1,Paulina:2:1,1996.0,1998.0,0,Hellegat,Paulina,spatial,0.11808512341947972,0.08430570363998413,True
Paulina:580:323:1,Paulina:2:1,1998.0,2001.0,1,Hellegat,Paulina,spatial,0.16702775451847032,0.2156785475379966,True
Paulina:580:323:4,Paulina:2:1,2008.0,2010.0,0,Hellegat,Paulina,spatial,0.14834554735993888,0.08430570363998413,True
Paulina:580:323:4,Paulina:2:1,2010.0,2011.0,0,Hellegat,Paulina,spatial,0.08872245754227227,0.2156785475379966,True
Paulina:580:323:4,Paulina:2:1,2011.0,2012.0,0,Hellegat,Paulina,spatial,0.08498200014155717,0.12302143573760986,True
Paulina:655:324:1,Paulina:2:1,1996.0,1998.0,1,Hellegat,Paulina,spatial,0.1010090979314089,0.012720763683319092,True
Paulina:655:324:4,Paulina:2:1,2008.0,2010.0,0,Hellegat,Paulina,spatial,0.12582033282190302,0.012720763683319092,True
Paulina:655:324:4,Paulina:2:1,2010.0,2011.0,0,Hellegat,Paulina,spatial,0.09670017763671207,0.22040948851767136,True
Paulina:655:324:4,Paulina:2:1,2011.0,2012.0,0,Hellegat,Paulina,spatial,0.08358909408573764,0.02563931941986084,True
Paulina:595:424:1,Paulina:2:1,1996.0,1998.0,1,Hellegat,Paulina,spatial,0.11876232041280502,0.06877974271774293,True
Paulina:656:407:3,Paulina:2:1,2001.0,2008.0,0,Hellegat,Paulina,spatial,0.3362237372279267,0.057599544525146484,True
Paulina:656:407:3,Paulina:2:1,2008.0,2010.0,0,Hellegat,Paulina,spatial,0.12233543475836592,0.11596991008997666,True
Paulina:656:407:3,Paulina:2:1,2010.0,2011.0,0,Hellegat,Paulina,spatial,0.07753866533258634,0.09869213372863493,True
Paulina:656:407:3,Paulina:2:1,2011.0,2012.0,0,Hellegat,Paulina,spatial,0.07093525634908311,0.09941637637609327,True
Paulina:675:386:5,Paulina:2:1,2010.0,2011.0,0,Hellegat,Paulina,spatial,0.09829587532892152,0.08430570363998413,True
Paulina:675:386:5,Paulina:2:1,2011.0,2012.0,0,Hellegat,Paulina,spatial,0.08833629972725363,0.3090800183586006,True
Paulina:598:324:4,Paulina:2:1,2008.0,2010.0,0,Hellegat,Paulina,spatial,0.14407177733169696,0.10362418889999389,True
Paulina:598:324:4,Paulina:2:1,2010.0,2011.0,0,Hellegat,Paulina,spatial,0.09526581571710059,0.2173731194498311,True
Paulina:598:324:4,Paulina:2:1,2011.0,2012.0,0,Hellegat,Paulina,spatial,0.08878456926788492,0.11658194065093994,True
Paulina:639:411:3,Paulina:2:1,2001.0,2008.0,1,Hellegat,Paulina,spatial,0.337631420901103,0.07988089323043823,True
Paulina:639:411:5,Paulina:2:1,2010.0,2011.0,1,Hellegat,Paulina,spatial,0.07920176796564699,0.07988089323043823,True
Paulina:613:330:4,Paulina:2:1,2008.0,2010.0,0,Hellegat,Paulina,spatial,0.14658173952854803,0.09299675822257995,True
Paulina:613:330:4,Paulina:2:1,2010.0,2011.0,0,Hellegat,Paulina,spatial,0.09661453045032341,0.21588883438431222,True
Paulina:613:330:4,Paulina:2:1,2011.0,2012.0,0,Hellegat,Paulina,spatial,0.08941300661901258,0.10682401061058044,True
Paulina:650:616:2,Paulina:2:2,1998.0,2001.0,1,Hellegat,Paulina,spatial,0.2209377665785834,0.4304171323776245,True
Paulina:650:616:4,Paulina:2:2,2008.0,2010.0,0,Hellegat,Paulina,spatial,0.17288181763604205,0.4304171323776245,True
Paulina:650:616:4,Paulina:2:2,2010.0,2011.0,0,Hellegat,Paulina,spatial,0.0953546541764145,0.5402618954934282,True
Paulina:650:616:4,Paulina:2:2,2011.0,2012.0,0,Hellegat,Paulina,spatial,0.09174107011443496,0.4839040098040379,True
Paulina:644:609:3,Paulina:2:2,2001.0,2008.0,0,Hellegat,Paulina,spatial,0.4449447442157955,0.4304171323776245,True
Paulina:644:609:3,Paulina:2:2,2008.0,2010.0,0,Hellegat,Paulina,spatial,0.17944267949080353,0.46158594666588904,True
Paulina:644:609:3,Paulina:2:2,2010.0,2011.0,0,Hellegat,Paulina,spatial,0.09621300102583977,0.4483005474023508,True
Paulina:644:609:3,Paulina:2:2,2011.0,2012.0,0,Hellegat,Paulina,spatial,0.09097323931828499,0.437606065524675,True
Paulina:691:596:4,Paulina:2:2,2008.0,2010.0,1,Hellegat,Paulina,spatial,0.14349004573523508,0.27061588764190675,True
Paulina:893:442:4,Paulina:3:1,2008.0,2010.0,0,Hellegat,Paulina,spatial,0.23328956807897264,0.05732300877571106,True
Paulina:893:442:4,Paulina:3:1,2010.0,2011.0,0,Hellegat,Paulina,spatial,0.10720865487395874,0.26331561534939174,True
Paulina:893:442:4,Paulina:3:1,2011.0,2012.0,0,Hellegat,Paulina,spatial,0.10583433704451622,0.07687861323356629,True
Paulina:842:380:4,Paulina:3:1,2008.0,2010.0,0,Hellegat,Paulina,spatial,0.21179506432394177,0.04906634986400604,True
Paulina:842:380:4,Paulina:3:1,2010.0,2011.0,0,Hellegat,Paulina,spatial,0.1034245091083047,0.2822629618396215,True
Paulina:842:380:4,Paulina:3:1,2011.0,2012.0,0,Hellegat,Paulina,spatial,0.09842799976116474,0.07569347396492958,True
Paulina:839:361:5,Paulina:3:1,2010.0,2011.0,0,Hellegat,Paulina,spatial,0.11257036832785045,0.08355511352419853,True
Paulina:839:361:5,Paulina:3:1,2011.0,2012.0,0,Hellegat,Paulina,spatial,0.10131838472298724,0.5556351589759574,True
Paulina:873:433:4,Paulina:3:1,2008.0,2010.0,0,Hellegat,Paulina,spatial,0.2182059647573216,0.046261274814605714,True
Paulina:873:433:4,Paulina:3:1,2010.0,2011.0,0,Hellegat,Paulina,spatial,0.10253368828820637,0.25887618694984327,True
Paulina:873:433:4,Paulina:3:1,2011.0,2012.0,0,Hellegat,Paulina,spatial,0.09966132599003942,0.07134768962860108,True
Paulina:863:416:4,Paulina:3:1,2008.0,2010.0,0,Hellegat,Paulina,spatial,0.22679345188488792,0.05732300877571106,True
Paulina:863:416:4,Paulina:3:1,2010.0,2011.0,0,Hellegat,Paulina,spatial,0.1011489574835077,0.26331561534939174,True
Paulina:863:416:4,Paulina:3:1,2011.0,2012.0,0,Hellegat,Paulina,spatial,0.09824188080750676,0.07687861323356629,True
Paulina:913:436:1,Paulina:3:1,1996.0,1998.0,0,Hellegat,Paulina,spatial,0.19531518502705655,0.030933231115341187,True
Paulina:913:436:1,Paulina:3:1,1998.0,2001.0,0,Hellegat,Paulina,spatial,0.2152079921488692,0.2742602571450707,True
Paulina:913:436:1,Paulina:3:1,2001.0,2008.0,0,Hellegat,Paulina,spatial,0.44787088366316624,0.1573629825424391,True
Paulina:913:436:1,Paulina:3:1,2008.0,2010.0,0,Hellegat,Paulina,spatial,0.2085331922688265,0.03998364210128784,True
Paulina:913:436:1,Paulina:3:1,2010.0,2011.0,0,Hellegat,Paulina,spatial,0.11016913249561648,0.09394558684144971,True
Paulina:913:436:1,Paulina:3:1,2011.0,2012.0,0,Hellegat,Paulina,spatial,0.1109288347494056,0.14278622758522191,True
Paulina:895:411:1,Paulina:3:1,1996.0,1998.0,0,Hellegat,Paulina,spatial,0.19783418065074054,0.04906634986400604,True
Paulina:895:411:1,Paulina:3:1,1998.0,2001.0,0,Hellegat,Paulina,spatial,0.21885364734392648,0.2822629618396215,True
Paulina:895:411:1,Paulina:3:1,2001.0,2008.0,0,Hellegat,Paulina,spatial,0.44149862649369576,0.1665229069878793,True
Paulina:895:411:1,Paulina:3:1,2008.0,2010.0,0,Hellegat,Paulina,spatial,0.20466897641460682,0.04846006664940191,True
Paulina:895:411:1,Paulina:3:1,2010.0,2011.0,0,Hellegat,Paulina,spatial,0.10894207706860053,0.09857003259791167,True
Paulina:895:411:1,Paulina:3:1,2011.0,2012.0,0,Hellegat,Paulina,spatial,0.10909940513631414,0.15221985713094804,True
Paulina:895:392:4,Paulina:3:1,2008.0,2010.0,0,Hellegat,Paulina,spatial,0.22563447505214737,0.08355511352419853,True
Paulina:895:392:4,Paulina:3:1,2010.0,2011.0,0,Hellegat,Paulina,spatial,0.10555133307770571,0.2944754863936473,True
Paulina:895:392:4,Paulina:3:1,2011.0,2012.0,0,Hellegat,Paulina,spatial,0.10308036469344857,0.10255748555064201,True
Paulina:874:626:2,Paulina:3:2,1998.0,2001.0,0,Hellegat,Paulina,spatial,0.23379358449910725,0.05823180675506592,True
Paulina:874:626:2,Paulina:3:2,2001.0,2008.0,1,Hellegat,Paulina,spatial,0.4525034550665518,0.09035007953643799,True
Paulina:874:626:5,Paulina:3:2,2010.0,2011.0,0,Hellegat,Paulina,spatial,0.13185173119966756,0.05823180675506592,True
Paulina:874:626:5,Paulina:3:2,2011.0,2012.0,0,Hellegat,Paulina,spatial,0.11341209783250261,0.36195368998434235,True
Paulina:869:636:5,Paulina:3:2,2010.0,2011.0,1,Hellegat,Paulina,spatial,0.12343290572345758,0.06877974271774293,True
Paulina:929:628:1,Paulina:3:2,1996.0,1998.0,0,Hellegat,Paulina,spatial,0.21895450238807193,0.057599544525146484,True
Paulina:929:628:1,Paulina:3:2,1998.0,2001.0,0,Hellegat,Paulina,spatial,0.2362510545881293,0.23592429013379893,True
Paulina:929:628:1,Paulina:3:2,2001.0,2008.0,0,Hellegat,Paulina,spatial,0.4908825688308121,0.13309547901153565,True
Paulina:929:628:1,Paulina:3:2,2008.0,2010.0,0,Hellegat,Paulina,spatial,0.21408049008358127,0.12274999226036196,True
Paulina:929:628:1,Paulina:3:2,2010.0,2011.0,0,Hellegat,Paulina,spatial,0.12590769074763875,0.10210331767899246,True
Paulina:929:628:1,Paulina:3:2,2011.0,2012.0,0,Hellegat,Paulina,spatial,0.12131068559140198,0.08556198241066018,True
Paulina:933:629:1,Paulina:3:2,1996.0,1998.0,0,Hellegat,Paulina,spatial,0.21325067578267204,0.057599544525146484,True
Paulina:933:629:1,Paulina:3:2,1998.0,2001.0,0,Hellegat,Paulina,spatial,0.23160695764693945,0.23592429013379893,True
Paulina:933:629:1,Paulina:3:2,2001.0,2008.0,0,Hellegat,Paulina,spatial,0.4835243013364632,0.13309547901153565,True
Paulina:933:629:1,Paulina:3:2,2008.0,2010.0,0,Hellegat,Paulina,spatial,0.21049130710611896,0.12274999226036196,True
Paulina:933:629:1,Paulina:3:2,2010.0,2011.0,0,Hellegat,Paulina,spatial,0.12537555870261385,0.10210331767899246,True
Paulina:933:629:1,Paulina:3:2,2011.0,2012.0,0,Hellegat,Paulina,spatial,0.12053020940248926,0.08556198241066018,True
Paulina:881:625:1,Paulina:3:2,1996.0,1998.0,1,Hellegat,Paulina,spatial,0.2444054219105615,0.05823180675506592,True
Paulina:881:625:4,Paulina:3:2,2008.0,2010.0,0,Hellegat,Paulina,spatial,0.2098429120908833,0.05823180675506592,True
Paulina:881:625:4,Paulina:3:2,2010.0,2011.0,0,Hellegat,Paulina,spatial,0.12968417810473667,0.267538033069584,True
Paulina:881:625:4,Paulina:3:2,2011.0,2012.0,0,Hellegat,Paulina,spatial,0.11544982826927111,0.09035007953643799,True
Paulina:947:675:5,Paulina:3:2,2010.0,2011.0,0,Hellegat,Paulina,spatial,0.124112049072056,0.06431574821472168,True
Paulina:947:675:5,Paulina:3:2,2011.0,2012.0,0,Hellegat,Paulina,spatial,0.11027427460804194,0.3489524753989729,True
Paulina:957:626:4,Paulina:3:2,2008.0,2010.0,0,Hellegat,Paulina,spatial,0.20820190864136767,0.044128131866455075,True
Paulina:957:626:4,Paulina:3:2,2010.0,2011.0,1,Hellegat,Paulina,spatial,0.10573379171504421,0.21556237093787906,True
Paulina:907:640:1,Paulina:3:2,1996.0,1998.0,1,Hellegat,Paulina,spatial,0.2175164424697418,0.06431574821472168,True
Paulina:901:638:1,Paulina:3:2,1996.0,1998.0,1,Hellegat,Paulina,spatial,0.22179170108900617,0.06431574821472168,True
Paulina:901:638:4,Paulina:3:2,2008.0,2010.0,0,Hellegat,Paulina,spatial,0.18519811460714405,0.06431574821472168,True
Paulina:901:638:4,Paulina:3:2,2010.0,2011.0,0,Hellegat,Paulina,spatial,0.12338302573424009,0.260188051609897,True
Paulina:901:638:4,Paulina:3:2,2011.0,2012.0,0,Hellegat,Paulina,spatial,0.10944053788325168,0.08426613807678222,True
Paulina:860:590:4,Paulina:3:2,2008.0,2010.0,0,Hellegat,Paulina,spatial,0.2514103777640646,0.07897231578826905,True
Paulina:860:590:4,Paulina:3:2,2010.0,2011.0,0,Hellegat,Paulina,spatial,0.143064856596145,0.25512571415038726,True
Paulina:860:590:4,Paulina:3:2,2011.0,2012.0,0,Hellegat,Paulina,spatial,0.12632585492617895,0.09054751396179199,True
Paulina:860:598:1,Paulina:3:2,1996.0,1998.0,1,Hellegat,Paulina,spatial,0.24351367111829514,0.06431574821472168,True
Paulina:860:598:4,Paulina:3:2,2008.0,2010.0,0,Hellegat,Paulina,spatial,0.24055854090240436,0.06431574821472168,True
Paulina:860:598:4,Paulina:3:2,2010.0,2011.0,0,Hellegat,Paulina,spatial,0.14446074191645789,0.260188051609897,True
Paulina:860:598:4,Paulina:3:2,2011.0,2012.0,0,Hellegat,Paulina,spatial,0.1270775387112587,0.08426613807678222,True
Paulina:877:683:4,Paulina:3:2,2008.0,2010.0,0,Hellegat,Paulina,spatial,0.21686456562750592,0.10733747482299805,True
Paulina:877:683:4,Paulina:3:2,2010.0,2011.0,0,Hellegat,Paulina,spatial,0.14343862464233212,0.31578658150720174,True
Paulina:877:683:4,Paulina:3:2,2011.0,2012.0,0,Hellegat,Paulina,spatial,0.11994155239525627,0.16936192512512208,True
Paulina:849:654:5,Paulina:3:2,2010.0,2011.0,0,Hellegat,Paulina,spatial,0.15418162843046118,0.10733747482299805,True
Paulina:849:654:5,Paulina:3:2,2011.0,2012.0,0,Hellegat,Paulina,spatial,0.12067959935786896,0.4333598873855366,True
Paulina:846:582:1,Paulina:3:2,1996.0,1998.0,1,Hellegat,Paulina,spatial,0.18782805944573333,0.07897231578826905,True
Paulina:846:582:4,Paulina:3:2,2008.0,2010.0,0,Hellegat,Paulina,spatial,0.248004479657648,0.07897231578826905,True
Paulina:846:582:4,Paulina:3:2,2010.0,2011.0,0,Hellegat,Paulina,spatial,0.14338519718513557,0.25512571415038726,True
Paulina:846:582:4,Paulina:3:2,2011.0,2012.0,0,Hellegat,Paulina,spatial,0.12036764987943786,0.09054751396179199,True
Paulina:902:653:5,Paulina:3:2,2010.0,2011.0,0,Hellegat,Paulina,spatial,0.11768746615802926,0.06293292045593261,True
Paulina:902:653:5,Paulina:3:2,2011.0,2012.0,0,Hellegat,Paulina,spatial,0.09902105403148351,0.37670341583346134,True
Paulina:901:687:5,Paulina:3:2,2010.0,2011.0,0,Hellegat,Paulina,spatial,0.1322805909874062,0.08774253129959106,True
Paulina:901:687:5,Paulina:3:2,2011.0,2012.0,0,Hellegat,Paulina,spatial,0.11210426781508465,0.4050735837443238,True
Paulina:906:606:1,Paulina:3:2,1996.0,1998.0,0,Hellegat,Paulina,spatial,0.21715227454233532,0.057599544525146484,True
Paulina:906:606:1,Paulina:3:2,1998.0,2001.0,0,Hellegat,Paulina,spatial,0.26875944555966985,0.23592429013379893,True
Paulina:906:606:1,Paulina:3:2,2001.0,2008.0,0,Hellegat,Paulina,spatial,0.5207868276095913,0.13309547901153565,True
Paulina:906:606:1,Paulina:3:2,2008.0,2010.0,0,Hellegat,Paulina,spatial,0.22696154575638028,0.12274999226036196,True
Paulina:906:606:1,Paulina:3:2,2010.0,2011.0,0,Hellegat,Paulina,spatial,0.12805287199921325,0.10210331767899246,True
Paulina:906:606:1,Paulina:3:2,2011.0,2012.0,0,Hellegat,Paulina,spatial,0.12341495558113832,0.08556198241066018,True
Paulina:845:629:1,Paulina:3:2,1996.0,1998.0,1,Hellegat,Paulina,spatial,0.22712433301094967,0.08774253129959106,True
Paulina:845:629:4,Paulina:3:2,2008.0,2010.0,0,Hellegat,Paulina,spatial,0.19959633289810266,0.08774253129959106,True
Paulina:845:629:4,Paulina:3:2,2010.0,2011.0,1,Hellegat,Paulina,spatial,0.14139188668177,0.2899987623775057,True
Paulina:847:643:2,Paulina:3:2,1998.0,2001.0,1,Hellegat,Paulina,spatial,0.1944754547940908,0.10006840229034424,True
Paulina:840:602:1,Paulina:3:2,1996.0,1998.0,1,Hellegat,Paulina,spatial,0.2176642887400462,0.06293292045593261,True
Paulina:840:602:5,Paulina:3:2,2010.0,2011.0,1,Hellegat,Paulina,spatial,0.1574075132798321,0.06293292045593261,True
Paulina:895:632:3,Paulina:3:2,2001.0,2008.0,0,Hellegat,Paulina,spatial,0.4853837910585208,0.06431574821472168,True
Paulina:895:632:3,Paulina:3:2,2008.0,2010.0,0,Hellegat,Paulina,spatial,0.1814337056795924,0.1197617926630526,True
Paulina:895:632:3,Paulina:3:2,2010.0,2011.0,0,Hellegat,Paulina,spatial,0.11889674675171383,0.09880713340007678,True
Paulina:895:632:3,Paulina:3:2,2011.0,2012.0,0,Hellegat,Paulina,spatial,0.10838617649857667,0.08122419185080841,True
Paulina:869:692:5,Paulina:3:2,2010.0,2011.0,1,Hellegat,Paulina,spatial,0.1658385384751417,0.11350040435791016,True
Paulina:920:673:4,Paulina:3:2,2008.0,2010.0,0,Hellegat,Paulina,spatial,0.17667236670462105,0.06293292045593261,True
Paulina:920:673:4,Paulina:3:2,2010.0,2011.0,0,Hellegat,Paulina,spatial,0.12607931745633072,0.2771658720955452,True
Paulina:920:673:4,Paulina:3:2,2011.0,2012.0,0,Hellegat,Paulina,spatial,0.1080399086409078,0.102596914768219,True
Paulina:957:833:1,Paulina:3:3,1996.0,1998.0,0,Hellegat,Paulina,spatial,0.2215866950601915,0.2042458772659302,True
Paulina:957:833:1,Paulina:3:3,1998.0,2001.0,0,Hellegat,Paulina,spatial,0.28262478613603514,0.3821212796513201,True
Paulina:957:833:1,Paulina:3:3,2001.0,2008.0,0,Hellegat,Paulina,spatial,0.48564530812766943,0.29151065578709934,True
Paulina:957:833:1,Paulina:3:3,2008.0,2010.0,0,Hellegat,Paulina,spatial,0.21684603558115273,0.24278876134105615,True
Paulina:957:833:1,Paulina:3:3,2010.0,2011.0,0,Hellegat,Paulina,spatial,0.13023846895861158,0.20935708580690932,True
Paulina:957:833:1,Paulina:3:3,2011.0,2012.0,0,Hellegat,Paulina,spatial,0.12509499775954291,0.1925623705626383,True
Paulina:1117:676:1,Paulina:4:2,1996.0,1998.0,0,Hellegat,Paulina,spatial,0.24528276807197105,0.01307644248008728,True
Paulina:1117:676:1,Paulina:4:2,1998.0,2001.0,1,Hellegat,Paulina,spatial,0.32421298217590044,0.20699683366176497,True
Paulina:1117:676:4,Paulina:4:2,2008.0,2010.0,0,Hellegat,Paulina,spatial,0.2564079589716222,0.01307644248008728,True
Paulina:1117:676:4,Paulina:4:2,2010.0,2011.0,0,Hellegat,Paulina,spatial,0.12553588524558076,0.20699683366176497,True
Paulina:1117:676:4,Paulina:4:2,2011.0,2012.0,0,Hellegat,Paulina,spatial,0.12334086806468963,0.03326407670974731,True
Paulina:1096:641:2,Paulina:4:2,1998.0,2001.0,0,Hellegat,Paulina,spatial,0.26182377748998786,0.012720763683319092,True
Paulina:1096:641:2,Paulina:4:2,2001.0,2008.0,0,Hellegat,Paulina,spatial,0.44045082556999987,0.02563931941986084,True
Paulina:1096:641:2,Paulina:4:2,2008.0,2010.0,0,Hellegat,Paulina,spatial,0.19948818787819583,0.06552992633181663,True
Paulina:1096:641:2,Paulina:4:2,2010.0,2011.0,0,Hellegat,Paulina,spatial,0.10830216831531903,0.07161604366616807,True
Paulina:1096:641:2,Paulina:4:2,2011.0,2012.0,0,Hellegat,Paulina,spatial,0.10723834922318772,0.09834255034589832,True
Paulina:1112:606:4,Paulina:4:2,2008.0,2010.0,0,Hellegat,Paulina,spatial,0.19381589035591473,0.046261274814605714,True
Paulina:1112:606:4,Paulina:4:2,2010.0,2011.0,0,Hellegat,Paulina,spatial,0.09822111772499871,0.25887618694984327,True
Paulina:1112:606:4,Paulina:4:2,2011.0,2012.0,0,Hellegat,Paulina,spatial,0.09236070525489548,0.07134768962860108,True
Paulina:1111:609:4,Paulina:4:2,2008.0,2010.0,0,Hellegat,Paulina,spatial,0.18529943738469093,0.046261274814605714,True
Paulina:1111:609:4,Paulina:4:2,2010.0,2011.0,0,Hellegat,Paulina,spatial,0.09454025559918672,0.25887618694984327,True
Paulina:1111:609:4,Paulina:4:2,2011.0,2012.0,0,Hellegat,Paulina,spatial,0.089366369840381,0.07134768962860108,True
Paulina:1114:586:1,Paulina:4:2,1996.0,1998.0,0,Hellegat,Paulina,spatial,0.1955483552895389,0.04918502867221832,True
Paulina:1114:586:1,Paulina:4:2,1998.0,2001.0,0,Hellegat,Paulina,spatial,0.25099008557853697,0.2687558756545855,True
Paulina:1114:586:1,Paulina:4:2,2001.0,2008.0,0,Hellegat,Paulina,spatial,0.4586878743636911,0.1523921143339398,True
Paulina:1114:586:1,Paulina:4:2,2008.0,2010.0,0,Hellegat,Paulina,spatial,0.19953431105196778,0.055664328914567296,True
Paulina:1114:586:1,Paulina:4:2,2010.0,2011.0,0,Hellegat,Paulina,spatial,0.10809243935269568,0.09718966551040271,True
Paulina:1114:586:1,Paulina:4:2,2011.0,2012.0,0,Hellegat,Paulina,spatial,0.10785682233824322,0.13799841818763509,True
Paulina:1100:604:4,Paulina:4:2,2008.0,2010.0,0,Hellegat,Paulina,spatial,0.18860325494895722,0.046261274814605714,True
Paulina:1100:604:4,Paulina:4:2,2010.0,2011.0,0,Hellegat,Paulina,spatial,0.09828822365977469,0.25887618694984327,True
Paulina:1100:604:4,Paulina:4:2,2011.0,2012.0,0,Hellegat,Paulina,spatial,0.09170961092786786,0.07134768962860108,True
Paulina:1119:614:4,Paulina:4:2,2008.0,2010.0,0,Hellegat,Paulina,spatial,0.1790434707780285,0.046261274814605714,True
Paulina:1119:614:4,Paulina:4:2,2010.0,2011.0,0,Hellegat,Paulina,spatial,0.08996046350390936,0.25887618694984327,True
Paulina:1119:614:4,Paulina:4:2,2011.0,2012.0,0,Hellegat,Paulina,spatial,0.08537450512828129,0.07134768962860108,True
Paulina:1091:629:4,Paulina:4:2,2008.0,2010.0,0,Hellegat,Paulina,spatial,0.19612845426193767,0.01236531138420105,True
Paulina:1091:629:4,Paulina:4:2,2010.0,2011.0,0,Hellegat,Paulina,spatial,0.09693120423544672,0.23214213081941706,True
Paulina:1091:629:4,Paulina:4:2,2011.0,2012.0,0,Hellegat,Paulina,spatial,0.09268486411313742,0.03199970126152039,True
Paulina:1098:854:4,Paulina:4:3,2008.0,2010.0,0,Hellegat,Paulina,spatial,0.23308249028218603,0.06877974271774293,True
Paulina:1098:854:4,Paulina:4:3,2010.0,2011.0,0,Hellegat,Paulina,spatial,0.13954402171424754,0.2821753459516484,True
Paulina:1098:854:4,Paulina:4:3,2011.0,2012.0,0,Hellegat,Paulina,spatial,0.12495596597730467,0.1084437370300293,True
Paulina:1089:936:1,Paulina:4:3,1996.0,1998.0,1,Hellegat,Paulina,spatial,0.15453250020312487,0.11891264915466308,True
Paulina:1110:880:1,Paulina:4:3,1996.0,1998.0,0,Hellegat,Paulina,spatial,0.22813915742655524,0.08774253129959106,True
Paulina:1110:880:1,Paulina:4:3,1998.0,2001.0,0,Hellegat,Paulina,spatial,0.27533529665822676,0.2899987623775057,True
Paulina:1110:880:1,Paulina:4:3,2001.0,2008.0,0,Hellegat,Paulina,spatial,0.4652713547365812,0.16007790565490723,True
Paulina:1110:880:1,Paulina:4:3,2008.0,2010.0,0,Hellegat,Paulina,spatial,0.24833559911026218,0.11939939470522201,True
Paulina:1110:880:1,Paulina:4:3,2010.0,2011.0,0,Hellegat,Paulina,spatial,0.14273289402812797,0.10330615864159107,True
Paulina:1110:880:1,Paulina:4:3,2011.0,2012.0,0,Hellegat,Paulina,spatial,0.13336334088783494,0.08226330408272622,True
Paulina:1099:914:4,Paulina:4:3,2008.0,2010.0,0,Hellegat,Paulina,spatial,0.2218044495344983,0.11350040435791016,True
Paulina:1099:914:4,Paulina:4:3,2010.0,2011.0,1,Hellegat,Paulina,spatial,0.1297912042592539,0.3303064461242413,True
Paulina:1097:865:1,Paulina:4:3,1996.0,1998.0,1,Hellegat,Paulina,spatial,0.208506362197055,0.08774253129959106,True
Paulina:1097:865:4,Paulina:4:3,2008.0,2010.0,0,Hellegat,Paulina,spatial,0.2572109119266194,0.08774253129959106,True
Paulina:1097:865:4,Paulina:4:3,2010.0,2011.0,0,Hellegat,Paulina,spatial,0.1472444131523363,0.2899987623775057,True
Paulina:1097:865:4,Paulina:4:3,2011.0,2012.0,0,Hellegat,Paulina,spatial,0.13383832341003965,0.12740652561187743,True
Paulina:1091:917:5,Paulina:4:3,2010.0,2011.0,0,Hellegat,Paulina,spatial,0.11564723025648713,0.11350040435791016,True
Paulina:1091:917:5,Paulina:4:3,2011.0,2012.0,0,Hellegat,Paulina,spatial,0.1026356775995468,0.4434203678207294,True
Paulina:1120:870:4,Paulina:4:3,2008.0,2010.0,0,Hellegat,Paulina,spatial,0.2641451823794392,0.06293292045593261,True
Paulina:1120:870:4,Paulina:4:3,2010.0,2011.0,0,Hellegat,Paulina,spatial,0.14673038992385037,0.2771658720955452,True
Paulina:1120:870:4,Paulina:4:3,2011.0,2012.0,0,Hellegat,Paulina,spatial,0.13639969776941122,0.102596914768219,True
Paulina:1094:936:5,Paulina:4:3,2010.0,2011.0,0,Hellegat,Paulina,spatial,0.10448078125513871,0.11891264915466308,True
Paulina:1094:936:5,Paulina:4:3,2011.0,2012.0,0,Hellegat,Paulina,spatial,0.09418268774739794,0.4526358583390471,True
Paulina:1111:874:4,Paulina:4:3,2008.0,2010.0,0,Hellegat,Paulina,spatial,0.26372792406608553,0.06877974271774293,True
Paulina:1111:874:4,Paulina:4:3,2010.0,2011.0,0,Hellegat,Paulina,spatial,0.14491429355624968,0.2821753459516484,True
Paulina:1111:874:4,Paulina:4:3,2011.0,2012.0,0,Hellegat,Paulina,spatial,0.13566172565253581,0.1084437370300293,True
Paulina:1115:927:1,Paulina:4:3,1996.0,1998.0,0,Hellegat,Paulina,spatial,0.21297980877520095,0.10733747482299805,True
Paulina:1115:927:1,Paulina:4:3,1998.0,2001.0,1,Hellegat,Paulina,spatial,0.2445786376864622,0.31578658150720174,True
Paulina:1115:927:4,Paulina:4:3,2008.0,2010.0,0,Hellegat,Paulina,spatial,0.23201442258938834,0.10733747482299805,True
Paulina:1115:927:4,Paulina:4:3,2010.0,2011.0,0,Hellegat,Paulina,spatial,0.1374481554538255,0.31578658150720174,True
Paulina:1115:927:4,Paulina:4:3,2011.0,2012.0,0,Hellegat,Paulina,spatial,0.12115883746156858,0.16936192512512208,True
Paulina:1121:945:1,Paulina:4:3,1996.0,1998.0,1,Hellegat,Paulina,spatial,0.17823818638343142,0.11350040435791016,True
Paulina:1121:945:5,Paulina:4:3,2010.0,2011.0,0,Hellegat,Paulina,spatial,0.11580820155056666,0.11350040435791016,True
Paulina:1121:945:5,Paulina:4:3,2011.0,2012.0,0,Hellegat,Paulina,spatial,0.10449044168310737,0.4434203678207294,True
Paulina:1094:938:5,Paulina:4:3,2010.0,2011.0,0,Hellegat,Paulina,spatial,0.10109750529609686,0.11891264915466308,True
Paulina:1094:938:5,Paulina:4:3,2011.0,2012.0,0,Hellegat,Paulina,spatial,0.090963937477207,0.4526358583390471,True
Paulina:1108:877:1,Paulina:4:3,1996.0,1998.0,0,Hellegat,Paulina,spatial,0.2199022868965232,0.08774253129959106,True
Paulina:1108:877:1,Paulina:4:3,1998.0,2001.0,1,Hellegat,Paulina,spatial,0.26542831219074653,0.2899987623775057,True
Paulina:1108:877:4,Paulina:4:3,2008.0,2010.0,0,Hellegat,Paulina,spatial,0.2687688905922485,0.08774253129959106,True
Paulina:1108:877:4,Paulina:4:3,2010.0,2011.0,0,Hellegat,Paulina,spatial,0.14890459857608837,0.2899987623775057,True
Paulina:1108:877:4,Paulina:4:3,2011.0,2012.0,0,Hellegat,Paulina,spatial,0.13820867874824833,0.12740652561187743,True
Paulina:1101:840:5,Paulina:4:3,2010.0,2011.0,0,Hellegat,Paulina,spatial,0.14265500793020208,0.06293292045593261,True
Paulina:1101:840:5,Paulina:4:3,2011.0,2012.0,0,Hellegat,Paulina,spatial,0.12439211857627328,0.37670341583346134,True
Paulina:1116:913:4,Paulina:4:3,2008.0,2010.0,0,Hellegat,Paulina,spatial,0.26632026938263087,0.10006840229034424,True
Paulina:1116:913:4,Paulina:4:3,2010.0,2011.0,0,Hellegat,Paulina,spatial,0.15075650719020822,0.300973347684523,True
Paulina:1116:913:4,Paulina:4:3,2011.0,2012.0,0,Hellegat,Paulina,spatial,0.13293065635041645,0.14755470752716066,True
Paulina:1110:930:4,Paulina:4:3,2008.0,2010.0,0,Hellegat,Paulina,spatial,0.21783072996516215,0.11350040435791016,True
Paulina:1110:930:4,Paulina:4:3,2010.0,2011.0,0,Hellegat,Paulina,spatial,0.129429339503797,0.3303064461242413,True
Paulina:1110:930:4,Paulina:4:3,2011.0,2012.0,0,Hellegat,Paulina,spatial,0.11291612767126347,0.1878507137298584,True
Paulina:1089:871:1,Paulina:4:3,1996.0,1998.0,0,Hellegat,Paulina,spatial,0.23351283769559886,0.10006840229034424,True
Paulina:1089:871:1,Paulina:4:3,1998.0,2001.0,1,Hellegat,Paulina,spatial,0.2685808277827045,0.300973347684523,True
Paulina:1089:871:4,Paulina:4:3,2008.0,2010.0,0,Hellegat,Paulina,spatial,0.2675583295922156,0.10006840229034424,True
Paulina:1089:871:4,Paulina:4:3,2010.0,2011.0,0,Hellegat,Paulina,spatial,0.15262333496635394,0.300973347684523,True
Paulina:1089:871:4,Paulina:4:3,2011.0,2012.0,0,Hellegat,Paulina,spatial,0.13518504169492052,0.14755470752716066,True
Paulina:1114:906:4,Paulina:4:3,2008.0,2010.0,0,Hellegat,Paulina,spatial,0.26958919685164834,0.10006840229034424,True
Paulina:1114:906:4,Paulina:4:3,2010.0,2011.0,0,Hellegat,Paulina,spatial,0.15343154660499533,0.300973347684523,True
Paulina:1114:906:4,Paulina:4:3,2011.0,2012.0,0,Hellegat,Paulina,spatial,0.13850547953895032,0.14755470752716066,True
Paulina:1105:911:1,Paulina:4:3,1996.0,1998.0,1,Hellegat,Paulina,spatial,0.23068780814595813,0.10733747482299805,True
Paulina:1105:911:4,Paulina:4:3,2008.0,2010.0,0,Hellegat,Paulina,spatial,0.23931473647414386,0.10733747482299805,True
Paulina:1105:911:4,Paulina:4:3,2010.0,2011.0,0,Hellegat,Paulina,spatial,0.1393326277434301,0.31578658150720174,True
Paulina:1105:911:4,Paulina:4:3,2011.0,2012.0,0,Hellegat,Paulina,spatial,0.12006804260795192,0.16936192512512208,True
Paulina:393:97:2,Paulina:1:0,1998.0,2001.0,0,Hellegat,Paulina,qir,0.1885315390989395,0.0357867421964127,True
Paulina:393:97:2,Paulina:1:0,2001.0,2008.0,0,Hellegat,Paulina,qir,0.34341783440287377,0.06693296397159194,True
Paulina:393:97:2,Paulina:1:0,2008.0,2010.0,0,Hellegat,Paulina,qir,0.11378155692536909,0.06588101608793714,True
Paulina:393:97:2,Paulina:1:0,2010.0,2011.0,0,Hellegat,Paulina,qir,0.05929191304559895,0.043384043269587204,True
Paulina:393:97:2,Paulina:1:0,2011.0,2012.0,0,Hellegat,Paulina,qir,0.059648026321888314,0.043384043269587204,True
Paulina:376:80:4,Paulina:1:0,2008.0,2010.0,0,Hellegat,Paulina,qir,0.12825698338006447,0.05231874513971759,True
Paulina:376:80:4,Paulina:1:0,2010.0,2011.0,0,Hellegat,Paulina,qir,0.05847145785608509,0.2826957064024456,True
Paulina:376:80:4,Paulina:1:0,2011.0,2012.0,0,Hellegat,Paulina,qir,0.05734341744984837,0.0783349382391181,True
Paulina:374:88:3,Paulina:1:0,2001.0,2008.0,0,Hellegat,Paulina,qir,0.3858131627503701,0.03331858554517315,True
Paulina:374:88:3,Paulina:1:0,2008.0,2010.0,0,Hellegat,Paulina,qir,0.11223628270376294,0.13596882670610186,True
Paulina:374:88:3,Paulina:1:0,2010.0,2011.0,0,Hellegat,Paulina,qir,0.0582947567970477,0.12225156533502317,True
Paulina:374:88:3,Paulina:1:0,2011.0,2012.0,0,Hellegat,Paulina,qir,0.05860824144534231,0.06416517578967298,True
Paulina:366:162:4,Paulina:1:0,2008.0,2010.0,0,Hellegat,Paulina,qir,0.15314847671831627,0.09299675822257995,True
Paulina:366:162:4,Paulina:1:0,2010.0,2011.0,0,Hellegat,Paulina,qir,0.07323520674711186,0.21588883438431222,True
Paulina:366:162:4,Paulina:1:0,2011.0,2012.0,0,Hellegat,Paulina,qir,0.071957025718903,0.10682401061058044,True
Paulina:347:87:4,Paulina:1:0,2008.0,2010.0,0,Hellegat,Paulina,qir,0.13574298619871614,0.046261274814605714,True
Paulina:347:87:4,Paulina:1:0,2010.0,2011.0,0,Hellegat,Paulina,qir,0.06279042595562542,0.25887618694984327,True
Paulina:347:87:4,Paulina:1:0,2011.0,2012.0,0,Hellegat,Paulina,qir,0.061607164790359936,0.07134768962860108,True
Paulina:366:188:4,Paulina:1:0,2008.0,2010.0,0,Hellegat,Paulina,qir,0.1622106368769209,0.044128131866455075,True
Paulina:366:188:4,Paulina:1:0,2010.0,2011.0,0,Hellegat,Paulina,qir,0.0788680427387402,0.21556237093787906,True
Paulina:366:188:4,Paulina:1:0,2011.0,2012.0,0,Hellegat,Paulina,qir,0.07755897463959754,0.11385611295700074,True
Paulina:324:170:4,Paulina:1:0,2008.0,2010.0,0,Hellegat,Paulina,qir,0.1644574151842274,0.03839975595474243,True
Paulina:324:170:4,Paulina:1:0,2010.0,2011.0,0,Hellegat,Paulina,qir,0.08028293440168258,0.22427068463811123,True
Paulina:324:170:4,Paulina:1:0,2011.0,2012.0,0,Hellegat,Paulina,qir,0.07896818138885024,0.10812773704528808,True
Paulina:351:100:3,Paulina:1:0,2001.0,2008.0,0,Hellegat,Paulina,qir,0.4050341282418017,0.026547998189926147,True
Paulina:351:100:3,Paulina:1:0,2008.0,2010.0,0,Hellegat,Paulina,qir,0.12019277644336392,0.08072024327857866,True
Paulina:351:100:3,Paulina:1:0,2010.0,2011.0,0,Hellegat,Paulina,qir,0.06241136972427141,0.11639709483447028,True
Paulina:351:100:3,Paulina:1:0,2011.0,2012.0,0,Hellegat,Paulina,qir,0.06267411551709584,0.0881700581803958,True
Paulina:343:86:4,Paulina:1:0,2008.0,2010.0,0,Hellegat,Paulina,qir,0.13574298619871614,0.046261274814605714,True
Paulina:343:86:4,Paulina:1:0,2010.0,2011.0,0,Hellegat,Paulina,qir,0.06279042595562542,0.25887618694984327,True
Paulina:343:86:4,Paulina:1:0,2011.0,2012.0,0,Hellegat,Paulina,qir,0.061607164790359936,0.07134768962860108,True
Paulina:379:148:4,Paulina:1:0,2008.0,2010.0,0,Hellegat,Paulina,qir,0.1465180881896723,0.01307644248008728,True
Paulina:379:148:4,Paulina:1:0,2010.0,2011.0,0,Hellegat,Paulina,qir,0.06919473348138357,0.20699683366176497,True
Paulina:379:148:4,Paulina:1:0,2011.0,2012.0,0,Hellegat,Paulina,qir,0.06794716933618788,0.03326407670974731,True
Paulina:325:158:4,Paulina:1:0,2008.0,2010.0,0,Hellegat,Paulina,qir,0.16003001404395603,0.06510587930679321,True
Paulina:325:158:4,Paulina:1:0,2010.0,2011.0,0,Hellegat,Paulina,qir,0.07750155719569561,0.21591222867540966,True
Paulina:325:158:4,Paulina:1:0,2011.0,2012.0,0,Hellegat,Paulina,qir,0.07619876931156537,0.12361400723457336,True
Paulina:377:152:4,Paulina:1:0,2008.0,2010.0,0,Hellegat,Paulina,qir,0.1486552596811688,0.03156489133834839,True
Paulina:377:152:4,Paulina:1:0,2010.0,2011.0,0,Hellegat,Paulina,qir,0.07048923722485144,0.20810785935071768,True
Paulina:377:152:4,Paulina:1:0,2011.0,2012.0,0,Hellegat,Paulina,qir,0.06923102406406073,0.051752525568008426,True
Paulina:404:169:4,Paulina:1:0,2008.0,2010.0,0,Hellegat,Paulina,qir,0.1486552596811688,0.03156489133834839,True
Paulina:404:169:4,Paulina:1:0,2010.0,2011.0,0,Hellegat,Paulina,qir,0.07048923722485144,0.20810785935071768,True
Paulina:404:169:4,Paulina:1:0,2011.0,2012.0,0,Hellegat,Paulina,qir,0.06923102406406073,0.051752525568008426,True
Paulina:340:145:4,Paulina:1:0,2008.0,2010.0,0,Hellegat,Paulina,qir,0.15314847671831627,0.09299675822257995,True
Paulina:340:145:4,Paulina:1:0,2010.0,2011.0,0,Hellegat,Paulina,qir,0.07323520674711186,0.21588883438431222,True
Paulina:340:145:4,Paulina:1:0,2011.0,2012.0,0,Hellegat,Paulina,qir,0.071957025718903,0.10682401061058044,True
Paulina:389:162:4,Paulina:1:0,2008.0,2010.0,0,Hellegat,Paulina,qir,0.1486552596811688,0.03156489133834839,True
Paulina:389:162:4,Paulina:1:0,2010.0,2011.0,0,Hellegat,Paulina,qir,0.07048923722485144,0.20810785935071768,True
Paulina:389:162:4,Paulina:1:0,2011.0,2012.0,0,Hellegat,Paulina,qir,0.06923102406406073,0.051752525568008426,True
Paulina:390:156:4,Paulina:1:0,2008.0,2010.0,0,Hellegat,Paulina,qir,0.1465180881896723,0.01307644248008728,True
Paulina:390:156:4,Paulina:1:0,2010.0,2011.0,0,Hellegat,Paulina,qir,0.06919473348138357,0.20699683366176497,True
Paulina:390:156:4,Paulina:1:0,2011.0,2012.0,0,Hellegat,Paulina,qir,0.06794716933618788,0.03326407670974731,True
Paulina:355:173:4,Paulina:1:0,2008.0,2010.0,0,Hellegat,Paulina,qir,0.16003001404395603,0.06510587930679321,True
Paulina:355:173:4,Paulina:1:0,2010.0,2011.0,1,Hellegat,Paulina,qir,0.07750155719569561,0.21591222867540966,True
Paulina:336:86:4,Paulina:1:0,2008.0,2010.0,0,Hellegat,Paulina,qir,0.13574298619871614,0.046261274814605714,True
Paulina:336:86:4,Paulina:1:0,2010.0,2011.0,0,Hellegat,Paulina,qir,0.06279042595562542,0.25887618694984327,True
Paulina:336:86:4,Paulina:1:0,2011.0,2012.0,0,Hellegat,Paulina,qir,0.061607164790359936,0.07134768962860108,True
Paulina:408:85:1,Paulina:1:0,1996.0,1998.0,1,Hellegat,Paulina,qir,0.12463381905533855,0.10116582815242388,True
Paulina:408:85:3,Paulina:1:0,2001.0,2008.0,0,Hellegat,Paulina,qir,0.3724271109100063,0.10116582815242388,True
Paulina:408:85:3,Paulina:1:0,2008.0,2010.0,0,Hellegat,Paulina,qir,0.10690202404165597,0.1638919614792799,True
Paulina:408:85:3,Paulina:1:0,2010.0,2011.0,0,Hellegat,Paulina,qir,0.055536328818680966,0.1304449825412123,True
Paulina:408:85:3,Paulina:1:0,2011.0,2012.0,0,Hellegat,Paulina,qir,0.055879388191474214,0.10823624505297362,True
Paulina:344:77:3,Paulina:1:0,2001.0,2008.0,0,Hellegat,Paulina,qir,0.3902453777849744,0.04937543024797008,True
Paulina:344:77:3,Paulina:1:0,2008.0,2010.0,0,Hellegat,Paulina,qir,0.11403986009823702,0.13118400665510324,True
Paulina:344:77:3,Paulina:1:0,2010.0,2011.0,0,Hellegat,Paulina,qir,0.05922759833332128,0.11905897191841183,True
Paulina:344:77:3,Paulina:1:0,2011.0,2012.0,0,Hellegat,Paulina,qir,0.05953024845424201,0.07452599479749351,True
Paulina:326:118:2,Paulina:1:0,1998.0,2001.0,0,Hellegat,Paulina,qir,0.21447830182391825,0.03156489133834839,True
Paulina:326:118:2,Paulina:1:0,2001.0,2008.0,0,Hellegat,Paulina,qir,0.3948078393826448,0.051752525568008426,True
Paulina:326:118:2,Paulina:1:0,2008.0,2010.0,0,Hellegat,Paulina,qir,0.13207537974976277,0.08215991071562398,True
Paulina:326:118:2,Paulina:1:0,2010.0,2011.0,0,Hellegat,Paulina,qir,0.06882035805575148,0.0985809672916862,True
Paulina:326:118:2,Paulina:1:0,2011.0,2012.0,0,Hellegat,Paulina,qir,0.06906941729309388,0.1255912890773942,True
Paulina:363:92:2,Paulina:1:0,1998.0,2001.0,0,Hellegat,Paulina,qir,0.19407800299176425,0.05732300877571106,True
Paulina:363:92:2,Paulina:1:0,2001.0,2008.0,0,Hellegat,Paulina,qir,0.35437241658385416,0.07687861323356629,True
Paulina:363:92:2,Paulina:1:0,2008.0,2010.0,0,Hellegat,Paulina,qir,0.11761947717818812,0.0828835427761078,True
Paulina:363:92:2,Paulina:1:0,2010.0,2011.0,0,Hellegat,Paulina,qir,0.06128900923765353,0.06673903292047613,True
Paulina:363:92:2,Paulina:1:0,2011.0,2012.0,0,Hellegat,Paulina,qir,0.061625718523562426,0.06673903292047613,True
Paulina:337:83:4,Paulina:1:0,2008.0,2010.0,0,Hellegat,Paulina,qir,0.13574298619871614,0.047170415236881036,True
Paulina:337:83:4,Paulina:1:0,2010.0,2011.0,0,Hellegat,Paulina,qir,0.06279042595562542,0.2589070713408733,True
Paulina:337:83:4,Paulina:1:0,2011.0,2012.0,0,Hellegat,Paulina,qir,0.061607164790359936,0.07219885929821775,True
Paulina:418:347:4,Paulina:1:1,2008.0,2010.0,0,Hellegat,Paulina,qir,0.20455415109609237,0.171258282661438,True
Paulina:418:347:4,Paulina:1:1,2010.0,2011.0,0,Hellegat,Paulina,qir,0.10654333753765537,0.36505019968692454,True
Paulina:418:347:4,Paulina:1:1,2011.0,2012.0,0,Hellegat,Paulina,qir,0.10524782958403155,0.2542176278723316,True
Paulina:431:322:5,Paulina:1:1,2010.0,2011.0,1,Hellegat,Paulina,qir,0.10162424842535778,0.10733747482299805,True
Paulina:385:335:2,Paulina:1:1,1998.0,2001.0,0,Hellegat,Paulina,qir,0.2949880430177586,0.2042458772659302,True
Paulina:385:335:2,Paulina:1:1,2001.0,2008.0,0,Hellegat,Paulina,qir,0.5489177011047885,0.2819324080400946,True
Paulina:385:335:2,Paulina:1:1,2008.0,2010.0,0,Hellegat,Paulina,qir,0.19361994139774222,0.24382014821324466,True
Paulina:385:335:2,Paulina:1:1,2010.0,2011.0,0,Hellegat,Paulina,qir,0.10127822222059726,0.24278876134105615,True
Paulina:385:335:2,Paulina:1:1,2011.0,2012.0,0,Hellegat,Paulina,qir,0.10098865064083155,0.23282246800963344,True
Paulina:379:334:5,Paulina:1:1,2010.0,2011.0,0,Hellegat,Paulina,qir,0.11206870753789713,0.24059123992919923,True
Paulina:379:334:5,Paulina:1:1,2011.0,2012.0,0,Hellegat,Paulina,qir,0.11237091557111947,0.5254591908018545,True
Paulina:446:371:4,Paulina:1:1,2008.0,2010.0,0,Hellegat,Paulina,qir,0.20455415109609237,0.171258282661438,True
Paulina:446:371:4,Paulina:1:1,2010.0,2011.0,0,Hellegat,Paulina,qir,0.10654333753765537,0.36505019968692454,True
Paulina:446:371:4,Paulina:1:1,2011.0,2012.0,0,Hellegat,Paulina,qir,0.10524782958403155,0.2542176278723316,True
Paulina:403:337:1,Paulina:1:1,1996.0,1998.0,0,Hellegat,Paulina,qir,0.20455415109609237,0.171258282661438,True
Paulina:403:337:1,Paulina:1:1,1998.0,2001.0,1,Hellegat,Paulina,qir,0.2867849891526851,0.36505019968692454,True
Paulina:403:337:5,Paulina:1:1,2010.0,2011.0,0,Hellegat,Paulina,qir,0.10812229038734934,0.171258282661438,True
Paulina:403:337:5,Paulina:1:1,2011.0,2012.0,0,Hellegat,Paulina,qir,0.10779809048584747,0.4830932784511724,True
Paulina:390:336:5,Paulina:1:1,2010.0,2011.0,1,Hellegat,Paulina,qir,0.10998192311166553,0.2042458772659302,True
Paulina:594:120:1,Paulina:2:0,1996.0,1998.0,0,Hellegat,Paulina,qir,0.10714899962719421,0.6966013622466991,True
Paulina:594:120:1,Paulina:2:0,1998.0,2001.0,0,Hellegat,Paulina,qir,0.13440085977253854,0.7352344398503008,True
Paulina:594:120:1,Paulina:2:0,2001.0,2008.0,0,Hellegat,Paulina,qir,0.2793177812756216,0.7677846664196377,True
Paulina:594:120:1,Paulina:2:0,2008.0,2010.0,0,Hellegat,Paulina,qir,0.09398301968908625,0.7387040597318073,True
Paulina:594:120:1,Paulina:2:0,2010.0,2011.0,0,Hellegat,Paulina,qir,0.049000578800632466,0.7638540173815885,True
Paulina:594:120:1,Paulina:2:0,2011.0,2012.0,0,Hellegat,Paulina,qir,0.049420416200323766,0.77624790587735,True
Paulina:668:186:1,Paulina:2:0,1996.0,1998.0,0,Hellegat,Paulina,qir,0.11173734510427491,0.3023756562902764,True
Paulina:668:186:1,Paulina:2:0,1998.0,2001.0,0,Hellegat,Paulina,qir,0.14093878010536856,0.4037254091227783,True
Paulina:668:186:1,Paulina:2:0,2001.0,2008.0,0,Hellegat,Paulina,qir,0.2913220256875442,0.4041126457635914,True
Paulina:668:186:1,Paulina:2:0,2008.0,2010.0,0,Hellegat,Paulina,qir,0.09813464191041493,0.3385503748364542,True
Paulina:668:186:1,Paulina:2:0,2010.0,2011.0,0,Hellegat,Paulina,qir,0.051169224921824415,0.37732183327127755,True
Paulina:668:186:1,Paulina:2:0,2011.0,2012.0,0,Hellegat,Paulina,qir,0.051582770695242385,0.40157661078153933,True
Paulina:584:138:1,Paulina:2:0,1996.0,1998.0,0,Hellegat,Paulina,qir,0.11173734510427491,0.36875818726702325,True
Paulina:584:138:1,Paulina:2:0,1998.0,2001.0,0,Hellegat,Paulina,qir,0.14093878010536856,0.4547686367121348,True
Paulina:584:138:1,Paulina:2:0,2001.0,2008.0,0,Hellegat,Paulina,qir,0.2913220256875442,0.45463774720057054,True
Paulina:584:138:1,Paulina:2:0,2008.0,2010.0,0,Hellegat,Paulina,qir,0.09813464191041493,0.3975143726527038,True
Paulina:584:138:1,Paulina:2:0,2010.0,2011.0,0,Hellegat,Paulina,qir,0.051169224921824415,0.4308285577816851,True
Paulina:584:138:1,Paulina:2:0,2011.0,2012.0,0,Hellegat,Paulina,qir,0.051582770695242385,0.45223991244679357,True
Paulina:660:338:4,Paulina:2:1,2008.0,2010.0,0,Hellegat,Paulina,qir,0.1465180881896723,0.01307644248008728,True
Paulina:660:338:4,Paulina:2:1,2010.0,2011.0,0,Hellegat,Paulina,qir,0.06919473348138357,0.20699683366176497,True
Paulina:660:338:4,Paulina:2:1,2011.0,2012.0,0,Hellegat,Paulina,qir,0.06794716933618788,0.03326407670974731,True
Paulina:607:327:5,Paulina:2:1,2010.0,2011.0,0,Hellegat,Paulina,qir,0.07975463963044956,0.09299675822257995,True
Paulina:607:327:5,Paulina:2:1,2011.0,2012.0,0,Hellegat,Paulina,qir,0.07548455889264657,0.32018944374540503,True
Paulina:643:390:2,Paulina:2:1,1998.0,2001.0,1,Hellegat,Paulina,qir,0.23624707940200687,0.03839975595474243,True
Paulina:643:390:4,Paulina:2:1,2008.0,2010.0,0,Hellegat,Paulina,qir,0.1644574151842274,0.03839975595474243,True
Paulina:643:390:4,Paulina:2:1,2010.0,2011.0,0,Hellegat,Paulina,qir,0.08028293440168258,0.22427068463811123,True
Paulina:643:390:4,Paulina:2:1,2011.0,2012.0,0,Hellegat,Paulina,qir,0.07896818138885024,0.10812773704528808,True
Paulina:608:369:5,Paulina:2:1,2010.0,2011.0,1,Hellegat,Paulina,qir,0.08591981488724272,0.03839975595474243,True
Paulina:673:390:4,Paulina:2:1,2008.0,2010.0,0,Hellegat,Paulina,qir,0.15760146856104112,0.08430570363998413,True
Paulina:673:390:4,Paulina:2:1,2010.0,2011.0,0,Hellegat,Paulina,qir,0.0759878576379765,0.2156785475379966,True
Paulina:673:390:4,Paulina:2:1,2011.0,2012.0,0,Hellegat,Paulina,qir,0.07469290912426567,0.12302143573760986,True
Paulina:620:333:1,Paulina:2:1,1996.0,1998.0,0,Hellegat,Paulina,qir,0.15314847671831627,0.09299675822257995,True
Paulina:620:333:1,Paulina:2:1,1998.0,2001.0,0,Hellegat,Paulina,qir,0.204008223098302,0.21588883438431222,True
Paulina:620:333:1,Paulina:2:1,2001.0,2008.0,0,Hellegat,Paulina,qir,0.40193043422471225,0.10682401061058044,True
Paulina:620:333:1,Paulina:2:1,2008.0,2010.0,0,Hellegat,Paulina,qir,0.13727493464072454,0.13547333901108866,True
Paulina:620:333:1,Paulina:2:1,2010.0,2011.0,0,Hellegat,Paulina,qir,0.07161801054420407,0.12553934435820402,True
Paulina:620:333:1,Paulina:2:1,2011.0,2012.0,0,Hellegat,Paulina,qir,0.07185709351883678,0.1136670989735239,True
Paulina:580:323:1,Paulina:2:1,1996.0,1998.0,0,Hellegat,Paulina,qir,0.15760146856104112,0.08430570363998413,True
Paulina:580:323:1,Paulina:2:1,1998.0,2001.0,1,Hellegat,Paulina,qir,0.21107987501946604,0.2156785475379966,True
Paulina:580:323:4,Paulina:2:1,2008.0,2010.0,0,Hellegat,Paulina,qir,0.15760146856104112,0.08430570363998413,True
Paulina:580:323:4,Paulina:2:1,2010.0,2011.0,0,Hellegat,Paulina,qir,0.0759878576379765,0.2156785475379966,True
Paulina:580:323:4,Paulina:2:1,2011.0,2012.0,0,Hellegat,Paulina,qir,0.07469290912426567,0.12302143573760986,True
Paulina:655:324:1,Paulina:2:1,1996.0,1998.0,1,Hellegat,Paulina,qir,0.14416691940608475,0.012720763683319092,True
Paulina:655:324:4,Paulina:2:1,2008.0,2010.0,0,Hellegat,Paulina,qir,0.14416691940608475,0.012720763683319092,True
Paulina:655:324:4,Paulina:2:1,2010.0,2011.0,0,Hellegat,Paulina,qir,0.06777955685760181,0.22040948851767136,True
Paulina:655:324:4,Paulina:2:1,2011.0,2012.0,0,Hellegat,Paulina,qir,0.06654450822536195,0.02563931941986084,True
Paulina:595:424:1,Paulina:2:1,1996.0,1998.0,1,Hellegat,Paulina,qir,0.18361103007949703,0.06877974271774293,True
Paulina:656:407:3,Paulina:2:1,2001.0,2008.0,0,Hellegat,Paulina,qir,0.4724803487748453,0.057599544525146484,True
Paulina:656:407:3,Paulina:2:1,2008.0,2010.0,0,Hellegat,Paulina,qir,0.15095471336144572,0.11596991008997666,True
Paulina:656:407:3,Paulina:2:1,2010.0,2011.0,0,Hellegat,Paulina,qir,0.0783963952543159,0.09869213372863493,True
Paulina:656:407:3,Paulina:2:1,2011.0,2012.0,0,Hellegat,Paulina,qir,0.07840611853282153,0.09941637637609327,True
Paulina:675:386:5,Paulina:2:1,2010.0,2011.0,0,Hellegat,Paulina,qir,0.08217728757730183,0.08430570363998413,True
Paulina:675:386:5,Paulina:2:1,2011.0,2012.0,0,Hellegat,Paulina,qir,0.07818569123850977,0.3090800183586006,True
Paulina:598:324:4,Paulina:2:1,2008.0,2010.0,0,Hellegat,Paulina,qir,0.1552024076455945,0.10362418889999389,True
Paulina:598:324:4,Paulina:2:1,2010.0,2011.0,0,Hellegat,Paulina,qir,0.07450109592425462,0.2173731194498311,True
Paulina:598:324:4,Paulina:2:1,2011.0,2012.0,0,Hellegat,Paulina,qir,0.07321477452917802,0.11658194065093994,True
Paulina:639:411:3,Paulina:2:1,2001.0,2008.0,1,Hellegat,Paulina,qir,0.4794640021965609,0.07988089323043823,True
Paulina:639:411:5,Paulina:2:1,2010.0,2011.0,1,Hellegat,Paulina,qir,0.08905329990785078,0.07988089323043823,True
Paulina:613:330:4,Paulina:2:1,2008.0,2010.0,0,Hellegat,Paulina,qir,0.15314847671831627,0.09299675822257995,True
Paulina:613:330:4,Paulina:2:1,2010.0,2011.0,0,Hellegat,Paulina,qir,0.07323520674711186,0.21588883438431222,True
Paulina:613:330:4,Paulina:2:1,2011.0,2012.0,0,Hellegat,Paulina,qir,0.071957025718903,0.10682401061058044,True
Paulina:650:616:2,Paulina:2:2,1998.0,2001.0,1,Hellegat,Paulina,qir,0.32690594133302775,0.4304171323776245,True
Paulina:650:616:4,Paulina:2:2,2008.0,2010.0,0,Hellegat,Paulina,qir,0.23196000155605728,0.4304171323776245,True
Paulina:650:616:4,Paulina:2:2,2010.0,2011.0,0,Hellegat,Paulina,qir,0.12533425005688403,0.5402618954934282,True
Paulina:650:616:4,Paulina:2:2,2011.0,2012.0,0,Hellegat,Paulina,qir,0.12416538610467692,0.4839040098040379,True
Paulina:644:609:3,Paulina:2:2,2001.0,2008.0,0,Hellegat,Paulina,qir,0.6029516155737453,0.4304171323776245,True
Paulina:644:609:3,Paulina:2:2,2008.0,2010.0,0,Hellegat,Paulina,qir,0.22432531248733356,0.46158594666588904,True
Paulina:644:609:3,Paulina:2:2,2010.0,2011.0,0,Hellegat,Paulina,qir,0.1174311329817338,0.4483005474023508,True
Paulina:644:609:3,Paulina:2:2,2011.0,2012.0,0,Hellegat,Paulina,qir,0.11665174657345165,0.437606065524675,True
Paulina:691:596:4,Paulina:2:2,2008.0,2010.0,1,Hellegat,Paulina,qir,0.21468966765798667,0.27061588764190675,True
Paulina:893:442:4,Paulina:3:1,2008.0,2010.0,0,Hellegat,Paulina,qir,0.13397850182276871,0.05732300877571106,True
Paulina:893:442:4,Paulina:3:1,2010.0,2011.0,0,Hellegat,Paulina,qir,0.061762305669805125,0.26331561534939174,True
Paulina:893:442:4,Paulina:3:1,2011.0,2012.0,0,Hellegat,Paulina,qir,0.060591290375939216,0.07687861323356629,True
Paulina:842:380:4,Paulina:3:1,2008.0,2010.0,0,Hellegat,Paulina,qir,0.12825698338006447,0.04906634986400604,True
Paulina:842:380:4,Paulina:3:1,2010.0,2011.0,0,Hellegat,Paulina,qir,0.05847145785608509,0.2822629618396215,True
Paulina:842:380:4,Paulina:3:1,2011.0,2012.0,0,Hellegat,Paulina,qir,0.05734341744984837,0.07569347396492958,True
Paulina:839:361:5,Paulina:3:1,2010.0,2011.0,0,Hellegat,Paulina,qir,0.0643899418322495,0.08355511352419853,True
Paulina:839:361:5,Paulina:3:1,2011.0,2012.0,0,Hellegat,Paulina,qir,0.05879404772746509,0.5556351589759574,True
Paulina:873:433:4,Paulina:3:1,2008.0,2010.0,0,Hellegat,Paulina,qir,0.13574298619871614,0.046261274814605714,True
Paulina:873:433:4,Paulina:3:1,2010.0,2011.0,0,Hellegat,Paulina,qir,0.06279042595562542,0.25887618694984327,True
Paulina:873:433:4,Paulina:3:1,2011.0,2012.0,0,Hellegat,Paulina,qir,0.061607164790359936,0.07134768962860108,True
Paulina:863:416:4,Paulina:3:1,2008.0,2010.0,0,Hellegat,Paulina,qir,0.13397850182276871,0.05732300877571106,True
Paulina:863:416:4,Paulina:3:1,2010.0,2011.0,0,Hellegat,Paulina,qir,0.061762305669805125,0.26331561534939174,True
Paulina:863:416:4,Paulina:3:1,2011.0,2012.0,0,Hellegat,Paulina,qir,0.060591290375939216,0.07687861323356629,True
Paulina:913:436:1,Paulina:3:1,1996.0,1998.0,0,Hellegat,Paulina,qir,0.13000966098844705,0.030933231115341187,True
Paulina:913:436:1,Paulina:3:1,1998.0,2001.0,0,Hellegat,Paulina,qir,0.16801663328787653,0.2742602571450707,True
Paulina:913:436:1,Paulina:3:1,2001.0,2008.0,0,Hellegat,Paulina,qir,0.33994785100494385,0.1573629825424391,True
Paulina:913:436:1,Paulina:3:1,2008.0,2010.0,0,Hellegat,Paulina,qir,0.11506829513859106,0.03998364210128784,True
Paulina:913:436:1,Paulina:3:1,2010.0,2011.0,0,Hellegat,Paulina,qir,0.06000767960018788,0.09394558684144971,True
Paulina:913:436:1,Paulina:3:1,2011.0,2012.0,0,Hellegat,Paulina,qir,0.06036800824482507,0.14278622758522191,True
Paulina:895:411:1,Paulina:3:1,1996.0,1998.0,0,Hellegat,Paulina,qir,0.12825698338006447,0.04906634986400604,True
Paulina:895:411:1,Paulina:3:1,1998.0,2001.0,0,Hellegat,Paulina,qir,0.16535754814969997,0.2822629618396215,True
Paulina:895:411:1,Paulina:3:1,2001.0,2008.0,0,Hellegat,Paulina,qir,0.33524947738195165,0.1665229069878793,True
Paulina:895:411:1,Paulina:3:1,2008.0,2010.0,0,Hellegat,Paulina,qir,0.1134187643371093,0.04846006664940191,True
Paulina:895:411:1,Paulina:3:1,2010.0,2011.0,0,Hellegat,Paulina,qir,0.05914663662629553,0.09857003259791167,True
Paulina:895:411:1,Paulina:3:1,2011.0,2012.0,0,Hellegat,Paulina,qir,0.05951387383622606,0.15221985713094804,True
Paulina:895:392:4,Paulina:3:1,2008.0,2010.0,0,Hellegat,Paulina,qir,0.12463381905533855,0.08355511352419853,True
Paulina:895:392:4,Paulina:3:1,2010.0,2011.0,0,Hellegat,Paulina,qir,0.056423124064949697,0.2944754863936473,True
Paulina:895:392:4,Paulina:3:1,2011.0,2012.0,0,Hellegat,Paulina,qir,0.055324839716826384,0.10255748555064201,True
Paulina:874:626:2,Paulina:3:2,1998.0,2001.0,0,Hellegat,Paulina,qir,0.2549081365420028,0.05823180675506592,True
Paulina:874:626:2,Paulina:3:2,2001.0,2008.0,1,Hellegat,Paulina,qir,0.4740207297654531,0.09035007953643799,True
Paulina:874:626:5,Paulina:3:2,2010.0,2011.0,0,Hellegat,Paulina,qir,0.09342597073318805,0.05823180675506592,True
Paulina:874:626:5,Paulina:3:2,2011.0,2012.0,0,Hellegat,Paulina,qir,0.090898312815427,0.36195368998434235,True
Paulina:869:636:5,Paulina:3:2,2010.0,2011.0,1,Hellegat,Paulina,qir,0.09645754393027942,0.06877974271774293,True
Paulina:929:628:1,Paulina:3:2,1996.0,1998.0,0,Hellegat,Paulina,qir,0.1670103367435057,0.057599544525146484,True
Paulina:929:628:1,Paulina:3:2,1998.0,2001.0,0,Hellegat,Paulina,qir,0.22612411362616908,0.23592429013379893,True
Paulina:929:628:1,Paulina:3:2,2001.0,2008.0,0,Hellegat,Paulina,qir,0.43853624049631323,0.13309547901153565,True
Paulina:929:628:1,Paulina:3:2,2008.0,2010.0,0,Hellegat,Paulina,qir,0.1509159274573926,0.12274999226036196,True
Paulina:929:628:1,Paulina:3:2,2010.0,2011.0,0,Hellegat,Paulina,qir,0.0787800997981783,0.10210331767899246,True
Paulina:929:628:1,Paulina:3:2,2011.0,2012.0,0,Hellegat,Paulina,qir,0.07892350384836831,0.08556198241066018,True
Paulina:933:629:1,Paulina:3:2,1996.0,1998.0,0,Hellegat,Paulina,qir,0.1670103367435057,0.057599544525146484,True
Paulina:933:629:1,Paulina:3:2,1998.0,2001.0,0,Hellegat,Paulina,qir,0.22612411362616908,0.23592429013379893,True
Paulina:933:629:1,Paulina:3:2,2001.0,2008.0,0,Hellegat,Paulina,qir,0.43853624049631323,0.13309547901153565,True
Paulina:933:629:1,Paulina:3:2,2008.0,2010.0,0,Hellegat,Paulina,qir,0.1509159274573926,0.12274999226036196,True
Paulina:933:629:1,Paulina:3:2,2010.0,2011.0,0,Hellegat,Paulina,qir,0.0787800997981783,0.10210331767899246,True
Paulina:933:629:1,Paulina:3:2,2011.0,2012.0,0,Hellegat,Paulina,qir,0.07892350384836831,0.08556198241066018,True
Paulina:881:625:1,Paulina:3:2,1996.0,1998.0,1,Hellegat,Paulina,qir,0.17812352945893756,0.05823180675506592,True
Paulina:881:625:4,Paulina:3:2,2008.0,2010.0,0,Hellegat,Paulina,qir,0.17812352945893756,0.05823180675506592,True
Paulina:881:625:4,Paulina:3:2,2010.0,2011.0,0,Hellegat,Paulina,qir,0.08903184999987883,0.267538033069584,True
Paulina:881:625:4,Paulina:3:2,2011.0,2012.0,0,Hellegat,Paulina,qir,0.08769852830337257,0.09035007953643799,True
Paulina:947:675:5,Paulina:3:2,2010.0,2011.0,0,Hellegat,Paulina,qir,0.09198776430566065,0.06431574821472168,True
Paulina:947:675:5,Paulina:3:2,2011.0,2012.0,0,Hellegat,Paulina,qir,0.08925960304399952,0.3489524753989729,True
Paulina:957:626:4,Paulina:3:2,2008.0,2010.0,0,Hellegat,Paulina,qir,0.1622106368769209,0.044128131866455075,True
Paulina:957:626:4,Paulina:3:2,2010.0,2011.0,1,Hellegat,Paulina,qir,0.0788680427387402,0.21556237093787906,True
Paulina:907:640:1,Paulina:3:2,1996.0,1998.0,1,Hellegat,Paulina,qir,0.17551377982936756,0.06431574821472168,True
Paulina:901:638:1,Paulina:3:2,1996.0,1998.0,1,Hellegat,Paulina,qir,0.17551377982936756,0.06431574821472168,True
Paulina:901:638:4,Paulina:3:2,2008.0,2010.0,0,Hellegat,Paulina,qir,0.17551377982936756,0.06431574821472168,True
Paulina:901:638:4,Paulina:3:2,2010.0,2011.0,0,Hellegat,Paulina,qir,0.08734315580568991,0.260188051609897,True
Paulina:901:638:4,Paulina:3:2,2011.0,2012.0,0,Hellegat,Paulina,qir,0.08601127325225093,0.08426613807678222,True
Paulina:860:590:4,Paulina:3:2,2008.0,2010.0,0,Hellegat,Paulina,qir,0.1728633654550583,0.07897231578826905,True
Paulina:860:590:4,Paulina:3:2,2010.0,2011.0,0,Hellegat,Paulina,qir,0.08563654841741983,0.25512571415038726,True
Paulina:860:590:4,Paulina:3:2,2011.0,2012.0,0,Hellegat,Paulina,qir,0.08430712437130841,0.09054751396179199,True
Paulina:860:598:1,Paulina:3:2,1996.0,1998.0,1,Hellegat,Paulina,qir,0.17551377982936756,0.06431574821472168,True
Paulina:860:598:4,Paulina:3:2,2008.0,2010.0,0,Hellegat,Paulina,qir,0.17551377982936756,0.06431574821472168,True
Paulina:860:598:4,Paulina:3:2,2010.0,2011.0,0,Hellegat,Paulina,qir,0.08734315580568991,0.260188051609897,True
Paulina:860:598:4,Paulina:3:2,2011.0,2012.0,0,Hellegat,Paulina,qir,0.08601127325225093,0.08426613807678222,True
Paulina:877:683:4,Paulina:3:2,2008.0,2010.0,0,Hellegat,Paulina,qir,0.19292100898269673,0.10733747482299805,True
Paulina:877:683:4,Paulina:3:2,2010.0,2011.0,0,Hellegat,Paulina,qir,0.09875024224814935,0.31578658150720174,True
Paulina:877:683:4,Paulina:3:2,2011.0,2012.0,0,Hellegat,Paulina,qir,0.09742680311836466,0.16936192512512208,True
Paulina:849:654:5,Paulina:3:2,2010.0,2011.0,0,Hellegat,Paulina,qir,0.10162424842535778,0.10733747482299805,True
Paulina:849:654:5,Paulina:3:2,2011.0,2012.0,0,Hellegat,Paulina,qir,0.10029595846065611,0.4333598873855366,True
Paulina:846:582:1,Paulina:3:2,1996.0,1998.0,1,Hellegat,Paulina,qir,0.1728633654550583,0.07897231578826905,True
Paulina:846:582:4,Paulina:3:2,2008.0,2010.0,0,Hellegat,Paulina,qir,0.1728633654550583,0.07897231578826905,True
Paulina:846:582:4,Paulina:3:2,2010.0,2011.0,0,Hellegat,Paulina,qir,0.08563654841741983,0.25512571415038726,True
Paulina:846:582:4,Paulina:3:2,2011.0,2012.0,0,Hellegat,Paulina,qir,0.08430712437130841,0.09054751396179199,True
Paulina:902:653:5,Paulina:3:2,2010.0,2011.0,0,Hellegat,Paulina,qir,0.09502415419668662,0.06293292045593261,True
Paulina:902:653:5,Paulina:3:2,2011.0,2012.0,0,Hellegat,Paulina,qir,0.09272308119551782,0.37670341583346134,True
Paulina:901:687:5,Paulina:3:2,2010.0,2011.0,0,Hellegat,Paulina,qir,0.09803430329915636,0.08774253129959106,True
Paulina:901:687:5,Paulina:3:2,2011.0,2012.0,0,Hellegat,Paulina,qir,0.09617000215936568,0.4050735837443238,True
Paulina:906:606:1,Paulina:3:2,1996.0,1998.0,0,Hellegat,Paulina,qir,0.1670103367435057,0.057599544525146484,True
Paulina:906:606:1,Paulina:3:2,1998.0,2001.0,0,Hellegat,Paulina,qir,0.22612411362616908,0.23592429013379893,True
Paulina:906:606:1,Paulina:3:2,2001.0,2008.0,0,Hellegat,Paulina,qir,0.43853624049631323,0.13309547901153565,True
Paulina:906:606:1,Paulina:3:2,2008.0,2010.0,0,Hellegat,Paulina,qir,0.1509159274573926,0.12274999226036196,True
Paulina:906:606:1,Paulina:3:2,2010.0,2011.0,0,Hellegat,Paulina,qir,0.0787800997981783,0.10210331767899246,True
Paulina:906:606:1,Paulina:3:2,2011.0,2012.0,0,Hellegat,Paulina,qir,0.07892350384836831,0.08556198241066018,True
Paulina:845:629:1,Paulina:3:2,1996.0,1998.0,1,Hellegat,Paulina,qir,0.18645788197496177,0.08774253129959106,True
Paulina:845:629:4,Paulina:3:2,2008.0,2010.0,0,Hellegat,Paulina,qir,0.18645788197496177,0.08774253129959106,True
Paulina:845:629:4,Paulina:3:2,2010.0,2011.0,1,Hellegat,Paulina,qir,0.09447679366300112,0.2899987623775057,True
Paulina:847:643:2,Paulina:3:2,1998.0,2001.0,1,Hellegat,Paulina,qir,0.27036989334314576,0.10006840229034424,True
Paulina:840:602:1,Paulina:3:2,1996.0,1998.0,1,Hellegat,Paulina,qir,0.18101871851257761,0.06293292045593261,True
Paulina:840:602:5,Paulina:3:2,2010.0,2011.0,1,Hellegat,Paulina,qir,0.09502415419668662,0.06293292045593261,True
Paulina:895:632:3,Paulina:3:2,2001.0,2008.0,0,Hellegat,Paulina,qir,0.491088921062307,0.06431574821472168,True
Paulina:895:632:3,Paulina:3:2,2008.0,2010.0,0,Hellegat,Paulina,qir,0.1602510804896199,0.1197617926630526,True
Paulina:895:632:3,Paulina:3:2,2010.0,2011.0,0,Hellegat,Paulina,qir,0.08326054731139956,0.09880713340007678,True
Paulina:895:632:3,Paulina:3:2,2011.0,2012.0,0,Hellegat,Paulina,qir,0.08318078158314535,0.08122419185080841,True
Paulina:869:692:5,Paulina:3:2,2010.0,2011.0,1,Hellegat,Paulina,qir,0.10325113691936982,0.11350040435791016,True
Paulina:920:673:4,Paulina:3:2,2008.0,2010.0,0,Hellegat,Paulina,qir,0.18101871851257761,0.06293292045593261,True
Paulina:920:673:4,Paulina:3:2,2010.0,2011.0,0,Hellegat,Paulina,qir,0.09091452883451234,0.2771658720955452,True
Paulina:920:673:4,Paulina:3:2,2011.0,2012.0,0,Hellegat,Paulina,qir,0.08958075647160786,0.102596914768219,True
Paulina:957:833:1,Paulina:3:3,1996.0,1998.0,0,Hellegat,Paulina,qir,0.20786782281199076,0.2042458772659302,True
Paulina:957:833:1,Paulina:3:3,1998.0,2001.0,0,Hellegat,Paulina,qir,0.29213999431209914,0.3821212796513201,True
Paulina:957:833:1,Paulina:3:3,2001.0,2008.0,0,Hellegat,Paulina,qir,0.5410501280018132,0.29151065578709934,True
Paulina:957:833:1,Paulina:3:3,2008.0,2010.0,0,Hellegat,Paulina,qir,0.19229916614502987,0.24278876134105615,True
Paulina:957:833:1,Paulina:3:3,2010.0,2011.0,0,Hellegat,Paulina,qir,0.10074121750451709,0.20935708580690932,True
Paulina:957:833:1,Paulina:3:3,2011.0,2012.0,0,Hellegat,Paulina,qir,0.10053009018188928,0.1925623705626383,True
Paulina:1117:676:1,Paulina:4:2,1996.0,1998.0,0,Hellegat,Paulina,qir,0.1465180881896723,0.01307644248008728,True
Paulina:1117:676:1,Paulina:4:2,1998.0,2001.0,1,Hellegat,Paulina,qir,0.19355176525484438,0.20699683366176497,True
Paulina:1117:676:4,Paulina:4:2,2008.0,2010.0,0,Hellegat,Paulina,qir,0.1465180881896723,0.01307644248008728,True
Paulina:1117:676:4,Paulina:4:2,2010.0,2011.0,0,Hellegat,Paulina,qir,0.06919473348138357,0.20699683366176497,True
Paulina:1117:676:4,Paulina:4:2,2011.0,2012.0,0,Hellegat,Paulina,qir,0.06794716933618788,0.03326407670974731,True
Paulina:1096:641:2,Paulina:4:2,1998.0,2001.0,0,Hellegat,Paulina,qir,0.20825814562359984,0.012720763683319092,True
Paulina:1096:641:2,Paulina:4:2,2001.0,2008.0,0,Hellegat,Paulina,qir,0.3824739172191587,0.02563931941986084,True
Paulina:1096:641:2,Paulina:4:2,2008.0,2010.0,0,Hellegat,Paulina,qir,0.12761283392623807,0.06552992633181663,True
Paulina:1096:641:2,Paulina:4:2,2010.0,2011.0,0,Hellegat,Paulina,qir,0.06649343207014552,0.07161604366616807,True
Paulina:1096:641:2,Paulina:4:2,2011.0,2012.0,0,Hellegat,Paulina,qir,0.06677179017484289,0.09834255034589832,True
Paulina:1112:606:4,Paulina:4:2,2008.0,2010.0,0,Hellegat,Paulina,qir,0.13574298619871614,0.046261274814605714,True
Paulina:1112:606:4,Paulina:4:2,2010.0,2011.0,0,Hellegat,Paulina,qir,0.06279042595562542,0.25887618694984327,True
Paulina:1112:606:4,Paulina:4:2,2011.0,2012.0,0,Hellegat,Paulina,qir,0.061607164790359936,0.07134768962860108,True
Paulina:1111:609:4,Paulina:4:2,2008.0,2010.0,0,Hellegat,Paulina,qir,0.13574298619871614,0.046261274814605714,True
Paulina:1111:609:4,Paulina:4:2,2010.0,2011.0,0,Hellegat,Paulina,qir,0.06279042595562542,0.25887618694984327,True
Paulina:1111:609:4,Paulina:4:2,2011.0,2012.0,0,Hellegat,Paulina,qir,0.061607164790359936,0.07134768962860108,True
Paulina:1114:586:1,Paulina:4:2,1996.0,1998.0,0,Hellegat,Paulina,qir,0.13180807298171893,0.04918502867221832,True
Paulina:1114:586:1,Paulina:4:2,1998.0,2001.0,0,Hellegat,Paulina,qir,0.17075682791629376,0.2687558756545855,True
Paulina:1114:586:1,Paulina:4:2,2001.0,2008.0,0,Hellegat,Paulina,qir,0.34477234649490124,0.1523921143339398,True
Paulina:1114:586:1,Paulina:4:2,2008.0,2010.0,0,Hellegat,Paulina,qir,0.11676608563747146,0.055664328914567296,True
Paulina:1114:586:1,Paulina:4:2,2010.0,2011.0,0,Hellegat,Paulina,qir,0.06089395655407107,0.09718966551040271,True
Paulina:1114:586:1,Paulina:4:2,2011.0,2012.0,0,Hellegat,Paulina,qir,0.061246869043085524,0.13799841818763509,True
Paulina:1100:604:4,Paulina:4:2,2008.0,2010.0,0,Hellegat,Paulina,qir,0.13574298619871614,0.046261274814605714,True
Paulina:1100:604:4,Paulina:4:2,2010.0,2011.0,0,Hellegat,Paulina,qir,0.06279042595562542,0.25887618694984327,True
Paulina:1100:604:4,Paulina:4:2,2011.0,2012.0,0,Hellegat,Paulina,qir,0.061607164790359936,0.07134768962860108,True
Paulina:1119:614:4,Paulina:4:2,2008.0,2010.0,0,Hellegat,Paulina,qir,0.13574298619871614,0.046261274814605714,True
Paulina:1119:614:4,Paulina:4:2,2010.0,2011.0,0,Hellegat,Paulina,qir,0.06279042595562542,0.25887618694984327,True
Paulina:1119:614:4,Paulina:4:2,2011.0,2012.0,0,Hellegat,Paulina,qir,0.061607164790359936,0.07134768962860108,True
Paulina:1091:629:4,Paulina:4:2,2008.0,2010.0,0,Hellegat,Paulina,qir,0.14204669811951323,0.01236531138420105,True
Paulina:1091:629:4,Paulina:4:2,2010.0,2011.0,0,Hellegat,Paulina,qir,0.06651165827287421,0.23214213081941706,True
Paulina:1091:629:4,Paulina:4:2,2011.0,2012.0,0,Hellegat,Paulina,qir,0.06528860228114372,0.03199970126152039,True
Paulina:1098:854:4,Paulina:4:3,2008.0,2010.0,0,Hellegat,Paulina,qir,0.18361103007949703,0.06877974271774293,True
Paulina:1098:854:4,Paulina:4:3,2010.0,2011.0,0,Hellegat,Paulina,qir,0.0926082855298603,0.2821753459516484,True
Paulina:1098:854:4,Paulina:4:3,2011.0,2012.0,0,Hellegat,Paulina,qir,0.09127510791382797,0.1084437370300293,True
Paulina:1089:936:1,Paulina:4:3,1996.0,1998.0,1,Hellegat,Paulina,qir,0.198442765389534,0.11891264915466308,True
Paulina:1110:880:1,Paulina:4:3,1996.0,1998.0,0,Hellegat,Paulina,qir,0.18645788197496177,0.08774253129959106,True
Paulina:1110:880:1,Paulina:4:3,1998.0,2001.0,0,Hellegat,Paulina,qir,0.25749607442896844,0.2899987623775057,True
Paulina:1110:880:1,Paulina:4:3,2001.0,2008.0,0,Hellegat,Paulina,qir,0.4885238677744853,0.16007790565490723,True
Paulina:1110:880:1,Paulina:4:3,2008.0,2010.0,0,Hellegat,Paulina,qir,0.1704146376343182,0.11939939470522201,True
Paulina:1110:880:1,Paulina:4:3,2010.0,2011.0,0,Hellegat,Paulina,qir,0.08907763195067459,0.10330615864159107,True
Paulina:1110:880:1,Paulina:4:3,2011.0,2012.0,0,Hellegat,Paulina,qir,0.08906383423834938,0.08226330408272622,True
Paulina:1099:914:4,Paulina:4:3,2008.0,2010.0,0,Hellegat,Paulina,qir,0.19584147656359718,0.11350040435791016,True
Paulina:1099:914:4,Paulina:4:3,2010.0,2011.0,1,Hellegat,Paulina,qir,0.10069487610091717,0.3303064461242413,True
Paulina:1097:865:1,Paulina:4:3,1996.0,1998.0,1,Hellegat,Paulina,qir,0.18645788197496177,0.08774253129959106,True
Paulina:1097:865:4,Paulina:4:3,2008.0,2010.0,0,Hellegat,Paulina,qir,0.18645788197496177,0.08774253129959106,True
Paulina:1097:865:4,Paulina:4:3,2010.0,2011.0,0,Hellegat,Paulina,qir,0.09447679366300112,0.2899987623775057,True
Paulina:1097:865:4,Paulina:4:3,2011.0,2012.0,0,Hellegat,Paulina,qir,0.09314534410520453,0.12740652561187743,True
Paulina:1091:917:5,Paulina:4:3,2010.0,2011.0,0,Hellegat,Paulina,qir,0.10325113691936982,0.11350040435791016,True
Paulina:1091:917:5,Paulina:4:3,2011.0,2012.0,0,Hellegat,Paulina,qir,0.10217048641871071,0.4434203678207294,True
Paulina:1120:870:4,Paulina:4:3,2008.0,2010.0,0,Hellegat,Paulina,qir,0.18101871851257761,0.06293292045593261,True
Paulina:1120:870:4,Paulina:4:3,2010.0,2011.0,0,Hellegat,Paulina,qir,0.09091452883451234,0.2771658720955452,True
Paulina:1120:870:4,Paulina:4:3,2011.0,2012.0,0,Hellegat,Paulina,qir,0.08958075647160786,0.102596914768219,True
Paulina:1094:936:5,Paulina:4:3,2010.0,2011.0,0,Hellegat,Paulina,qir,0.10470271160330995,0.11891264915466308,True
Paulina:1094:936:5,Paulina:4:3,2011.0,2012.0,0,Hellegat,Paulina,qir,0.10384528167414805,0.4526358583390471,True
Paulina:1111:874:4,Paulina:4:3,2008.0,2010.0,0,Hellegat,Paulina,qir,0.18361103007949703,0.06877974271774293,True
Paulina:1111:874:4,Paulina:4:3,2010.0,2011.0,0,Hellegat,Paulina,qir,0.0926082855298603,0.2821753459516484,True
Paulina:1111:874:4,Paulina:4:3,2011.0,2012.0,0,Hellegat,Paulina,qir,0.09127510791382797,0.1084437370300293,True
Paulina:1115:927:1,Paulina:4:3,1996.0,1998.0,0,Hellegat,Paulina,qir,0.19292100898269673,0.10733747482299805,True
Paulina:1115:927:1,Paulina:4:3,1998.0,2001.0,1,Hellegat,Paulina,qir,0.26795886959602977,0.31578658150720174,True
Paulina:1115:927:4,Paulina:4:3,2008.0,2010.0,0,Hellegat,Paulina,qir,0.19292100898269673,0.10733747482299805,True
Paulina:1115:927:4,Paulina:4:3,2010.0,2011.0,0,Hellegat,Paulina,qir,0.09875024224814935,0.31578658150720174,True
Paulina:1115:927:4,Paulina:4:3,2011.0,2012.0,0,Hellegat,Paulina,qir,0.09742680311836466,0.16936192512512208,True
Paulina:1121:945:1,Paulina:4:3,1996.0,1998.0,1,Hellegat,Paulina,qir,0.19584147656359718,0.11350040435791016,True
Paulina:1121:945:5,Paulina:4:3,2010.0,2011.0,0,Hellegat,Paulina,qir,0.10325113691936982,0.11350040435791016,True
Paulina:1121:945:5,Paulina:4:3,2011.0,2012.0,0,Hellegat,Paulina,qir,0.10217048641871071,0.4434203678207294,True
Paulina:1094:938:5,Paulina:4:3,2010.0,2011.0,0,Hellegat,Paulina,qir,0.10470271160330995,0.11891264915466308,True
Paulina:1094:938:5,Paulina:4:3,2011.0,2012.0,0,Hellegat,Paulina,qir,0.10384528167414805,0.4526358583390471,True
Paulina:1108:877:1,Paulina:4:3,1996.0,1998.0,0,Hellegat,Paulina,qir,0.18645788197496177,0.08774253129959106,True
Paulina:1108:877:1,Paulina:4:3,1998.0,2001.0,1,Hellegat,Paulina,qir,0.25749607442896844,0.2899987623775057,True
Paulina:1108:877:4,Paulina:4:3,2008.0,2010.0,0,Hellegat,Paulina,qir,0.18645788197496177,0.08774253129959106,True
Paulina:1108:877:4,Paulina:4:3,2010.0,2011.0,0,Hellegat,Paulina,qir,0.09447679366300112,0.2899987623775057,True
Paulina:1108:877:4,Paulina:4:3,2011.0,2012.0,0,Hellegat,Paulina,qir,0.09314534410520453,0.12740652561187743,True
Paulina:1101:840:5,Paulina:4:3,2010.0,2011.0,0,Hellegat,Paulina,qir,0.09502415419668662,0.06293292045593261,True
Paulina:1101:840:5,Paulina:4:3,2011.0,2012.0,0,Hellegat,Paulina,qir,0.09272308119551782,0.37670341583346134,True
Paulina:1116:913:4,Paulina:4:3,2008.0,2010.0,0,Hellegat,Paulina,qir,0.18953332154056346,0.10006840229034424,True
Paulina:1116:913:4,Paulina:4:3,2010.0,2011.0,0,Hellegat,Paulina,qir,0.09650497086997673,0.300973347684523,True
Paulina:1116:913:4,Paulina:4:3,2011.0,2012.0,0,Hellegat,Paulina,qir,0.09517662407767465,0.14755470752716066,True
Paulina:1110:930:4,Paulina:4:3,2008.0,2010.0,0,Hellegat,Paulina,qir,0.19584147656359718,0.11350040435791016,True
Paulina:1110:930:4,Paulina:4:3,2010.0,2011.0,0,Hellegat,Paulina,qir,0.10069487610091717,0.3303064461242413,True
Paulina:1110:930:4,Paulina:4:3,2011.0,2012.0,0,Hellegat,Paulina,qir,0.09937683662546479,0.1878507137298584,True
Paulina:1089:871:1,Paulina:4:3,1996.0,1998.0,0,Hellegat,Paulina,qir,0.18953332154056346,0.10006840229034424,True
Paulina:1089:871:1,Paulina:4:3,1998.0,2001.0,1,Hellegat,Paulina,qir,0.2624740554041904,0.300973347684523,True
Paulina:1089:871:4,Paulina:4:3,2008.0,2010.0,0,Hellegat,Paulina,qir,0.18953332154056346,0.10006840229034424,True
Paulina:1089:871:4,Paulina:4:3,2010.0,2011.0,0,Hellegat,Paulina,qir,0.09650497086997673,0.300973347684523,True
Paulina:1089:871:4,Paulina:4:3,2011.0,2012.0,0,Hellegat,Paulina,qir,0.09517662407767465,0.14755470752716066,True
Paulina:1114:906:4,Paulina:4:3,2008.0,2010.0,0,Hellegat,Paulina,qir,0.18953332154056346,0.10006840229034424,True
Paulina:1114:906:4,Paulina:4:3,2010.0,2011.0,0,Hellegat,Paulina,qir,0.09650497086997673,0.300973347684523,True
Paulina:1114:906:4,Paulina:4:3,2011.0,2012.0,0,Hellegat,Paulina,qir,0.09517662407767465,0.14755470752716066,True
Paulina:1105:911:1,Paulina:4:3,1996.0,1998.0,1,Hellegat,Paulina,qir,0.19292100898269673,0.10733747482299805,True
Paulina:1105:911:4,Paulina:4:3,2008.0,2010.0,0,Hellegat,Paulina,qir,0.19292100898269673,0.10733747482299805,True
Paulina:1105:911:4,Paulina:4:3,2010.0,2011.0,0,Hellegat,Paulina,qir,0.09875024224814935,0.31578658150720174,True
Paulina:1105:911:4,Paulina:4:3,2011.0,2012.0,0,Hellegat,Paulina,qir,0.09742680311836466,0.16936192512512208,True
Hellegat:165:158:7,Hellegat:0:0,2008.0,2010.0,0,Paulina,Hellegat,baseline,0.20417906846151676,6.24007496166876,False
Hellegat:165:158:7,Hellegat:0:0,2010.0,2011.0,1,Paulina,Hellegat,baseline,0.08048572061041684,6.250227130814733,False
Hellegat:167:159:7,Hellegat:0:0,2008.0,2010.0,0,Paulina,Hellegat,baseline,0.20241234392873703,5.466595510167991,False
Hellegat:167:159:7,Hellegat:0:0,2010.0,2011.0,1,Paulina,Hellegat,baseline,0.07961543502672834,5.479522681611229,False
Hellegat:178:401:2,Hellegat:0:1,1993.0,1996.0,0,Paulina,Hellegat,baseline,0.23849057932743847,0.1989738702774048,True
Hellegat:178:401:2,Hellegat:0:1,1996.0,1998.0,0,Paulina,Hellegat,baseline,0.1096095071310214,0.47322878553741654,True
Hellegat:178:401:2,Hellegat:0:1,1998.0,2001.0,0,Paulina,Hellegat,baseline,0.144323187482062,0.4853905737400055,True
Hellegat:178:401:2,Hellegat:0:1,2001.0,2004.0,0,Paulina,Hellegat,baseline,0.13220789805538893,0.36783389368871244,True
Hellegat:178:401:2,Hellegat:0:1,2004.0,2008.0,0,Paulina,Hellegat,baseline,0.16390925008994275,0.3803590080556506,True
Hellegat:178:401:2,Hellegat:0:1,2008.0,2010.0,0,Paulina,Hellegat,baseline,0.08214256124417693,0.5300604263371543,False
Hellegat:178:401:2,Hellegat:0:1,2010.0,2011.0,0,Paulina,Hellegat,baseline,0.0413594491208203,0.5956302344977364,False
Hellegat:178:401:2,Hellegat:0:1,2011.0,2012.0,0,Paulina,Hellegat,baseline,0.041114868764607924,0.6299164234942184,False
Hellegat:106:397:1,Hellegat:0:1,1982.0,1993.0,1,Paulina,Hellegat,baseline,0.6975104756934083,1.9201659355936258,False
Hellegat:106:397:3,Hellegat:0:1,1996.0,1998.0,1,Paulina,Hellegat,baseline,0.1953932011651822,1.9201659355936258,False
Hellegat:165:436:2,Hellegat:0:1,1993.0,1996.0,0,Paulina,Hellegat,baseline,0.23849057932743847,0.1989738702774048,True
Hellegat:165:436:2,Hellegat:0:1,1996.0,1998.0,0,Paulina,Hellegat,baseline,0.1096095071310214,0.47322878553741654,True
Hellegat:165:436:2,Hellegat:0:1,1998.0,2001.0,0,Paulina,Hellegat,baseline,0.144323187482062,0.4853905737400055,True
Hellegat:165:436:2,Hellegat:0:1,2001.0,2004.0,0,Paulina,Hellegat,baseline,0.13220789805538893,0.36783389368871244,True
Hellegat:165:436:2,Hellegat:0:1,2004.0,2008.0,0,Paulina,Hellegat,baseline,0.16390925008994275,0.3803590080556506,True
Hellegat:165:436:2,Hellegat:0:1,2008.0,2010.0,0,Paulina,Hellegat,baseline,0.08214256124417693,0.5300604263371543,False
Hellegat:165:436:2,Hellegat:0:1,2010.0,2011.0,0,Paulina,Hellegat,baseline,0.0413594491208203,0.5956302344977364,False
Hellegat:165:436:2,Hellegat:0:1,2011.0,2012.0,0,Paulina,Hellegat,baseline,0.041114868764607924,0.6299164234942184,False
Hellegat:124:435:7,Hellegat:0:1,2008.0,2010.0,0,Paulina,Hellegat,baseline,0.18291086288115752,1.0488628087405467,False
Hellegat:124:435:7,Hellegat:0:1,2010.0,2011.0,0,Paulina,Hellegat,baseline,0.0700697331193753,1.1788017220178146,False
Hellegat:124:435:7,Hellegat:0:1,2011.0,2012.0,0,Paulina,Hellegat,baseline,0.06474433140770315,1.0952215603894833,False
Hellegat:145:333:4,Hellegat:0:1,1998.0,2001.0,1,Paulina,Hellegat,baseline,0.26820497442014907,1.3173414205177845,False
Hellegat:145:333:7,Hellegat:0:1,2008.0,2010.0,0,Paulina,Hellegat,baseline,0.18793093142971068,1.3173414205177845,False
Hellegat:145:333:7,Hellegat:0:1,2010.0,2011.0,1,Paulina,Hellegat,baseline,0.0725461213392557,1.4112309442216582,False
Hellegat:153:390:4,Hellegat:0:1,1998.0,2001.0,0,Paulina,Hellegat,baseline,0.25370827446237415,0.7829630136489868,False
Hellegat:153:390:4,Hellegat:0:1,2001.0,2004.0,0,Paulina,Hellegat,baseline,0.1748118573871945,0.8878553844750374,False
Hellegat:153:390:4,Hellegat:0:1,2004.0,2008.0,0,Paulina,Hellegat,baseline,0.1979816596885949,0.7778720884570453,False
Hellegat:153:390:4,Hellegat:0:1,2008.0,2010.0,0,Paulina,Hellegat,baseline,0.09460405807210451,0.8415689894900258,False
Hellegat:153:390:4,Hellegat:0:1,2010.0,2011.0,0,Paulina,Hellegat,baseline,0.04691892311015999,0.871760791224346,False
Hellegat:153:390:4,Hellegat:0:1,2011.0,2012.0,0,Paulina,Hellegat,baseline,0.04628921372197932,0.8930603965996727,False
Hellegat:139:366:4,Hellegat:0:1,1998.0,2001.0,0,Paulina,Hellegat,baseline,0.2658665747058862,1.2057914291659022,False
Hellegat:139:366:4,Hellegat:0:1,2001.0,2004.0,0,Paulina,Hellegat,baseline,0.1859617810011478,1.2358006925566003,False
Hellegat:139:366:4,Hellegat:0:1,2004.0,2008.0,1,Paulina,Hellegat,baseline,0.21039785544431286,1.1523359548857348,False
Hellegat:139:366:8,Hellegat:0:1,2010.0,2011.0,0,Paulina,Hellegat,baseline,0.0978924185991055,1.2057914291659022,False
Hellegat:139:366:8,Hellegat:0:1,2011.0,2012.0,0,Paulina,Hellegat,baseline,0.08033365398618018,1.2174473700022577,False
Hellegat:96:329:8,Hellegat:0:1,2010.0,2011.0,0,Paulina,Hellegat,baseline,0.11084385243270749,5.84633039406342,False
Hellegat:96:329:8,Hellegat:0:1,2011.0,2012.0,0,Paulina,Hellegat,baseline,0.09245963256722393,5.82926771010244,False
Hellegat:118:348:4,Hellegat:0:1,1998.0,2001.0,0,Paulina,Hellegat,baseline,0.28042423721801496,2.2473937535766284,False
Hellegat:118:348:4,Hellegat:0:1,2001.0,2004.0,0,Paulina,Hellegat,baseline,0.19892140841168615,2.243161973960741,False
Hellegat:118:348:4,Hellegat:0:1,2004.0,2008.0,0,Paulina,Hellegat,baseline,0.22490311018350687,2.1955043819428104,False
Hellegat:118:348:4,Hellegat:0:1,2008.0,2010.0,0,Paulina,Hellegat,baseline,0.10766920397028963,2.2581441037477856,False
Hellegat:118:348:4,Hellegat:0:1,2010.0,2011.0,0,Paulina,Hellegat,baseline,0.05332842797557172,2.2987128310847194,False
Hellegat:118:348:4,Hellegat:0:1,2011.0,2012.0,0,Paulina,Hellegat,baseline,0.05247719175823768,2.313760472828826,False
Hellegat:141:336:4,Hellegat:0:1,1998.0,2001.0,0,Paulina,Hellegat,baseline,0.27064478103952044,1.4191861085617559,False
Hellegat:141:336:4,Hellegat:0:1,2001.0,2004.0,0,Paulina,Hellegat,baseline,0.19023772826969462,1.434759717656933,False
Hellegat:141:336:4,Hellegat:0:1,2004.0,2008.0,0,Paulina,Hellegat,baseline,0.2151712244334085,1.3618869886391836,False
Hellegat:141:336:4,Hellegat:0:1,2008.0,2010.0,0,Paulina,Hellegat,baseline,0.10284335502789356,1.4513413456836073,False
Hellegat:141:336:4,Hellegat:0:1,2010.0,2011.0,0,Paulina,Hellegat,baseline,0.0509363891565901,1.490047817563629,False
Hellegat:141:336:4,Hellegat:0:1,2011.0,2012.0,0,Paulina,Hellegat,baseline,0.05015919891579483,1.5128440523174453,False
Hellegat:137:349:4,Hellegat:0:1,1998.0,2001.0,1,Paulina,Hellegat,baseline,0.27064478103952044,1.4191861085617559,False
Hellegat:137:349:6,Hellegat:0:1,2004.0,2008.0,0,Paulina,Hellegat,baseline,0.3434737026337483,1.4191861085617559,False
Hellegat:137:349:6,Hellegat:0:1,2008.0,2010.0,0,Paulina,Hellegat,baseline,0.12396548848825918,1.3818844999441375,False
Hellegat:137:349:6,Hellegat:0:1,2010.0,2011.0,0,Paulina,Hellegat,baseline,0.058774402958631206,1.3618869886391836,False
Hellegat:137:349:6,Hellegat:0:1,2011.0,2012.0,0,Paulina,Hellegat,baseline,0.056883099164837865,1.3746017295772748,False
Hellegat:100:345:4,Hellegat:0:1,1998.0,2001.0,0,Paulina,Hellegat,baseline,0.29005772724835716,3.9639624504350963,False
Hellegat:100:345:4,Hellegat:0:1,2001.0,2004.0,0,Paulina,Hellegat,baseline,0.20752307814856932,3.9534556755038595,False
Hellegat:100:345:4,Hellegat:0:1,2004.0,2008.0,0,Paulina,Hellegat,baseline,0.2346180733383349,3.926137709182535,False
Hellegat:100:345:4,Hellegat:0:1,2008.0,2010.0,0,Paulina,Hellegat,baseline,0.11260749273189392,3.963199135116426,False
Hellegat:100:345:4,Hellegat:0:1,2010.0,2011.0,0,Paulina,Hellegat,baseline,0.05580794658415446,3.9900680885861712,False
Hellegat:100:345:4,Hellegat:0:1,2011.0,2012.0,0,Paulina,Hellegat,baseline,0.05489212992971372,4.004214108581602,False
Hellegat:126:342:5,Hellegat:0:1,2001.0,2004.0,0,Paulina,Hellegat,baseline,0.27826868866572707,1.944793806396122,False
Hellegat:126:342:5,Hellegat:0:1,2004.0,2008.0,1,Paulina,Hellegat,baseline,0.25364153252764066,1.943790055067486,False
Hellegat:126:342:8,Hellegat:0:1,2010.0,2011.0,0,Paulina,Hellegat,baseline,0.10300122696024949,1.944793806396122,False
Hellegat:126:342:8,Hellegat:0:1,2011.0,2012.0,0,Paulina,Hellegat,baseline,0.0851233743586232,1.9282462951533301,False
Hellegat:134:375:5,Hellegat:0:1,2001.0,2004.0,0,Paulina,Hellegat,baseline,0.26820497442014907,1.287725777666267,False
Hellegat:134:375:5,Hellegat:0:1,2004.0,2008.0,0,Paulina,Hellegat,baseline,0.24252935029108263,1.310707600519637,False
Hellegat:134:375:5,Hellegat:0:1,2008.0,2010.0,0,Paulina,Hellegat,baseline,0.10920882132643345,1.2448534266399804,False
Hellegat:134:375:5,Hellegat:0:1,2010.0,2011.0,0,Paulina,Hellegat,baseline,0.05331784089847972,1.2954314240567348,False
Hellegat:134:375:5,Hellegat:0:1,2011.0,2012.0,0,Paulina,Hellegat,baseline,0.05218972197318999,1.3211224044794578,False
Hellegat:165:400:8,Hellegat:0:1,2010.0,2011.0,1,Paulina,Hellegat,baseline,0.08920320133040699,0.43878076076507566,True
Hellegat:175:367:8,Hellegat:0:1,2010.0,2011.0,0,Paulina,Hellegat,baseline,0.08920320133040699,0.43878076076507566,True
Hellegat:175:367:8,Hellegat:0:1,2011.0,2012.0,1,Paulina,Hellegat,baseline,0.0718856626184383,0.6921061995468528,False
Hellegat:107:356:1,Hellegat:0:1,1982.0,1993.0,0,Paulina,Hellegat,baseline,0.7083725560503918,2.8764717471870953,False
Hellegat:107:356:1,Hellegat:0:1,1993.0,1996.0,0,Paulina,Hellegat,baseline,0.15767226495154046,2.897888313538666,False
Hellegat:107:356:1,Hellegat:0:1,1996.0,1998.0,0,Paulina,Hellegat,baseline,0.10303256805375409,2.9433180962886274,False
Hellegat:107:356:1,Hellegat:0:1,1998.0,2001.0,0,Paulina,Hellegat,baseline,0.1467990959924787,2.968999135983119,False
Hellegat:107:356:1,Hellegat:0:1,2001.0,2004.0,0,Paulina,Hellegat,baseline,0.14236218733493944,3.0009917009871243,False
Hellegat:107:356:1,Hellegat:0:1,2004.0,2008.0,0,Paulina,Hellegat,baseline,0.18075284665520672,3.031024416856081,False
Hellegat:107:356:1,Hellegat:0:1,2008.0,2010.0,0,Paulina,Hellegat,baseline,0.09235825154000794,3.073185436907292,False
Hellegat:107:356:1,Hellegat:0:1,2010.0,2011.0,0,Paulina,Hellegat,baseline,0.046758779638579995,3.094544732434752,False
Hellegat:107:356:1,Hellegat:0:1,2011.0,2012.0,0,Paulina,Hellegat,baseline,0.046513943581479346,3.1052184747864944,False
Hellegat:121:345:4,Hellegat:0:1,1998.0,2001.0,0,Paulina,Hellegat,baseline,0.28042423721801496,2.189758169644691,False
Hellegat:121:345:4,Hellegat:0:1,2001.0,2004.0,0,Paulina,Hellegat,baseline,0.19892140841168615,2.185555478403959,False
Hellegat:121:345:4,Hellegat:0:1,2004.0,2008.0,0,Paulina,Hellegat,baseline,0.22490311018350687,2.1366812587393254,False
Hellegat:121:345:4,Hellegat:0:1,2008.0,2010.0,0,Paulina,Hellegat,baseline,0.10766920397028963,2.2007662541706616,False
Hellegat:121:345:4,Hellegat:0:1,2010.0,2011.0,0,Paulina,Hellegat,baseline,0.05332842797557172,2.2422852922053806,False
Hellegat:121:345:4,Hellegat:0:1,2011.0,2012.0,0,Paulina,Hellegat,baseline,0.05247719175823768,2.2577056534167528,False
Hellegat:142:386:3,Hellegat:0:1,1996.0,1998.0,1,Paulina,Hellegat,baseline,0.18291086288115752,1.0488628087405467,False
Hellegat:142:386:5,Hellegat:0:1,2001.0,2004.0,0,Paulina,Hellegat,baseline,0.2614087553904363,1.0488628087405467,False
Hellegat:142:386:5,Hellegat:0:1,2004.0,2008.0,1,Paulina,Hellegat,baseline,0.2348943720298168,1.0952215603894833,False
Hellegat:142:386:8,Hellegat:0:1,2010.0,2011.0,0,Paulina,Hellegat,baseline,0.0960701702461399,1.0488628087405467,False
Hellegat:142:386:8,Hellegat:0:1,2011.0,2012.0,0,Paulina,Hellegat,baseline,0.07860366800994938,1.0777140193217525,False
Hellegat:110:373:2,Hellegat:0:1,1993.0,1996.0,0,Paulina,Hellegat,baseline,0.28042423721801496,2.189758169644691,False
Hellegat:110:373:2,Hellegat:0:1,1996.0,1998.0,0,Paulina,Hellegat,baseline,0.13745171289264244,2.185555478403959,False
Hellegat:110:373:2,Hellegat:0:1,1998.0,2001.0,0,Paulina,Hellegat,baseline,0.18035439397601025,2.1359999671209158,False
Hellegat:110:373:2,Hellegat:0:1,2001.0,2004.0,0,Paulina,Hellegat,baseline,0.16419252405686863,2.1610340103844385,False
Hellegat:110:373:2,Hellegat:0:1,2004.0,2008.0,0,Paulina,Hellegat,baseline,0.20008915205839498,2.2234086306728726,False
Hellegat:110:373:2,Hellegat:0:1,2008.0,2010.0,0,Paulina,Hellegat,baseline,0.09945102988470632,2.2897098172508,False
Hellegat:110:373:2,Hellegat:0:1,2010.0,2011.0,0,Paulina,Hellegat,baseline,0.049839597749359456,2.315641118082847,False
Hellegat:110:373:2,Hellegat:0:1,2011.0,2012.0,0,Paulina,Hellegat,baseline,0.04932320581759456,2.3273292008629554,False
Hellegat:153:603:2,Hellegat:0:2,1993.0,1996.0,0,Paulina,Hellegat,baseline,0.22236604223607515,0.17127604484558107,True
Hellegat:153:603:2,Hellegat:0:2,1996.0,1998.0,0,Paulina,Hellegat,baseline,0.09663854015304832,0.3563285675812623,True
Hellegat:153:603:2,Hellegat:0:2,1998.0,2001.0,0,Paulina,Hellegat,baseline,0.12736535880758906,0.5466577455856587,False
Hellegat:153:603:2,Hellegat:0:2,2001.0,2004.0,0,Paulina,Hellegat,baseline,0.11748047823334265,0.5596099926780789,False
Hellegat:153:603:2,Hellegat:0:2,2004.0,2008.0,0,Paulina,Hellegat,baseline,0.1473318734430889,0.46154845410705986,True
Hellegat:153:603:2,Hellegat:0:2,2008.0,2010.0,0,Paulina,Hellegat,baseline,0.0743142031273462,0.47697148743108364,True
Hellegat:153:603:2,Hellegat:0:2,2010.0,2011.0,0,Paulina,Hellegat,baseline,0.03752147314922211,0.53970771697836,False
Hellegat:153:603:2,Hellegat:0:2,2011.0,2012.0,0,Paulina,Hellegat,baseline,0.03738241859623027,0.5762561548534425,False
Hellegat:130:648:8,Hellegat:0:2,2010.0,2011.0,0,Paulina,Hellegat,baseline,0.08079392885783931,0.20946190357208253,True
Hellegat:130:648:8,Hellegat:0:2,2011.0,2012.0,0,Paulina,Hellegat,baseline,0.06279667155215277,0.4143383440046032,True
Hellegat:186:577:1,Hellegat:0:2,1982.0,1993.0,0,Paulina,Hellegat,baseline,0.5915692652294311,0.015070533752441407,True
Hellegat:186:577:1,Hellegat:0:2,1993.0,1996.0,0,Paulina,Hellegat,baseline,0.10682922233376572,0.34865513429312883,True
Hellegat:186:577:1,Hellegat:0:2,1996.0,1998.0,0,Paulina,Hellegat,baseline,0.0709974909062237,0.415155811688997,True
Hellegat:186:577:1,Hellegat:0:2,1998.0,2001.0,0,Paulina,Hellegat,baseline,0.10365019545011933,0.4387807449167617,True
Hellegat:186:577:1,Hellegat:0:2,2001.0,2004.0,0,Paulina,Hellegat,baseline,0.10274418458084249,0.49886464243234113,True
Hellegat:186:577:1,Hellegat:0:2,2004.0,2008.0,0,Paulina,Hellegat,baseline,0.13390323004776955,0.5840796184788011,False
Hellegat:186:577:1,Hellegat:0:2,2008.0,2010.0,0,Paulina,Hellegat,baseline,0.06910248181825435,0.7049986468337122,False
Hellegat:186:577:1,Hellegat:0:2,2010.0,2011.0,0,Paulina,Hellegat,baseline,0.035138115639610605,0.7640034048511077,False
Hellegat:186:577:1,Hellegat:0:2,2011.0,2012.0,0,Paulina,Hellegat,baseline,0.035128555238644214,0.7928013080816295,False
Hellegat:178:676:2,Hellegat:0:2,1993.0,1996.0,0,Paulina,Hellegat,baseline,0.21387649456541966,0.0312614917755127,True
Hellegat:178:676:2,Hellegat:0:2,1996.0,1998.0,0,Paulina,Hellegat,baseline,0.08729881811090016,0.19815961122512818,True
Hellegat:178:676:2,Hellegat:0:2,1998.0,2001.0,0,Paulina,Hellegat,baseline,0.11506981491973574,0.18725998022226803,True
Hellegat:178:676:2,Hellegat:0:2,2001.0,2004.0,0,Paulina,Hellegat,baseline,0.10653676030342776,0.24644690490311838,True
Hellegat:178:676:2,Hellegat:0:2,2004.0,2008.0,0,Paulina,Hellegat,baseline,0.1344067894654222,0.13445032185183686,True
Hellegat:178:676:2,Hellegat:0:2,2008.0,2010.0,0,Paulina,Hellegat,baseline,0.06785820622769406,0.09168020086576716,True
Hellegat:178:676:2,Hellegat:0:2,2010.0,2011.0,0,Paulina,Hellegat,baseline,0.03426845957504531,0.16865113745993243,True
Hellegat:178:676:2,Hellegat:0:2,2011.0,2012.0,0,Paulina,Hellegat,baseline,0.03417104808488444,0.21793241562505053,True
Hellegat:185:663:5,Hellegat:0:2,2001.0,2004.0,0,Paulina,Hellegat,baseline,0.21374059254366803,0.0753535807132721,True
Hellegat:185:663:5,Hellegat:0:2,2004.0,2008.0,0,Paulina,Hellegat,baseline,0.16634048705294274,0.18315016170963644,True
Hellegat:185:663:5,Hellegat:0:2,2008.0,2010.0,0,Paulina,Hellegat,baseline,0.07348643487622415,0.2857223646308731,True
Hellegat:185:663:5,Hellegat:0:2,2010.0,2011.0,0,Paulina,Hellegat,baseline,0.03611730755446646,0.24708772056068953,True
Hellegat:185:663:5,Hellegat:0:2,2011.0,2012.0,0,Paulina,Hellegat,baseline,0.03565792045693763,0.20670516658073076,True
Hellegat:162:637:2,Hellegat:0:2,1993.0,1996.0,0,Paulina,Hellegat,baseline,0.217365248715875,0.04521160125732422,True
Hellegat:162:637:2,Hellegat:0:2,1996.0,1998.0,0,Paulina,Hellegat,baseline,0.09180041190644621,0.17514593601226808,True
Hellegat:162:637:2,Hellegat:0:2,1998.0,2001.0,0,Paulina,Hellegat,baseline,0.12100978570474877,0.43242982182909256,True
Hellegat:162:637:2,Hellegat:0:2,2001.0,2004.0,0,Paulina,Hellegat,baseline,0.11189711770925276,0.37563675381864065,True
Hellegat:162:637:2,Hellegat:0:2,2004.0,2008.0,0,Paulina,Hellegat,baseline,0.14086465381044033,0.4113371658110818,True
Hellegat:162:637:2,Hellegat:0:2,2008.0,2010.0,0,Paulina,Hellegat,baseline,0.07115647034353688,0.49419999975479634,True
Hellegat:162:637:2,Hellegat:0:2,2010.0,2011.0,0,Paulina,Hellegat,baseline,0.03594687246739812,0.5257569905642662,False
Hellegat:162:637:2,Hellegat:0:2,2011.0,2012.0,0,Paulina,Hellegat,baseline,0.035836288290880924,0.543603940846622,False
Hellegat:156:686:5,Hellegat:0:2,2001.0,2004.0,0,Paulina,Hellegat,baseline,0.2154222401581613,0.0,True
Hellegat:156:686:5,Hellegat:0:2,2004.0,2008.0,0,Paulina,Hellegat,baseline,0.17117482443297322,0.04755412340164185,True
Hellegat:156:686:5,Hellegat:0:2,2008.0,2010.0,0,Paulina,Hellegat,baseline,0.07576585479462906,0.2330885539331736,True
Hellegat:156:686:5,Hellegat:0:2,2010.0,2011.0,0,Paulina,Hellegat,baseline,0.03724944555217552,0.17423326407743897,True
Hellegat:156:686:5,Hellegat:0:2,2011.0,2012.0,0,Paulina,Hellegat,baseline,0.03677187364305592,0.19171598381611005,True
Hellegat:176:688:3,Hellegat:0:2,1996.0,1998.0,0,Paulina,Hellegat,baseline,0.14812232583168583,0.0753535807132721,True
Hellegat:176:688:3,Hellegat:0:2,1998.0,2001.0,0,Paulina,Hellegat,baseline,0.13996249533064015,0.10793883204460145,True
Hellegat:176:688:3,Hellegat:0:2,2001.0,2004.0,0,Paulina,Hellegat,baseline,0.11460622619739906,0.2223289440739676,True
Hellegat:176:688:3,Hellegat:0:2,2004.0,2008.0,0,Paulina,Hellegat,baseline,0.13890608386973485,0.29116290264771305,True
Hellegat:176:688:3,Hellegat:0:2,2008.0,2010.0,0,Paulina,Hellegat,baseline,0.06875426645861936,0.17927924522878663,True
Hellegat:176:688:3,Hellegat:0:2,2010.0,2011.0,0,Paulina,Hellegat,baseline,0.03454070683579604,0.16161319919358705,True
Hellegat:176:688:3,Hellegat:0:2,2011.0,2012.0,0,Paulina,Hellegat,baseline,0.03437235978523759,0.16161319919358705,True
Hellegat:157:671:2,Hellegat:0:2,1993.0,1996.0,0,Paulina,Hellegat,baseline,0.2159798769180944,0.015681731700897216,True
Hellegat:157:671:2,Hellegat:0:2,1996.0,1998.0,0,Paulina,Hellegat,baseline,0.09026884613614737,0.048470914363861084,True
Hellegat:157:671:2,Hellegat:0:2,1998.0,2001.0,0,Paulina,Hellegat,baseline,0.11899381172378858,0.3491837163315463,True
Hellegat:157:671:2,Hellegat:0:2,2001.0,2004.0,0,Paulina,Hellegat,baseline,0.11010275896301733,0.24365947286153075,True
Hellegat:157:671:2,Hellegat:0:2,2004.0,2008.0,0,Paulina,Hellegat,baseline,0.13874252484436952,0.2756208367325459,True
Hellegat:157:671:2,Hellegat:0:2,2008.0,2010.0,0,Paulina,Hellegat,baseline,0.07009544344615602,0.34566074936032287,True
Hellegat:157:671:2,Hellegat:0:2,2010.0,2011.0,0,Paulina,Hellegat,baseline,0.035412019872920586,0.37420303491225,True
Hellegat:157:671:2,Hellegat:0:2,2011.0,2012.0,0,Paulina,Hellegat,baseline,0.03530812679322887,0.3988351926834176,True
Hellegat:164:868:4,Hellegat:0:3,1998.0,2001.0,0,Paulina,Hellegat,baseline,0.2179221459909229,0.0,True
Hellegat:164:868:4,Hellegat:0:3,2001.0,2004.0,0,Paulina,Hellegat,baseline,0.1278841916390321,0.0,True
Hellegat:164:868:4,Hellegat:0:3,2004.0,2008.0,0,Paulina,Hellegat,baseline,0.1451524075862769,0.4037136037401995,True
Hellegat:164:868:4,Hellegat:0:3,2008.0,2010.0,0,Paulina,Hellegat,baseline,0.06967516635549334,0.3187751716983591,True
Hellegat:164:868:4,Hellegat:0:3,2010.0,2011.0,0,Paulina,Hellegat,baseline,0.03469544352978721,0.23737478642534113,True
Hellegat:164:868:4,Hellegat:0:3,2011.0,2012.0,0,Paulina,Hellegat,baseline,0.034401602665469044,0.2179156114522529,True
Hellegat:141:886:2,Hellegat:0:3,1993.0,1996.0,0,Paulina,Hellegat,baseline,0.21529320676257313,0.03421460390090943,True
Hellegat:141:886:2,Hellegat:0:3,1996.0,1998.0,0,Paulina,Hellegat,baseline,0.08608509103365528,0.05203492045402527,True
Hellegat:141:886:2,Hellegat:0:3,1998.0,2001.0,0,Paulina,Hellegat,baseline,0.11339359879229001,0.400142363169131,True
Hellegat:141:886:2,Hellegat:0:3,2001.0,2004.0,0,Paulina,Hellegat,baseline,0.10476649327663086,0.41165332636862645,True
Hellegat:141:886:2,Hellegat:0:3,2004.0,2008.0,0,Paulina,Hellegat,baseline,0.1318909230793728,0.21391056583689436,True
Hellegat:141:886:2,Hellegat:0:3,2008.0,2010.0,0,Paulina,Hellegat,baseline,0.0663326835369664,0.27952350473755594,True
Hellegat:141:886:2,Hellegat:0:3,2010.0,2011.0,0,Paulina,Hellegat,baseline,0.03343761324379888,0.3574967450796801,True
Hellegat:141:886:2,Hellegat:0:3,2011.0,2012.0,0,Paulina,Hellegat,baseline,0.03332081814375566,0.3980534980212077,True
Hellegat:124:919:5,Hellegat:0:3,2001.0,2004.0,0,Paulina,Hellegat,baseline,0.21479520874934854,0.03564063310623169,True
Hellegat:124:919:5,Hellegat:0:3,2004.0,2008.0,0,Paulina,Hellegat,baseline,0.1645517886428151,0.06985523700714111,True
Hellegat:124:919:5,Hellegat:0:3,2008.0,2010.0,0,Paulina,Hellegat,baseline,0.07252973623007379,0.46930265677941146,True
Hellegat:124:919:5,Hellegat:0:3,2010.0,2011.0,0,Paulina,Hellegat,baseline,0.03559294689788117,0.3213539762487862,True
Hellegat:124:919:5,Hellegat:0:3,2011.0,2012.0,1,Paulina,Hellegat,baseline,0.035116941389493485,0.24722809398575993,True
Hellegat:144:852:2,Hellegat:0:3,1993.0,1996.0,0,Paulina,Hellegat,baseline,0.21442554562222116,0.1126223474740982,True
Hellegat:144:852:2,Hellegat:0:3,1996.0,1998.0,0,Paulina,Hellegat,baseline,0.0859337557037867,0.13166445195674897,True
Hellegat:144:852:2,Hellegat:0:3,1998.0,2001.0,0,Paulina,Hellegat,baseline,0.11321813293376816,0.3787209848391988,True
Hellegat:144:852:2,Hellegat:0:3,2001.0,2004.0,0,Paulina,Hellegat,baseline,0.10468389560436303,0.4016919737992586,True
Hellegat:144:852:2,Hellegat:0:3,2004.0,2008.0,0,Paulina,Hellegat,baseline,0.13190345284676805,0.21382032488274536,True
Hellegat:144:852:2,Hellegat:0:3,2008.0,2010.0,0,Paulina,Hellegat,baseline,0.06641193247919688,0.21827095707295308,True
Hellegat:144:852:2,Hellegat:0:3,2010.0,2011.0,0,Paulina,Hellegat,baseline,0.03349462282155936,0.29924407361374405,True
Hellegat:144:852:2,Hellegat:0:3,2011.0,2012.0,0,Paulina,Hellegat,baseline,0.0333852217283748,0.3448263836972393,True
Hellegat:139:890:6,Hellegat:0:3,2004.0,2008.0,0,Paulina,Hellegat,baseline,0.2762144921478655,0.03421460390090943,True
Hellegat:139:890:6,Hellegat:0:3,2008.0,2010.0,0,Paulina,Hellegat,baseline,0.08071678954085017,0.23692041579473094,True
Hellegat:139:890:6,Hellegat:0:3,2010.0,2011.0,0,Paulina,Hellegat,baseline,0.03798173830126351,0.4985871017898906,True
Hellegat:139:890:6,Hellegat:0:3,2011.0,2012.0,0,Paulina,Hellegat,baseline,0.03698379914612793,0.48248934611945093,True
Hellegat:161:907:2,Hellegat:0:3,1993.0,1996.0,1,Paulina,Hellegat,baseline,0.2205443091583552,0.0810558557510376,True
Hellegat:161:907:4,Hellegat:0:3,1998.0,2001.0,0,Paulina,Hellegat,baseline,0.2205443091583552,0.0810558557510376,True
Hellegat:161:907:4,Hellegat:0:3,2001.0,2004.0,0,Paulina,Hellegat,baseline,0.12997508376765732,0.18176501989364624,True
Hellegat:161:907:4,Hellegat:0:3,2004.0,2008.0,0,Paulina,Hellegat,baseline,0.1474390936628004,0.3356880615835763,True
Hellegat:161:907:4,Hellegat:0:3,2008.0,2010.0,0,Paulina,Hellegat,baseline,0.07066509556496259,0.23721901897273492,True
Hellegat:161:907:4,Hellegat:0:3,2010.0,2011.0,0,Paulina,Hellegat,baseline,0.035157589894082866,0.09347457544793629,True
Hellegat:161:907:4,Hellegat:0:3,2011.0,2012.0,0,Paulina,Hellegat,baseline,0.03484093650943676,0.09289508148646439,True
Hellegat:145:878:4,Hellegat:0:3,1998.0,2001.0,1,Paulina,Hellegat,baseline,0.21582719229287936,0.08339746594429016,True
Hellegat:145:878:6,Hellegat:0:3,2004.0,2008.0,0,Paulina,Hellegat,baseline,0.2768711232208211,0.08339746594429016,True
Hellegat:145:878:6,Hellegat:0:3,2008.0,2010.0,0,Paulina,Hellegat,baseline,0.0808772737698126,0.25592263011718785,True
Hellegat:145:878:6,Hellegat:0:3,2010.0,2011.0,0,Paulina,Hellegat,baseline,0.038051448548010215,0.4901168405121018,True
Hellegat:145:878:6,Hellegat:0:3,2011.0,2012.0,0,Paulina,Hellegat,baseline,0.03704620078907183,0.4860847440587118,True
Hellegat:157:873:4,Hellegat:0:3,1998.0,2001.0,1,Paulina,Hellegat,baseline,0.21712481050320492,0.08757203817367554,True
Hellegat:157:873:6,Hellegat:0:3,2004.0,2008.0,0,Paulina,Hellegat,baseline,0.2784661565349737,0.08757203817367554,True
Hellegat:157:873:6,Hellegat:0:3,2008.0,2010.0,0,Paulina,Hellegat,baseline,0.0813872889434845,0.2436040632893878,True
Hellegat:157:873:6,Hellegat:0:3,2010.0,2011.0,0,Paulina,Hellegat,baseline,0.03828083841205776,0.4410990590309825,True
Hellegat:157:873:6,Hellegat:0:3,2011.0,2012.0,0,Paulina,Hellegat,baseline,0.03725756736644282,0.4593832613062789,True
Hellegat:142:893:4,Hellegat:0:3,1998.0,2001.0,0,Paulina,Hellegat,baseline,0.21582719229287936,0.08339746594429016,True
Hellegat:142:893:4,Hellegat:0:3,2001.0,2004.0,0,Paulina,Hellegat,baseline,0.12655274457050633,0.10121778249740601,True
Hellegat:142:893:4,Hellegat:0:3,2004.0,2008.0,0,Paulina,Hellegat,baseline,0.1437366020291321,0.4901168405121018,True
Hellegat:142:893:4,Hellegat:0:3,2008.0,2010.0,0,Paulina,Hellegat,baseline,0.06911427501290095,0.2859348216836476,True
Hellegat:142:893:4,Hellegat:0:3,2010.0,2011.0,0,Paulina,Hellegat,baseline,0.03444865192354359,0.24305303860369998,True
Hellegat:142:893:4,Hellegat:0:3,2011.0,2012.0,0,Paulina,Hellegat,baseline,0.034174667077129295,0.25820332885998276,True
Hellegat:140:885:2,Hellegat:0:3,1993.0,1996.0,0,Paulina,Hellegat,baseline,0.21529320676257313,0.03421460390090943,True
Hellegat:140:885:2,Hellegat:0:3,1996.0,1998.0,0,Paulina,Hellegat,baseline,0.08608509103365528,0.05203492045402527,True
Hellegat:140:885:2,Hellegat:0:3,1998.0,2001.0,0,Paulina,Hellegat,baseline,0.11339359879229001,0.400142363169131,True
Hellegat:140:885:2,Hellegat:0:3,2001.0,2004.0,0,Paulina,Hellegat,baseline,0.10476649327663086,0.41165332636862645,True
Hellegat:140:885:2,Hellegat:0:3,2004.0,2008.0,0,Paulina,Hellegat,baseline,0.1318909230793728,0.21391056583689436,True
Hellegat:140:885:2,Hellegat:0:3,2008.0,2010.0,0,Paulina,Hellegat,baseline,0.0663326835369664,0.27952350473755594,True
Hellegat:140:885:2,Hellegat:0:3,2010.0,2011.0,0,Paulina,Hellegat,baseline,0.03343761324379888,0.3574967450796801,True
Hellegat:140:885:2,Hellegat:0:3,2011.0,2012.0,0,Paulina,Hellegat,baseline,0.03332081814375566,0.3980534980212077,True
Hellegat:328:117:8,Hellegat:1:0,2010.0,2011.0,0,Paulina,Hellegat,baseline,0.07708098473208029,0.0312614917755127,True
Hellegat:328:117:8,Hellegat:1:0,2011.0,2012.0,0,Paulina,Hellegat,baseline,0.05754721457075949,0.35868165750134756,True
Hellegat:388:151:8,Hellegat:1:0,2010.0,2011.0,1,Paulina,Hellegat,baseline,0.08294445839481909,0.44713205099105835,True
Hellegat:358:135:2,Hellegat:1:0,1993.0,1996.0,0,Paulina,Hellegat,baseline,0.21639675161552405,0.14632801413536073,True
Hellegat:358:135:2,Hellegat:1:0,1996.0,1998.0,0,Paulina,Hellegat,baseline,0.08647586663892697,0.14968838691711425,True
Hellegat:358:135:2,Hellegat:1:0,1998.0,2001.0,0,Paulina,Hellegat,baseline,0.11388417200441717,0.4138830191803094,True
Hellegat:358:135:2,Hellegat:1:0,2001.0,2004.0,0,Paulina,Hellegat,baseline,0.10513450985050256,0.43762782348612383,True
Hellegat:358:135:2,Hellegat:1:0,2004.0,2008.0,0,Paulina,Hellegat,baseline,0.13222268751754476,0.26970443101313235,True
Hellegat:358:135:2,Hellegat:1:0,2008.0,2010.0,0,Paulina,Hellegat,baseline,0.06642759738312841,0.31372118128472193,True
Hellegat:358:135:2,Hellegat:1:0,2010.0,2011.0,0,Paulina,Hellegat,baseline,0.03346867900571337,0.3720052834507637,True
Hellegat:358:135:2,Hellegat:1:0,2011.0,2012.0,0,Paulina,Hellegat,baseline,0.03334356980860634,0.40545823074748333,True
Hellegat:371:160:4,Hellegat:1:0,1998.0,2001.0,0,Paulina,Hellegat,baseline,0.22247041783886434,0.09714547395706177,True
Hellegat:371:160:4,Hellegat:1:0,2001.0,2004.0,0,Paulina,Hellegat,baseline,0.13167931063003027,0.2156083444747255,True
Hellegat:371:160:4,Hellegat:1:0,2004.0,2008.0,0,Paulina,Hellegat,baseline,0.14932685781296234,0.3653504692277475,True
Hellegat:371:160:4,Hellegat:1:0,2008.0,2010.0,0,Paulina,Hellegat,baseline,0.07151092557291193,0.275973819036624,True
Hellegat:371:160:4,Hellegat:1:0,2010.0,2011.0,0,Paulina,Hellegat,baseline,0.03556052868175729,0.16611313749058493,True
Hellegat:371:160:4,Hellegat:1:0,2011.0,2012.0,0,Paulina,Hellegat,baseline,0.035227953262545596,0.14131215718964496,True
Hellegat:349:136:3,Hellegat:1:0,1996.0,1998.0,0,Paulina,Hellegat,baseline,0.14888424990846433,0.03564063310623169,True
Hellegat:349:136:3,Hellegat:1:0,1998.0,2001.0,0,Paulina,Hellegat,baseline,0.13855751245126166,0.05203492045402527,True
Hellegat:349:136:3,Hellegat:1:0,2001.0,2004.0,0,Paulina,Hellegat,baseline,0.11325680409771688,0.3826112089103303,True
Hellegat:349:136:3,Hellegat:1:0,2004.0,2008.0,1,Paulina,Hellegat,baseline,0.13708374371143342,0.39828536866730924,True
Hellegat:349:136:8,Hellegat:1:0,2010.0,2011.0,0,Paulina,Hellegat,baseline,0.07744065226591754,0.03564063310623169,True
Hellegat:349:136:8,Hellegat:1:0,2011.0,2012.0,1,Paulina,Hellegat,baseline,0.05697938886691939,0.37562677217647433,True
Hellegat:361:429:7,Hellegat:1:1,2008.0,2010.0,0,Paulina,Hellegat,baseline,0.17352499644415617,1.4448758137846403,False
Hellegat:361:429:7,Hellegat:1:1,2010.0,2011.0,0,Paulina,Hellegat,baseline,0.06150258816558857,1.4287560459933506,False
Hellegat:361:429:7,Hellegat:1:1,2011.0,2012.0,0,Paulina,Hellegat,baseline,0.05647903189873046,1.45683045662179,False
Hellegat:325:347:4,Hellegat:1:1,1998.0,2001.0,0,Paulina,Hellegat,baseline,0.2205443091583552,0.0810558557510376,True
Hellegat:325:347:4,Hellegat:1:1,2001.0,2004.0,0,Paulina,Hellegat,baseline,0.12997508376765732,0.18176501989364624,True
Hellegat:325:347:4,Hellegat:1:1,2004.0,2008.0,0,Paulina,Hellegat,baseline,0.1474390936628004,0.3356880615835763,True
Hellegat:325:347:4,Hellegat:1:1,2008.0,2010.0,0,Paulina,Hellegat,baseline,0.07066509556496259,0.23721901897273492,True
Hellegat:325:347:4,Hellegat:1:1,2010.0,2011.0,0,Paulina,Hellegat,baseline,0.035157589894082866,0.09347457544793629,True
Hellegat:325:347:4,Hellegat:1:1,2011.0,2012.0,0,Paulina,Hellegat,baseline,0.03484093650943676,0.09289508148646439,True
Hellegat:382:443:7,Hellegat:1:1,2008.0,2010.0,0,Paulina,Hellegat,baseline,0.18569744066255608,2.1509338901189103,False
Hellegat:382:443:7,Hellegat:1:1,2010.0,2011.0,0,Paulina,Hellegat,baseline,0.06928493663185431,2.1397558584642775,False
Hellegat:382:443:7,Hellegat:1:1,2011.0,2012.0,0,Paulina,Hellegat,baseline,0.06412091707180236,2.1589203494189024,False
Hellegat:325:424:5,Hellegat:1:1,2001.0,2004.0,0,Paulina,Hellegat,baseline,0.22751489926215104,0.37025147676467896,True
Hellegat:325:424:5,Hellegat:1:1,2004.0,2008.0,0,Paulina,Hellegat,baseline,0.17779342063383327,0.41814048860895925,True
Hellegat:325:424:5,Hellegat:1:1,2008.0,2010.0,0,Paulina,Hellegat,baseline,0.0784097066066019,0.6182557535162428,False
Hellegat:325:424:5,Hellegat:1:1,2010.0,2011.0,0,Paulina,Hellegat,baseline,0.03833997035006333,0.5856894210394918,False
Hellegat:325:424:5,Hellegat:1:1,2011.0,2012.0,0,Paulina,Hellegat,baseline,0.03772672693989634,0.5333365278095827,False
Hellegat:384:391:8,Hellegat:1:1,2010.0,2011.0,0,Paulina,Hellegat,baseline,0.09489246030188032,1.8703428576934376,False
Hellegat:384:391:8,Hellegat:1:1,2011.0,2012.0,0,Paulina,Hellegat,baseline,0.0748044614139173,1.8674890548941463,False
Hellegat:404:623:2,Hellegat:1:2,1993.0,1996.0,0,Paulina,Hellegat,baseline,0.31219377110910984,4.215167780404022,False
Hellegat:404:623:2,Hellegat:1:2,1996.0,1998.0,0,Paulina,Hellegat,baseline,0.17079100230959485,4.1919567912544125,False
Hellegat:404:623:2,Hellegat:1:2,1998.0,2001.0,0,Paulina,Hellegat,baseline,0.2297175135707194,4.172895458161642,False
Hellegat:404:623:2,Hellegat:1:2,2001.0,2004.0,0,Paulina,Hellegat,baseline,0.21585792184441427,4.153333138347185,False
Hellegat:404:623:2,Hellegat:1:2,2004.0,2008.0,0,Paulina,Hellegat,baseline,0.26570260058624784,4.163715476337828,False
Hellegat:404:623:2,Hellegat:1:2,2008.0,2010.0,0,Paulina,Hellegat,baseline,0.13699240855858286,4.183442038995625,False
Hellegat:404:623:2,Hellegat:1:2,2010.0,2011.0,0,Paulina,Hellegat,baseline,0.06975088077193584,4.192442294411401,False
Hellegat:404:623:2,Hellegat:1:2,2011.0,2012.0,0,Paulina,Hellegat,baseline,0.06918501135278732,4.197707823705636,False
Hellegat:404:600:2,Hellegat:1:2,1993.0,1996.0,1,Paulina,Hellegat,baseline,0.30840342256901965,4.028318794084296,False
Hellegat:404:600:4,Hellegat:1:2,1998.0,2001.0,0,Paulina,Hellegat,baseline,0.30840342256901965,4.028318794084296,False
Hellegat:404:600:4,Hellegat:1:2,2001.0,2004.0,0,Paulina,Hellegat,baseline,0.23932361286064874,4.005704024713368,False
Hellegat:404:600:4,Hellegat:1:2,2004.0,2008.0,0,Paulina,Hellegat,baseline,0.2799532330004032,3.990990456770382,False
Hellegat:404:600:4,Hellegat:1:2,2008.0,2010.0,0,Paulina,Hellegat,baseline,0.1406478556884386,3.9885320216742812,False
Hellegat:404:600:4,Hellegat:1:2,2010.0,2011.0,0,Paulina,Hellegat,baseline,0.07101181390584956,3.9977742544838066,False
Hellegat:404:600:4,Hellegat:1:2,2011.0,2012.0,0,Paulina,Hellegat,baseline,0.0701670166454319,4.0000594777012,False
Hellegat:416:638:4,Hellegat:1:2,1998.0,2001.0,1,Paulina,Hellegat,baseline,0.3213891990012915,4.70079220661186,False
Hellegat:416:638:6,Hellegat:1:2,2004.0,2008.0,0,Paulina,Hellegat,baseline,0.40365942877515526,4.70079220661186,False
Hellegat:416:638:6,Hellegat:1:2,2008.0,2010.0,0,Paulina,Hellegat,baseline,0.17500902320334918,4.639390724816231,False
Hellegat:416:638:6,Hellegat:1:2,2010.0,2011.0,0,Paulina,Hellegat,baseline,0.0871151355034129,4.608743411873486,False
Hellegat:416:638:6,Hellegat:1:2,2011.0,2012.0,0,Paulina,Hellegat,baseline,0.08537915622118823,4.603461025192965,False
Hellegat:430:680:1,Hellegat:1:2,1982.0,1993.0,0,Paulina,Hellegat,baseline,0.7777109990720363,5.600674187050643,False
Hellegat:430:680:1,Hellegat:1:2,1993.0,1996.0,1,Paulina,Hellegat,baseline,0.24958188555909044,5.460914745139662,False
Hellegat:430:680:4,Hellegat:1:2,1998.0,2001.0,0,Paulina,Hellegat,baseline,0.33643003541897554,5.600674187050643,False
Hellegat:430:680:4,Hellegat:1:2,2001.0,2004.0,0,Paulina,Hellegat,baseline,0.2815557973385899,5.513119956460948,False
Hellegat:430:680:4,Hellegat:1:2,2004.0,2008.0,0,Paulina,Hellegat,baseline,0.3363494606686906,5.4583995924681785,False
Hellegat:430:680:4,Hellegat:1:2,2008.0,2010.0,0,Paulina,Hellegat,baseline,0.17597583046114887,5.456823293855816,False
Hellegat:430:680:4,Hellegat:1:2,2010.0,2011.0,0,Paulina,Hellegat,baseline,0.09038312799904691,5.465927931551629,False
Hellegat:430:680:4,Hellegat:1:2,2011.0,2012.0,0,Paulina,Hellegat,baseline,0.08956586631561217,5.471634218534842,False
Hellegat:430:853:7,Hellegat:1:3,2008.0,2010.0,0,Paulina,Hellegat,baseline,0.2565177256049998,7.1573216299808395,False
Hellegat:430:853:7,Hellegat:1:3,2010.0,2011.0,0,Paulina,Hellegat,baseline,0.12156023196831901,7.045616312256854,False
Hellegat:430:853:7,Hellegat:1:3,2011.0,2012.0,0,Paulina,Hellegat,baseline,0.11850120900881457,7.02918927302571,False
Hellegat:376:845:1,Hellegat:1:3,1982.0,1993.0,0,Paulina,Hellegat,baseline,0.7652661486000306,4.991694294709079,False
Hellegat:376:845:1,Hellegat:1:3,1993.0,1996.0,0,Paulina,Hellegat,baseline,0.23129741857386243,4.88353110085536,False
Hellegat:376:845:1,Hellegat:1:3,1996.0,1998.0,0,Paulina,Hellegat,baseline,0.1561316964451789,4.902375843118503,False
Hellegat:376:845:1,Hellegat:1:3,1998.0,2001.0,0,Paulina,Hellegat,baseline,0.22124712233330981,4.917443697323693,False
Hellegat:376:845:1,Hellegat:1:3,2001.0,2004.0,0,Paulina,Hellegat,baseline,0.21673109399645782,4.941779052964504,False
Hellegat:376:845:1,Hellegat:1:3,2004.0,2008.0,0,Paulina,Hellegat,baseline,0.2733290300306425,4.959552084504354,False
Hellegat:376:845:1,Hellegat:1:3,2008.0,2010.0,0,Paulina,Hellegat,baseline,0.1445116063155526,4.982727204269825,False
Hellegat:376:845:1,Hellegat:1:3,2010.0,2011.0,0,Paulina,Hellegat,baseline,0.07436186902884175,4.994734113286299,False
Hellegat:376:845:1,Hellegat:1:3,2011.0,2012.0,0,Paulina,Hellegat,baseline,0.07402878969426993,5.000789410663989,False
Hellegat:368:842:7,Hellegat:1:3,2008.0,2010.0,0,Paulina,Hellegat,baseline,0.2277690946194625,4.70079220661186,False
Hellegat:368:842:7,Hellegat:1:3,2010.0,2011.0,0,Paulina,Hellegat,baseline,0.09945417882055724,4.6668467082969,False
Hellegat:368:842:7,Hellegat:1:3,2011.0,2012.0,0,Paulina,Hellegat,baseline,0.09496176265674344,4.665611202040837,False
Hellegat:165:158:7,Hellegat:0:0,2008.0,2010.0,0,Paulina,Hellegat,quality,0.20791328866606565,6.24007496166876,False
Hellegat:165:158:7,Hellegat:0:0,2010.0,2011.0,1,Paulina,Hellegat,quality,0.09443330879096072,6.250227130814733,False
Hellegat:167:159:7,Hellegat:0:0,2008.0,2010.0,0,Paulina,Hellegat,quality,0.2022931584691914,5.466595510167991,False
Hellegat:167:159:7,Hellegat:0:0,2010.0,2011.0,1,Paulina,Hellegat,quality,0.09145471139264007,5.479522681611229,False
Hellegat:178:401:2,Hellegat:0:1,1993.0,1996.0,0,Paulina,Hellegat,quality,0.20212394100821762,0.1989738702774048,True
Hellegat:178:401:2,Hellegat:0:1,1996.0,1998.0,0,Paulina,Hellegat,quality,0.1088414799742844,0.47322878553741654,True
Hellegat:178:401:2,Hellegat:0:1,1998.0,2001.0,0,Paulina,Hellegat,quality,0.15539791406811437,0.4853905737400055,True
Hellegat:178:401:2,Hellegat:0:1,2001.0,2004.0,0,Paulina,Hellegat,quality,0.13129346365189545,0.36783389368871244,True
Hellegat:178:401:2,Hellegat:0:1,2004.0,2008.0,0,Paulina,Hellegat,quality,0.1627968486095737,0.3803590080556506,True
Hellegat:178:401:2,Hellegat:0:1,2008.0,2010.0,0,Paulina,Hellegat,quality,0.07735814716452578,0.5300604263371543,False
Hellegat:178:401:2,Hellegat:0:1,2010.0,2011.0,0,Paulina,Hellegat,quality,0.04473787127832119,0.5956302344977364,False
Hellegat:178:401:2,Hellegat:0:1,2011.0,2012.0,0,Paulina,Hellegat,quality,0.05186620699925801,0.6299164234942184,False
Hellegat:106:397:1,Hellegat:0:1,1982.0,1993.0,1,Paulina,Hellegat,quality,0.6517838802535643,1.9201659355936258,False
Hellegat:106:397:3,Hellegat:0:1,1996.0,1998.0,1,Paulina,Hellegat,quality,0.193914261353795,1.9201659355936258,False
Hellegat:165:436:2,Hellegat:0:1,1993.0,1996.0,0,Paulina,Hellegat,quality,0.20212394100821762,0.1989738702774048,True
Hellegat:165:436:2,Hellegat:0:1,1996.0,1998.0,0,Paulina,Hellegat,quality,0.1088414799742844,0.47322878553741654,True
Hellegat:165:436:2,Hellegat:0:1,1998.0,2001.0,0,Paulina,Hellegat,quality,0.15539791406811437,0.4853905737400055,True
Hellegat:165:436:2,Hellegat:0:1,2001.0,2004.0,0,Paulina,Hellegat,quality,0.13129346365189545,0.36783389368871244,True
Hellegat:165:436:2,Hellegat:0:1,2004.0,2008.0,0,Paulina,Hellegat,quality,0.1627968486095737,0.3803590080556506,True
Hellegat:165:436:2,Hellegat:0:1,2008.0,2010.0,0,Paulina,Hellegat,quality,0.07735814716452578,0.5300604263371543,False
Hellegat:165:436:2,Hellegat:0:1,2010.0,2011.0,0,Paulina,Hellegat,quality,0.04473787127832119,0.5956302344977364,False
Hellegat:165:436:2,Hellegat:0:1,2011.0,2012.0,0,Paulina,Hellegat,quality,0.05186620699925801,0.6299164234942184,False
Hellegat:124:435:7,Hellegat:0:1,2008.0,2010.0,0,Paulina,Hellegat,quality,0.17283746799485708,1.0488628087405467,False
Hellegat:124:435:7,Hellegat:0:1,2010.0,2011.0,0,Paulina,Hellegat,quality,0.0756989712457426,1.1788017220178146,False
Hellegat:124:435:7,Hellegat:0:1,2011.0,2012.0,0,Paulina,Hellegat,quality,0.0814070735676538,1.0952215603894833,False
Hellegat:145:333:4,Hellegat:0:1,1998.0,2001.0,1,Paulina,Hellegat,quality,0.2868682153259317,1.3173414205177845,False
Hellegat:145:333:7,Hellegat:0:1,2008.0,2010.0,0,Paulina,Hellegat,quality,0.1775935082408148,1.3173414205177845,False
Hellegat:145:333:7,Hellegat:0:1,2010.0,2011.0,1,Paulina,Hellegat,quality,0.07830703821917302,1.4112309442216582,False
Hellegat:153:390:4,Hellegat:0:1,1998.0,2001.0,0,Paulina,Hellegat,quality,0.2717404144770402,0.7829630136489868,False
Hellegat:153:390:4,Hellegat:0:1,2001.0,2004.0,0,Paulina,Hellegat,quality,0.17363348072468116,0.8878553844750374,False
Hellegat:153:390:4,Hellegat:0:1,2004.0,2008.0,0,Paulina,Hellegat,quality,0.19666638963088723,0.7778720884570453,False
Hellegat:153:390:4,Hellegat:0:1,2008.0,2010.0,0,Paulina,Hellegat,quality,0.08912965993015905,0.8415689894900258,False
Hellegat:153:390:4,Hellegat:0:1,2010.0,2011.0,0,Paulina,Hellegat,quality,0.05073932661105509,0.871760791224346,False
Hellegat:153:390:4,Hellegat:0:1,2011.0,2012.0,0,Paulina,Hellegat,quality,0.05835192130422343,0.8930603965996727,False
Hellegat:139:366:4,Hellegat:0:1,1998.0,2001.0,0,Paulina,Hellegat,quality,0.28449172636688813,1.2057914291659022,False
Hellegat:139:366:4,Hellegat:0:1,2001.0,2004.0,0,Paulina,Hellegat,quality,0.18468099851633235,1.2358006925566003,False
Hellegat:139:366:4,Hellegat:0:1,2004.0,2008.0,1,Paulina,Hellegat,quality,0.20897123416314695,1.1523359548857348,False
Hellegat:139:366:8,Hellegat:0:1,2010.0,2011.0,0,Paulina,Hellegat,quality,0.10558675887049317,1.2057914291659022,False
Hellegat:139:366:8,Hellegat:0:1,2011.0,2012.0,0,Paulina,Hellegat,quality,0.10072953921467415,1.2174473700022577,False
Hellegat:96:329:8,Hellegat:0:1,2010.0,2011.0,0,Paulina,Hellegat,quality,0.12706816241691662,5.84633039406342,False
Hellegat:96:329:8,Hellegat:0:1,2011.0,2012.0,0,Paulina,Hellegat,quality,0.12361929525488519,5.82926771010244,False
Hellegat:118:348:4,Hellegat:0:1,1998.0,2001.0,0,Paulina,Hellegat,quality,0.29925708025843684,2.2473937535766284,False
Hellegat:118:348:4,Hellegat:0:1,2001.0,2004.0,0,Paulina,Hellegat,quality,0.19737657780260268,2.243161973960741,False
Hellegat:118:348:4,Hellegat:0:1,2004.0,2008.0,0,Paulina,Hellegat,quality,0.22318584626760907,2.1955043819428104,False
Hellegat:118:348:4,Hellegat:0:1,2008.0,2010.0,0,Paulina,Hellegat,quality,0.10147595261058044,2.2581441037477856,False
Hellegat:118:348:4,Hellegat:0:1,2010.0,2011.0,0,Paulina,Hellegat,quality,0.05750011508530694,2.2987128310847194,False
Hellegat:118:348:4,Hellegat:0:1,2011.0,2012.0,0,Paulina,Hellegat,quality,0.06581365739226377,2.313760472828826,False
Hellegat:141:336:4,Hellegat:0:1,1998.0,2001.0,0,Paulina,Hellegat,quality,0.2893976956804171,1.4191861085617559,False
Hellegat:141:336:4,Hellegat:0:1,2001.0,2004.0,0,Paulina,Hellegat,quality,0.18888171997587305,1.434759717656933,False
Hellegat:141:336:4,Hellegat:0:1,2004.0,2008.0,0,Paulina,Hellegat,quality,0.21366199204137507,1.3618869886391836,False
Hellegat:141:336:4,Hellegat:0:1,2008.0,2010.0,0,Paulina,Hellegat,quality,0.09690576473519896,1.4513413456836073,False
Hellegat:141:336:4,Hellegat:0:1,2010.0,2011.0,0,Paulina,Hellegat,quality,0.05502275070991808,1.490047817563629,False
Hellegat:141:336:4,Hellegat:0:1,2011.0,2012.0,0,Paulina,Hellegat,quality,0.06310683463987828,1.5128440523174453,False
Hellegat:137:349:4,Hellegat:0:1,1998.0,2001.0,1,Paulina,Hellegat,quality,0.2893976956804171,1.4191861085617559,False
Hellegat:137:349:6,Hellegat:0:1,2004.0,2008.0,0,Paulina,Hellegat,quality,0.3412795144774277,1.4191861085617559,False
Hellegat:137:349:6,Hellegat:0:1,2008.0,2010.0,0,Paulina,Hellegat,quality,0.11688974177851007,1.3818844999441375,False
Hellegat:137:349:6,Hellegat:0:1,2010.0,2011.0,0,Paulina,Hellegat,quality,0.06346823888241063,1.3618869886391836,False
Hellegat:137:349:6,Hellegat:0:1,2011.0,2012.0,0,Paulina,Hellegat,quality,0.07150002040622874,1.3746017295772748,False
Hellegat:100:345:4,Hellegat:0:1,1998.0,2001.0,0,Paulina,Hellegat,quality,0.3151957646486799,3.9639624504350963,False
Hellegat:100:345:4,Hellegat:0:1,2001.0,2004.0,0,Paulina,Hellegat,quality,0.20997015030451127,3.9534556755038595,False
Hellegat:100:345:4,Hellegat:0:1,2004.0,2008.0,0,Paulina,Hellegat,quality,0.23733424412110105,3.926137709182535,False
Hellegat:100:345:4,Hellegat:0:1,2008.0,2010.0,0,Paulina,Hellegat,quality,0.10834255560670654,3.963199135116426,False
Hellegat:100:345:4,Hellegat:0:1,2010.0,2011.0,0,Paulina,Hellegat,quality,0.061496680032341974,3.9900680885861712,False
Hellegat:100:345:4,Hellegat:0:1,2011.0,2012.0,0,Paulina,Hellegat,quality,0.07044148136194561,4.004214108581602,False
Hellegat:126:342:5,Hellegat:0:1,2001.0,2004.0,0,Paulina,Hellegat,quality,0.2762710570308657,1.944793806396122,False
Hellegat:126:342:5,Hellegat:0:1,2004.0,2008.0,1,Paulina,Hellegat,quality,0.25178855294554775,1.943790055067486,False
Hellegat:126:342:8,Hellegat:0:1,2010.0,2011.0,0,Paulina,Hellegat,quality,0.11088629859616922,1.944793806396122,False
Hellegat:126:342:8,Hellegat:0:1,2011.0,2012.0,0,Paulina,Hellegat,quality,0.1063807483208204,1.9282462951533301,False
Hellegat:134:375:5,Hellegat:0:1,2001.0,2004.0,0,Paulina,Hellegat,quality,0.26644515219344916,1.287725777666267,False
Hellegat:134:375:5,Hellegat:0:1,2004.0,2008.0,0,Paulina,Hellegat,quality,0.240909165767325,1.310707600519637,False
Hellegat:134:375:5,Hellegat:0:1,2008.0,2010.0,0,Paulina,Hellegat,quality,0.10293053262643583,1.2448534266399804,False
Hellegat:134:375:5,Hellegat:0:1,2010.0,2011.0,0,Paulina,Hellegat,quality,0.05761546724763709,1.2954314240567348,False
Hellegat:134:375:5,Hellegat:0:1,2011.0,2012.0,0,Paulina,Hellegat,quality,0.06568858530195139,1.3211224044794578,False
Hellegat:165:400:8,Hellegat:0:1,2010.0,2011.0,1,Paulina,Hellegat,quality,0.09628834188468154,0.43878076076507566,True
Hellegat:175:367:8,Hellegat:0:1,2010.0,2011.0,0,Paulina,Hellegat,quality,0.09628834188468154,0.43878076076507566,True
Hellegat:175:367:8,Hellegat:0:1,2011.0,2012.0,1,Paulina,Hellegat,quality,0.09029581310726092,0.6921061995468528,False
Hellegat:107:356:1,Hellegat:0:1,1982.0,1993.0,0,Paulina,Hellegat,quality,0.6640290460360554,2.8764717471870953,False
Hellegat:107:356:1,Hellegat:0:1,1993.0,1996.0,0,Paulina,Hellegat,quality,0.13348461702508216,2.897888313538666,False
Hellegat:107:356:1,Hellegat:0:1,1996.0,1998.0,0,Paulina,Hellegat,quality,0.10234836515566695,2.9433180962886274,False
Hellegat:107:356:1,Hellegat:0:1,1998.0,2001.0,0,Paulina,Hellegat,quality,0.15782188134498895,2.968999135983119,False
Hellegat:107:356:1,Hellegat:0:1,2001.0,2004.0,0,Paulina,Hellegat,quality,0.14143801381670779,3.0009917009871243,False
Hellegat:107:356:1,Hellegat:0:1,2004.0,2008.0,0,Paulina,Hellegat,quality,0.17960668044209266,3.031024416856081,False
Hellegat:107:356:1,Hellegat:0:1,2008.0,2010.0,0,Paulina,Hellegat,quality,0.08717526332292524,3.073185436907292,False
Hellegat:107:356:1,Hellegat:0:1,2010.0,2011.0,0,Paulina,Hellegat,quality,0.05049034091168065,3.094544732434752,False
Hellegat:107:356:1,Hellegat:0:1,2011.0,2012.0,0,Paulina,Hellegat,quality,0.05842572034913561,3.1052184747864944,False
Hellegat:121:345:4,Hellegat:0:1,1998.0,2001.0,0,Paulina,Hellegat,quality,0.2992876194942701,2.189758169644691,False
Hellegat:121:345:4,Hellegat:0:1,2001.0,2004.0,0,Paulina,Hellegat,quality,0.1973835622488584,2.185555478403959,False
Hellegat:121:345:4,Hellegat:0:1,2004.0,2008.0,0,Paulina,Hellegat,quality,0.2231937045476767,2.1366812587393254,False
Hellegat:121:345:4,Hellegat:0:1,2008.0,2010.0,0,Paulina,Hellegat,quality,0.10147338532745885,2.2007662541706616,False
Hellegat:121:345:4,Hellegat:0:1,2010.0,2011.0,0,Paulina,Hellegat,quality,0.057506955369691005,2.2422852922053806,False
Hellegat:121:345:4,Hellegat:0:1,2011.0,2012.0,0,Paulina,Hellegat,quality,0.06582739657571313,2.2577056534167528,False
Hellegat:142:386:3,Hellegat:0:1,1996.0,1998.0,1,Paulina,Hellegat,quality,0.18168403319183335,1.0488628087405467,False
Hellegat:142:386:5,Hellegat:0:1,2001.0,2004.0,0,Paulina,Hellegat,quality,0.2597446792151128,1.0488628087405467,False
Hellegat:142:386:5,Hellegat:0:1,2004.0,2008.0,1,Paulina,Hellegat,quality,0.23337149979387928,1.0952215603894833,False
Hellegat:142:386:8,Hellegat:0:1,2010.0,2011.0,0,Paulina,Hellegat,quality,0.1036690003225499,1.0488628087405467,False
Hellegat:142:386:8,Hellegat:0:1,2011.0,2012.0,0,Paulina,Hellegat,quality,0.09864085028095954,1.0777140193217525,False
Hellegat:110:373:2,Hellegat:0:1,1993.0,1996.0,0,Paulina,Hellegat,quality,0.23949869169796043,2.189758169644691,False
Hellegat:110:373:2,Hellegat:0:1,1996.0,1998.0,0,Paulina,Hellegat,quality,0.1363481652990805,2.185555478403959,False
Hellegat:110:373:2,Hellegat:0:1,1998.0,2001.0,0,Paulina,Hellegat,quality,0.19340775269389368,2.1359999671209158,False
Hellegat:110:373:2,Hellegat:0:1,2001.0,2004.0,0,Paulina,Hellegat,quality,0.16289525977103791,2.1610340103844385,False
Hellegat:110:373:2,Hellegat:0:1,2004.0,2008.0,0,Paulina,Hellegat,quality,0.19854343804752936,2.2234086306728726,False
Hellegat:110:373:2,Hellegat:0:1,2008.0,2010.0,0,Paulina,Hellegat,quality,0.09370295491542208,2.2897098172508,False
Hellegat:110:373:2,Hellegat:0:1,2010.0,2011.0,0,Paulina,Hellegat,quality,0.053752592631107744,2.315641118082847,False
Hellegat:110:373:2,Hellegat:0:1,2011.0,2012.0,0,Paulina,Hellegat,quality,0.06189757054400015,2.3273292008629554,False
Hellegat:153:603:2,Hellegat:0:2,1993.0,1996.0,0,Paulina,Hellegat,quality,0.18814731062983,0.17127604484558107,True
Hellegat:153:603:2,Hellegat:0:2,1996.0,1998.0,0,Paulina,Hellegat,quality,0.09595638908305743,0.3563285675812623,True
Hellegat:153:603:2,Hellegat:0:2,1998.0,2001.0,0,Paulina,Hellegat,quality,0.13724562627191716,0.5466577455856587,False
Hellegat:153:603:2,Hellegat:0:2,2001.0,2004.0,0,Paulina,Hellegat,quality,0.11666099219678869,0.5596099926780789,False
Hellegat:153:603:2,Hellegat:0:2,2004.0,2008.0,0,Paulina,Hellegat,quality,0.14632190777923135,0.46154845410705986,True
Hellegat:153:603:2,Hellegat:0:2,2008.0,2010.0,0,Paulina,Hellegat,quality,0.06996823639194523,0.47697148743108364,True
Hellegat:153:603:2,Hellegat:0:2,2010.0,2011.0,0,Paulina,Hellegat,quality,0.040593056423845364,0.53970771697836,False
Hellegat:153:603:2,Hellegat:0:2,2011.0,2012.0,0,Paulina,Hellegat,quality,0.04718195278837209,0.5762561548534425,False
Hellegat:130:648:8,Hellegat:0:2,2010.0,2011.0,0,Paulina,Hellegat,quality,0.08724361518534283,0.20946190357208253,True
Hellegat:130:648:8,Hellegat:0:2,2011.0,2012.0,0,Paulina,Hellegat,quality,0.07897967071188335,0.4143383440046032,True
Hellegat:186:577:1,Hellegat:0:2,1982.0,1993.0,0,Paulina,Hellegat,quality,0.5457641576232217,0.015070533752441407,True
Hellegat:186:577:1,Hellegat:0:2,1993.0,1996.0,0,Paulina,Hellegat,quality,0.08938305633653473,0.34865513429312883,True
Hellegat:186:577:1,Hellegat:0:2,1996.0,1998.0,0,Paulina,Hellegat,quality,0.07048922089624772,0.415155811688997,True
Hellegat:186:577:1,Hellegat:0:2,1998.0,2001.0,0,Paulina,Hellegat,quality,0.11181071301707592,0.4387807449167617,True
Hellegat:186:577:1,Hellegat:0:2,2001.0,2004.0,0,Paulina,Hellegat,quality,0.10202146088393019,0.49886464243234113,True
Hellegat:186:577:1,Hellegat:0:2,2004.0,2008.0,0,Paulina,Hellegat,quality,0.132978048559674,0.5840796184788011,False
Hellegat:186:577:1,Hellegat:0:2,2008.0,2010.0,0,Paulina,Hellegat,quality,0.06505046085761572,0.7049986468337122,False
Hellegat:186:577:1,Hellegat:0:2,2010.0,2011.0,0,Paulina,Hellegat,quality,0.038018471240658304,0.7640034048511077,False
Hellegat:186:577:1,Hellegat:0:2,2011.0,2012.0,0,Paulina,Hellegat,quality,0.04435098689675254,0.7928013080816295,False
Hellegat:178:676:2,Hellegat:0:2,1993.0,1996.0,0,Paulina,Hellegat,quality,0.1808086160163028,0.0312614917755127,True
Hellegat:178:676:2,Hellegat:0:2,1996.0,1998.0,0,Paulina,Hellegat,quality,0.08667938927677904,0.19815961122512818,True
Hellegat:178:676:2,Hellegat:0:2,1998.0,2001.0,0,Paulina,Hellegat,quality,0.12406553607786834,0.18725998022226803,True
Hellegat:178:676:2,Hellegat:0:2,2001.0,2004.0,0,Paulina,Hellegat,quality,0.10578896174179772,0.24644690490311838,True
Hellegat:178:676:2,Hellegat:0:2,2004.0,2008.0,0,Paulina,Hellegat,quality,0.13347840320014204,0.13445032185183686,True
Hellegat:178:676:2,Hellegat:0:2,2008.0,2010.0,0,Paulina,Hellegat,quality,0.06387661849199124,0.09168020086576716,True
Hellegat:178:676:2,Hellegat:0:2,2010.0,2011.0,0,Paulina,Hellegat,quality,0.03707890625326409,0.16865113745993243,True
Hellegat:178:676:2,Hellegat:0:2,2011.0,2012.0,0,Paulina,Hellegat,quality,0.04314779194277883,0.21793241562505053,True
Hellegat:185:663:5,Hellegat:0:2,2001.0,2004.0,0,Paulina,Hellegat,quality,0.2123351708905367,0.0753535807132721,True
Hellegat:185:663:5,Hellegat:0:2,2004.0,2008.0,0,Paulina,Hellegat,quality,0.16521333708824634,0.18315016170963644,True
Hellegat:185:663:5,Hellegat:0:2,2008.0,2010.0,0,Paulina,Hellegat,quality,0.06918701600875041,0.2857223646308731,True
Hellegat:185:663:5,Hellegat:0:2,2010.0,2011.0,0,Paulina,Hellegat,quality,0.039076310871080655,0.24708772056068953,True
Hellegat:185:663:5,Hellegat:0:2,2011.0,2012.0,0,Paulina,Hellegat,quality,0.04501607699108074,0.20670516658073076,True
Hellegat:162:637:2,Hellegat:0:2,1993.0,1996.0,0,Paulina,Hellegat,quality,0.18382277981069453,0.04521160125732422,True
Hellegat:162:637:2,Hellegat:0:2,1996.0,1998.0,0,Paulina,Hellegat,quality,0.09115066350945121,0.17514593601226808,True
Hellegat:162:637:2,Hellegat:0:2,1998.0,2001.0,0,Paulina,Hellegat,quality,0.1304347550394709,0.43242982182909256,True
Hellegat:162:637:2,Hellegat:0:2,2001.0,2004.0,0,Paulina,Hellegat,quality,0.11111403155364744,0.37563675381864065,True
Hellegat:162:637:2,Hellegat:0:2,2004.0,2008.0,0,Paulina,Hellegat,quality,0.13989529836116152,0.4113371658110818,True
Hellegat:162:637:2,Hellegat:0:2,2008.0,2010.0,0,Paulina,Hellegat,quality,0.066988420843149,0.49419999975479634,True
Hellegat:162:637:2,Hellegat:0:2,2010.0,2011.0,0,Paulina,Hellegat,quality,0.03889219615646363,0.5257569905642662,False
Hellegat:162:637:2,Hellegat:0:2,2011.0,2012.0,0,Paulina,Hellegat,quality,0.04524014781986648,0.543603940846622,False
Hellegat:156:686:5,Hellegat:0:2,2001.0,2004.0,0,Paulina,Hellegat,quality,0.21400732632056163,0.0,True
Hellegat:156:686:5,Hellegat:0:2,2004.0,2008.0,0,Paulina,Hellegat,quality,0.17001828903404836,0.04755412340164185,True
Hellegat:156:686:5,Hellegat:0:2,2008.0,2010.0,0,Paulina,Hellegat,quality,0.07133827112924104,0.2330885539331736,True
Hellegat:156:686:5,Hellegat:0:2,2010.0,2011.0,0,Paulina,Hellegat,quality,0.040299229721574105,0.17423326407743897,True
Hellegat:156:686:5,Hellegat:0:2,2011.0,2012.0,0,Paulina,Hellegat,quality,0.04641525319533921,0.19171598381611005,True
Hellegat:176:688:3,Hellegat:0:2,1996.0,1998.0,0,Paulina,Hellegat,quality,0.14710748609372679,0.0753535807132721,True
Hellegat:176:688:3,Hellegat:0:2,1998.0,2001.0,0,Paulina,Hellegat,quality,0.15073298169371951,0.10793883204460145,True
Hellegat:176:688:3,Hellegat:0:2,2001.0,2004.0,0,Paulina,Hellegat,quality,0.11380542061547372,0.2223289440739676,True
Hellegat:176:688:3,Hellegat:0:2,2004.0,2008.0,0,Paulina,Hellegat,quality,0.1379490980580075,0.29116290264771305,True
Hellegat:176:688:3,Hellegat:0:2,2008.0,2010.0,0,Paulina,Hellegat,quality,0.06472194692501708,0.17927924522878663,True
Hellegat:176:688:3,Hellegat:0:2,2010.0,2011.0,0,Paulina,Hellegat,quality,0.0373730462241533,0.16161319919358705,True
Hellegat:176:688:3,Hellegat:0:2,2011.0,2012.0,0,Paulina,Hellegat,quality,0.0434007691460898,0.16161319919358705,True
Hellegat:157:671:2,Hellegat:0:2,1993.0,1996.0,0,Paulina,Hellegat,quality,0.1826255913123469,0.015681731700897216,True
Hellegat:157:671:2,Hellegat:0:2,1996.0,1998.0,0,Paulina,Hellegat,quality,0.08962943561632346,0.048470914363861084,True
Hellegat:157:671:2,Hellegat:0:2,1998.0,2001.0,0,Paulina,Hellegat,quality,0.12827355711321936,0.3491837163315463,True
Hellegat:157:671:2,Hellegat:0:2,2001.0,2004.0,0,Paulina,Hellegat,quality,0.10933149189696148,0.24365947286153075,True
Hellegat:157:671:2,Hellegat:0:2,2004.0,2008.0,0,Paulina,Hellegat,quality,0.13778657350226883,0.2756208367325459,True
Hellegat:157:671:2,Hellegat:0:2,2008.0,2010.0,0,Paulina,Hellegat,quality,0.06598728336494353,0.34566074936032287,True
Hellegat:157:671:2,Hellegat:0:2,2010.0,2011.0,0,Paulina,Hellegat,quality,0.038314379122193286,0.37420303491225,True
Hellegat:157:671:2,Hellegat:0:2,2011.0,2012.0,0,Paulina,Hellegat,quality,0.04457660298756677,0.3988351926834176,True
Hellegat:164:868:4,Hellegat:0:3,1998.0,2001.0,0,Paulina,Hellegat,quality,0.2338255479280014,0.0,True
Hellegat:164:868:4,Hellegat:0:3,2001.0,2004.0,0,Paulina,Hellegat,quality,0.12699742716422888,0.0,True
Hellegat:164:868:4,Hellegat:0:3,2004.0,2008.0,0,Paulina,Hellegat,quality,0.14415608733716123,0.4037136037401995,True
Hellegat:164:868:4,Hellegat:0:3,2008.0,2010.0,0,Paulina,Hellegat,quality,0.06559076009863402,0.3187751716983591,True
Hellegat:164:868:4,Hellegat:0:3,2010.0,2011.0,0,Paulina,Hellegat,quality,0.03754024050966628,0.23737478642534113,True
Hellegat:164:868:4,Hellegat:0:3,2011.0,2012.0,0,Paulina,Hellegat,quality,0.043437539046366866,0.2179156114522529,True
Hellegat:141:886:2,Hellegat:0:3,1993.0,1996.0,0,Paulina,Hellegat,quality,0.18203232994070523,0.03421460390090943,True
Hellegat:141:886:2,Hellegat:0:3,1996.0,1998.0,0,Paulina,Hellegat,quality,0.08547390404089937,0.05203492045402527,True
Hellegat:141:886:2,Hellegat:0:3,1998.0,2001.0,0,Paulina,Hellegat,quality,0.1222675962593298,0.400142363169131,True
Hellegat:141:886:2,Hellegat:0:3,2001.0,2004.0,0,Paulina,Hellegat,quality,0.10403038420224589,0.41165332636862645,True
Hellegat:141:886:2,Hellegat:0:3,2004.0,2008.0,0,Paulina,Hellegat,quality,0.130978569967773,0.21391056583689436,True
Hellegat:141:886:2,Hellegat:0:3,2008.0,2010.0,0,Paulina,Hellegat,quality,0.062437607744948505,0.27952350473755594,True
Hellegat:141:886:2,Hellegat:0:3,2010.0,2011.0,0,Paulina,Hellegat,quality,0.03618122167135412,0.3574967450796801,True
Hellegat:141:886:2,Hellegat:0:3,2011.0,2012.0,0,Paulina,Hellegat,quality,0.04207911364352899,0.3980534980212077,True
Hellegat:124:919:5,Hellegat:0:3,2001.0,2004.0,0,Paulina,Hellegat,quality,0.21338383112790368,0.03564063310623169,True
Hellegat:124:919:5,Hellegat:0:3,2004.0,2008.0,0,Paulina,Hellegat,quality,0.16343546528792044,0.06985523700714111,True
Hellegat:124:919:5,Hellegat:0:3,2008.0,2010.0,0,Paulina,Hellegat,quality,0.06828423670483501,0.46930265677941146,True
Hellegat:124:919:5,Hellegat:0:3,2010.0,2011.0,0,Paulina,Hellegat,quality,0.03850983677204974,0.3213539762487862,True
Hellegat:124:919:5,Hellegat:0:3,2011.0,2012.0,1,Paulina,Hellegat,quality,0.04433641537934206,0.24722809398575993,True
Hellegat:144:852:2,Hellegat:0:3,1993.0,1996.0,0,Paulina,Hellegat,quality,0.1812828251639895,0.1126223474740982,True
Hellegat:144:852:2,Hellegat:0:3,1996.0,1998.0,0,Paulina,Hellegat,quality,0.08532359226761659,0.13166445195674897,True
Hellegat:144:852:2,Hellegat:0:3,1998.0,2001.0,0,Paulina,Hellegat,quality,0.12207936616842295,0.3787209848391988,True
Hellegat:144:852:2,Hellegat:0:3,2001.0,2004.0,0,Paulina,Hellegat,quality,0.10394833257273527,0.4016919737992586,True
Hellegat:144:852:2,Hellegat:0:3,2004.0,2008.0,0,Paulina,Hellegat,quality,0.1309910197518222,0.21382032488274536,True
Hellegat:144:852:2,Hellegat:0:3,2008.0,2010.0,0,Paulina,Hellegat,quality,0.06251233166319548,0.21827095707295308,True
Hellegat:144:852:2,Hellegat:0:3,2010.0,2011.0,0,Paulina,Hellegat,quality,0.0362428206926578,0.29924407361374405,True
Hellegat:144:852:2,Hellegat:0:3,2011.0,2012.0,0,Paulina,Hellegat,quality,0.04216005351491115,0.3448263836972393,True
Hellegat:139:890:6,Hellegat:0:3,2004.0,2008.0,0,Paulina,Hellegat,quality,0.27447466557099387,0.03421460390090943,True
Hellegat:139:890:6,Hellegat:0:3,2008.0,2010.0,0,Paulina,Hellegat,quality,0.07601193981443541,0.23692041579473094,True
Hellegat:139:890:6,Hellegat:0:3,2010.0,2011.0,0,Paulina,Hellegat,quality,0.04109018940975691,0.4985871017898906,True
Hellegat:139:890:6,Hellegat:0:3,2011.0,2012.0,0,Paulina,Hellegat,quality,0.0466814178674294,0.48248934611945093,True
Hellegat:161:907:2,Hellegat:0:3,1993.0,1996.0,1,Paulina,Hellegat,quality,0.1865713826871993,0.0810558557510376,True
Hellegat:161:907:4,Hellegat:0:3,1998.0,2001.0,0,Paulina,Hellegat,quality,0.2366086087769881,0.0810558557510376,True
Hellegat:161:907:4,Hellegat:0:3,2001.0,2004.0,0,Paulina,Hellegat,quality,0.1290749186492951,0.18176501989364624,True
Hellegat:161:907:4,Hellegat:0:3,2004.0,2008.0,0,Paulina,Hellegat,quality,0.14642852220527022,0.3356880615835763,True
Hellegat:161:907:4,Hellegat:0:3,2008.0,2010.0,0,Paulina,Hellegat,quality,0.06652478706255213,0.23721901897273492,True
Hellegat:161:907:4,Hellegat:0:3,2010.0,2011.0,0,Paulina,Hellegat,quality,0.038039527948559554,0.09347457544793629,True
Hellegat:161:907:4,Hellegat:0:3,2011.0,2012.0,0,Paulina,Hellegat,quality,0.04398959540155975,0.09289508148646439,True
Hellegat:145:878:4,Hellegat:0:3,1998.0,2001.0,1,Paulina,Hellegat,quality,0.2316014072810826,0.08339746594429016,True
Hellegat:145:878:6,Hellegat:0:3,2004.0,2008.0,0,Paulina,Hellegat,quality,0.27512809983956465,0.08339746594429016,True
Hellegat:145:878:6,Hellegat:0:3,2008.0,2010.0,0,Paulina,Hellegat,quality,0.0761634619863191,0.25592263011718785,True
Hellegat:145:878:6,Hellegat:0:3,2010.0,2011.0,0,Paulina,Hellegat,quality,0.04116548180421556,0.4901168405121018,True
Hellegat:145:878:6,Hellegat:0:3,2011.0,2012.0,0,Paulina,Hellegat,quality,0.04675975915139037,0.4860847440587118,True
Hellegat:157:873:4,Hellegat:0:3,1998.0,2001.0,1,Paulina,Hellegat,quality,0.2329790057398806,0.08757203817367554,True
Hellegat:157:873:6,Hellegat:0:3,2004.0,2008.0,0,Paulina,Hellegat,quality,0.27671500473312244,0.08757203817367554,True
Hellegat:157:873:6,Hellegat:0:3,2008.0,2010.0,0,Paulina,Hellegat,quality,0.07664500660468442,0.2436040632893878,True
Hellegat:157:873:6,Hellegat:0:3,2010.0,2011.0,0,Paulina,Hellegat,quality,0.0414132565029004,0.4410990590309825,True
Hellegat:157:873:6,Hellegat:0:3,2011.0,2012.0,0,Paulina,Hellegat,quality,0.04702520177557953,0.4593832613062789,True
Hellegat:142:893:4,Hellegat:0:3,1998.0,2001.0,0,Paulina,Hellegat,quality,0.2316014072810826,0.08339746594429016,True
Hellegat:142:893:4,Hellegat:0:3,2001.0,2004.0,0,Paulina,Hellegat,quality,0.12567453269773446,0.10121778249740601,True
Hellegat:142:893:4,Hellegat:0:3,2004.0,2008.0,0,Paulina,Hellegat,quality,0.14274916797557047,0.4901168405121018,True
Hellegat:142:893:4,Hellegat:0:3,2008.0,2010.0,0,Paulina,Hellegat,quality,0.06506158694404246,0.2859348216836476,True
Hellegat:142:893:4,Hellegat:0:3,2010.0,2011.0,0,Paulina,Hellegat,quality,0.03727358950980933,0.24305303860369998,True
Hellegat:142:893:4,Hellegat:0:3,2011.0,2012.0,0,Paulina,Hellegat,quality,0.04315232009152546,0.25820332885998276,True
Hellegat:140:885:2,Hellegat:0:3,1993.0,1996.0,0,Paulina,Hellegat,quality,0.18203232994070523,0.03421460390090943,True
Hellegat:140:885:2,Hellegat:0:3,1996.0,1998.0,0,Paulina,Hellegat,quality,0.08547390404089937,0.05203492045402527,True
Hellegat:140:885:2,Hellegat:0:3,1998.0,2001.0,0,Paulina,Hellegat,quality,0.1222675962593298,0.400142363169131,True
Hellegat:140:885:2,Hellegat:0:3,2001.0,2004.0,0,Paulina,Hellegat,quality,0.10403038420224589,0.41165332636862645,True
Hellegat:140:885:2,Hellegat:0:3,2004.0,2008.0,0,Paulina,Hellegat,quality,0.130978569967773,0.21391056583689436,True
Hellegat:140:885:2,Hellegat:0:3,2008.0,2010.0,0,Paulina,Hellegat,quality,0.062437607744948505,0.27952350473755594,True
Hellegat:140:885:2,Hellegat:0:3,2010.0,2011.0,0,Paulina,Hellegat,quality,0.03618122167135412,0.3574967450796801,True
Hellegat:140:885:2,Hellegat:0:3,2011.0,2012.0,0,Paulina,Hellegat,quality,0.04207911364352899,0.3980534980212077,True
Hellegat:328:117:8,Hellegat:1:0,2010.0,2011.0,0,Paulina,Hellegat,quality,0.08324785588427559,0.0312614917755127,True
Hellegat:328:117:8,Hellegat:1:0,2011.0,2012.0,0,Paulina,Hellegat,quality,0.0724304036832258,0.35868165750134756,True
Hellegat:388:151:8,Hellegat:1:0,2010.0,2011.0,1,Paulina,Hellegat,quality,0.08955727142745616,0.44713205099105835,True
Hellegat:358:135:2,Hellegat:1:0,1993.0,1996.0,0,Paulina,Hellegat,quality,0.18298580131051273,0.14632801413536073,True
Hellegat:358:135:2,Hellegat:1:0,1996.0,1998.0,0,Paulina,Hellegat,quality,0.08586203749015169,0.14968838691711425,True
Hellegat:358:135:2,Hellegat:1:0,1998.0,2001.0,0,Paulina,Hellegat,quality,0.12279383960858198,0.4138830191803094,True
Hellegat:358:135:2,Hellegat:1:0,2001.0,2004.0,0,Paulina,Hellegat,quality,0.10439592146251445,0.43762782348612383,True
Hellegat:358:135:2,Hellegat:1:0,2004.0,2008.0,0,Paulina,Hellegat,quality,0.13130821704908652,0.26970443101313235,True
Hellegat:358:135:2,Hellegat:1:0,2008.0,2010.0,0,Paulina,Hellegat,quality,0.06252710786196612,0.31372118128472193,True
Hellegat:358:135:2,Hellegat:1:0,2010.0,2011.0,0,Paulina,Hellegat,quality,0.036214771406753665,0.3720052834507637,True
Hellegat:358:135:2,Hellegat:1:0,2011.0,2012.0,0,Paulina,Hellegat,quality,0.04210771414928045,0.40545823074748333,True
Hellegat:371:160:4,Hellegat:1:0,1998.0,2001.0,0,Paulina,Hellegat,quality,0.2386524779233227,0.09714547395706177,True
Hellegat:371:160:4,Hellegat:1:0,2001.0,2004.0,0,Paulina,Hellegat,quality,0.13076830854091398,0.2156083444747255,True
Hellegat:371:160:4,Hellegat:1:0,2004.0,2008.0,0,Paulina,Hellegat,quality,0.14830443779522307,0.3653504692277475,True
Hellegat:371:160:4,Hellegat:1:0,2008.0,2010.0,0,Paulina,Hellegat,quality,0.06732287422503128,0.275973819036624,True
Hellegat:371:160:4,Hellegat:1:0,2010.0,2011.0,0,Paulina,Hellegat,quality,0.038474833195738974,0.16611313749058493,True
Hellegat:371:160:4,Hellegat:1:0,2011.0,2012.0,0,Paulina,Hellegat,quality,0.04447589401930734,0.14131215718964496,True
Hellegat:349:136:3,Hellegat:1:0,1996.0,1998.0,0,Paulina,Hellegat,quality,0.14786465505673904,0.03564063310623169,True
Hellegat:349:136:3,Hellegat:1:0,1998.0,2001.0,0,Paulina,Hellegat,quality,0.14922946575064802,0.05203492045402527,True
Hellegat:349:136:3,Hellegat:1:0,2001.0,2004.0,0,Paulina,Hellegat,quality,0.11246481702760451,0.3826112089103303,True
Hellegat:349:136:3,Hellegat:1:0,2004.0,2008.0,1,Paulina,Hellegat,quality,0.13613835696773519,0.39828536866730924,True
Hellegat:349:136:8,Hellegat:1:0,2010.0,2011.0,0,Paulina,Hellegat,quality,0.08363501249093062,0.03564063310623169,True
Hellegat:349:136:8,Hellegat:1:0,2011.0,2012.0,1,Paulina,Hellegat,quality,0.07172142802877088,0.37562677217647433,True
Hellegat:361:429:7,Hellegat:1:1,2008.0,2010.0,0,Paulina,Hellegat,quality,0.1639153169930587,1.4448758137846403,False
Hellegat:361:429:7,Hellegat:1:1,2010.0,2011.0,0,Paulina,Hellegat,quality,0.06646845927253021,1.4287560459933506,False
Hellegat:361:429:7,Hellegat:1:1,2011.0,2012.0,0,Paulina,Hellegat,quality,0.07109653545697316,1.45683045662179,False
Hellegat:325:347:4,Hellegat:1:1,1998.0,2001.0,0,Paulina,Hellegat,quality,0.2366086087769881,0.0810558557510376,True
Hellegat:325:347:4,Hellegat:1:1,2001.0,2004.0,0,Paulina,Hellegat,quality,0.1290749186492951,0.18176501989364624,True
Hellegat:325:347:4,Hellegat:1:1,2004.0,2008.0,0,Paulina,Hellegat,quality,0.14642852220527022,0.3356880615835763,True
Hellegat:325:347:4,Hellegat:1:1,2008.0,2010.0,0,Paulina,Hellegat,quality,0.06652478706255213,0.23721901897273492,True
Hellegat:325:347:4,Hellegat:1:1,2010.0,2011.0,0,Paulina,Hellegat,quality,0.038039527948559554,0.09347457544793629,True
Hellegat:325:347:4,Hellegat:1:1,2011.0,2012.0,0,Paulina,Hellegat,quality,0.04398959540155975,0.09289508148646439,True
Hellegat:382:443:7,Hellegat:1:1,2008.0,2010.0,0,Paulina,Hellegat,quality,0.17548756672875224,2.1509338901189103,False
Hellegat:382:443:7,Hellegat:1:1,2010.0,2011.0,0,Paulina,Hellegat,quality,0.07485369867777311,2.1397558584642775,False
Hellegat:382:443:7,Hellegat:1:1,2011.0,2012.0,0,Paulina,Hellegat,quality,0.08063024886802826,2.1589203494189024,False
Hellegat:325:424:5,Hellegat:1:1,2001.0,2004.0,0,Paulina,Hellegat,quality,0.22603242038283114,0.37025147676467896,True
Hellegat:325:424:5,Hellegat:1:1,2004.0,2008.0,0,Paulina,Hellegat,quality,0.17659716674682052,0.41814048860895925,True
Hellegat:325:424:5,Hellegat:1:1,2008.0,2010.0,0,Paulina,Hellegat,quality,0.07383387045075204,0.6182557535162428,False
Hellegat:325:424:5,Hellegat:1:1,2010.0,2011.0,0,Paulina,Hellegat,quality,0.04147712191398933,0.5856894210394918,False
Hellegat:325:424:5,Hellegat:1:1,2011.0,2012.0,0,Paulina,Hellegat,quality,0.04761426478798688,0.5333365278095827,False
Hellegat:384:391:8,Hellegat:1:1,2010.0,2011.0,0,Paulina,Hellegat,quality,0.10240351522496673,1.8703428576934376,False
Hellegat:384:391:8,Hellegat:1:1,2011.0,2012.0,0,Paulina,Hellegat,quality,0.09392353437428777,1.8674890548941463,False
Hellegat:404:623:2,Hellegat:1:2,1993.0,1996.0,0,Paulina,Hellegat,quality,0.266675870437305,4.215167780404022,False
Hellegat:404:623:2,Hellegat:1:2,1996.0,1998.0,0,Paulina,Hellegat,quality,0.16963686027190394,4.1919567912544125,False
Hellegat:404:623:2,Hellegat:1:2,1998.0,2001.0,0,Paulina,Hellegat,quality,0.24633895674951659,4.172895458161642,False
Hellegat:404:623:2,Hellegat:1:2,2001.0,2004.0,0,Paulina,Hellegat,quality,0.21444055310838392,4.153333138347185,False
Hellegat:404:623:2,Hellegat:1:2,2004.0,2008.0,0,Paulina,Hellegat,quality,0.26401632811960735,4.163715476337828,False
Hellegat:404:623:2,Hellegat:1:2,2008.0,2010.0,0,Paulina,Hellegat,quality,0.12924548123818086,4.183442038995625,False
Hellegat:404:623:2,Hellegat:1:2,2010.0,2011.0,0,Paulina,Hellegat,quality,0.07535559000457032,4.192442294411401,False
Hellegat:404:623:2,Hellegat:1:2,2011.0,2012.0,0,Paulina,Hellegat,quality,0.08693645337926548,4.197707823705636,False
Hellegat:404:600:2,Hellegat:1:2,1993.0,1996.0,1,Paulina,Hellegat,quality,0.26332821200196727,4.028318794084296,False
Hellegat:404:600:4,Hellegat:1:2,1998.0,2001.0,0,Paulina,Hellegat,quality,0.3293937690245935,4.028318794084296,False
Hellegat:404:600:4,Hellegat:1:2,2001.0,2004.0,0,Paulina,Hellegat,quality,0.23777669147145752,4.005704024713368,False
Hellegat:404:600:4,Hellegat:1:2,2004.0,2008.0,0,Paulina,Hellegat,quality,0.2781947422962983,3.990990456770382,False
Hellegat:404:600:4,Hellegat:1:2,2008.0,2010.0,0,Paulina,Hellegat,quality,0.13271047130751767,3.9885320216742812,False
Hellegat:404:600:4,Hellegat:1:2,2010.0,2011.0,0,Paulina,Hellegat,quality,0.07671360476763019,3.9977742544838066,False
Hellegat:404:600:4,Hellegat:1:2,2011.0,2012.0,0,Paulina,Hellegat,quality,0.08815830537107108,4.0000594777012,False
Hellegat:416:638:4,Hellegat:1:2,1998.0,2001.0,1,Paulina,Hellegat,quality,0.3430271723704315,4.70079220661186,False
Hellegat:416:638:6,Hellegat:1:2,2004.0,2008.0,0,Paulina,Hellegat,quality,0.4013655737685278,4.70079220661186,False
Hellegat:416:638:6,Hellegat:1:2,2008.0,2010.0,0,Paulina,Hellegat,quality,0.1653256494860174,4.639390724816231,False
Hellegat:416:638:6,Hellegat:1:2,2010.0,2011.0,0,Paulina,Hellegat,quality,0.09404313834361298,4.608743411873486,False
Hellegat:416:638:6,Hellegat:1:2,2011.0,2012.0,0,Paulina,Hellegat,quality,0.10704084599760628,4.603461025192965,False
Hellegat:430:680:1,Hellegat:1:2,1982.0,1993.0,0,Paulina,Hellegat,quality,0.7342682714675026,5.600674187050643,False
Hellegat:430:680:1,Hellegat:1:2,1993.0,1996.0,1,Paulina,Hellegat,quality,0.2117671988206177,5.460914745139662,False
Hellegat:430:680:4,Hellegat:1:2,1998.0,2001.0,0,Paulina,Hellegat,quality,0.35879075516650405,5.600674187050643,False
Hellegat:430:680:4,Hellegat:1:2,2001.0,2004.0,0,Paulina,Hellegat,quality,0.2797891900739319,5.513119956460948,False
Hellegat:430:680:4,Hellegat:1:2,2004.0,2008.0,0,Paulina,Hellegat,quality,0.3343254786235201,5.4583995924681785,False
Hellegat:430:680:4,Hellegat:1:2,2008.0,2010.0,0,Paulina,Hellegat,quality,0.16624447009996737,5.456823293855816,False
Hellegat:430:680:4,Hellegat:1:2,2010.0,2011.0,0,Paulina,Hellegat,quality,0.09755682977792864,5.465927931551629,False
Hellegat:430:680:4,Hellegat:1:2,2011.0,2012.0,0,Paulina,Hellegat,quality,0.11222295391709285,5.471634218534842,False
Hellegat:430:853:7,Hellegat:1:3,2008.0,2010.0,0,Paulina,Hellegat,quality,0.24302963864386204,7.1573216299808395,False
Hellegat:430:853:7,Hellegat:1:3,2010.0,2011.0,0,Paulina,Hellegat,quality,0.1310248408544944,7.045616312256854,False
Hellegat:430:853:7,Hellegat:1:3,2011.0,2012.0,0,Paulina,Hellegat,quality,0.1478620384115783,7.02918927302571,False
Hellegat:376:845:1,Hellegat:1:3,1982.0,1993.0,0,Paulina,Hellegat,quality,0.7211999666189146,4.991694294709079,False
Hellegat:376:845:1,Hellegat:1:3,1993.0,1996.0,0,Paulina,Hellegat,quality,0.19588276421505502,4.88353110085536,False
Hellegat:376:845:1,Hellegat:1:3,1996.0,1998.0,0,Paulina,Hellegat,quality,0.15506712311999984,4.902375843118503,False
Hellegat:376:845:1,Hellegat:1:3,1998.0,2001.0,0,Paulina,Hellegat,quality,0.2373544402548621,4.917443697323693,False
Hellegat:376:845:1,Hellegat:1:3,2001.0,2004.0,0,Paulina,Hellegat,quality,0.2153087199312526,4.941779052964504,False
Hellegat:376:845:1,Hellegat:1:3,2004.0,2008.0,0,Paulina,Hellegat,quality,0.27160379214707875,4.959552084504354,False
Hellegat:376:845:1,Hellegat:1:3,2008.0,2010.0,0,Paulina,Hellegat,quality,0.13637388389328048,4.982727204269825,False
Hellegat:376:845:1,Hellegat:1:3,2010.0,2011.0,0,Paulina,Hellegat,quality,0.08032080139482085,4.994734113286299,False
Hellegat:376:845:1,Hellegat:1:3,2011.0,2012.0,0,Paulina,Hellegat,quality,0.0929597235439702,5.000789410663989,False
Hellegat:368:842:7,Hellegat:1:3,2008.0,2010.0,0,Paulina,Hellegat,quality,0.21556669072957166,4.70079220661186,False
Hellegat:368:842:7,Hellegat:1:3,2010.0,2011.0,0,Paulina,Hellegat,quality,0.10730445289473109,4.6668467082969,False
Hellegat:368:842:7,Hellegat:1:3,2011.0,2012.0,0,Paulina,Hellegat,quality,0.11889241250325891,4.665611202040837,False
Hellegat:165:158:7,Hellegat:0:0,2008.0,2010.0,0,Paulina,Hellegat,spatial,0.4786846835948578,6.24007496166876,False
Hellegat:165:158:7,Hellegat:0:0,2010.0,2011.0,1,Paulina,Hellegat,spatial,0.21208899422752464,6.250227130814733,False
Hellegat:167:159:7,Hellegat:0:0,2008.0,2010.0,0,Paulina,Hellegat,spatial,0.4589367337162188,5.466595510167991,False
Hellegat:167:159:7,Hellegat:0:0,2010.0,2011.0,1,Paulina,Hellegat,spatial,0.2008156098209582,5.479522681611229,False
Hellegat:178:401:2,Hellegat:0:1,1993.0,1996.0,0,Paulina,Hellegat,spatial,0.4373173355576807,0.1989738702774048,True
Hellegat:178:401:2,Hellegat:0:1,1996.0,1998.0,0,Paulina,Hellegat,spatial,0.2244130342957311,0.47322878553741654,True
Hellegat:178:401:2,Hellegat:0:1,1998.0,2001.0,0,Paulina,Hellegat,spatial,0.27797808413189795,0.4853905737400055,True
Hellegat:178:401:2,Hellegat:0:1,2001.0,2004.0,0,Paulina,Hellegat,spatial,0.22610926276155835,0.36783389368871244,True
Hellegat:178:401:2,Hellegat:0:1,2004.0,2008.0,0,Paulina,Hellegat,spatial,0.23430939131929038,0.3803590080556506,True
Hellegat:178:401:2,Hellegat:0:1,2008.0,2010.0,0,Paulina,Hellegat,spatial,0.16081775520081987,0.5300604263371543,False
Hellegat:178:401:2,Hellegat:0:1,2010.0,2011.0,0,Paulina,Hellegat,spatial,0.04482167423323576,0.5956302344977364,False
Hellegat:178:401:2,Hellegat:0:1,2011.0,2012.0,0,Paulina,Hellegat,spatial,0.07383724110143902,0.6299164234942184,False
Hellegat:106:397:1,Hellegat:0:1,1982.0,1993.0,1,Paulina,Hellegat,spatial,0.9732464740688351,1.9201659355936258,False
Hellegat:106:397:3,Hellegat:0:1,1996.0,1998.0,1,Paulina,Hellegat,spatial,0.47492397745622417,1.9201659355936258,False
Hellegat:165:436:2,Hellegat:0:1,1993.0,1996.0,0,Paulina,Hellegat,spatial,0.3463697276699432,0.1989738702774048,True
Hellegat:165:436:2,Hellegat:0:1,1996.0,1998.0,0,Paulina,Hellegat,spatial,0.1656501716726801,0.47322878553741654,True
Hellegat:165:436:2,Hellegat:0:1,1998.0,2001.0,0,Paulina,Hellegat,spatial,0.2049601284086729,0.4853905737400055,True
Hellegat:165:436:2,Hellegat:0:1,2001.0,2004.0,0,Paulina,Hellegat,spatial,0.1587989749534731,0.36783389368871244,True
Hellegat:165:436:2,Hellegat:0:1,2004.0,2008.0,0,Paulina,Hellegat,spatial,0.17648260974949048,0.3803590080556506,True
Hellegat:165:436:2,Hellegat:0:1,2008.0,2010.0,0,Paulina,Hellegat,spatial,0.09301189566754749,0.5300604263371543,False
Hellegat:165:436:2,Hellegat:0:1,2010.0,2011.0,0,Paulina,Hellegat,spatial,0.030313548946410314,0.5956302344977364,False
Hellegat:165:436:2,Hellegat:0:1,2011.0,2012.0,0,Paulina,Hellegat,spatial,0.04586413333468777,0.6299164234942184,False
Hellegat:124:435:7,Hellegat:0:1,2008.0,2010.0,0,Paulina,Hellegat,spatial,0.18695466472358255,1.0488628087405467,False
Hellegat:124:435:7,Hellegat:0:1,2010.0,2011.0,0,Paulina,Hellegat,spatial,0.058573372998425174,1.1788017220178146,False
Hellegat:124:435:7,Hellegat:0:1,2011.0,2012.0,0,Paulina,Hellegat,spatial,0.06360838832511288,1.0952215603894833,False
Hellegat:145:333:4,Hellegat:0:1,1998.0,2001.0,1,Paulina,Hellegat,spatial,0.37097762555936,1.3173414205177845,False
Hellegat:145:333:7,Hellegat:0:1,2008.0,2010.0,0,Paulina,Hellegat,spatial,0.13987447105504727,1.3173414205177845,False
Hellegat:145:333:7,Hellegat:0:1,2010.0,2011.0,1,Paulina,Hellegat,spatial,0.04034706959926869,1.4112309442216582,False
Hellegat:153:390:4,Hellegat:0:1,1998.0,2001.0,0,Paulina,Hellegat,spatial,0.31667557467215024,0.7829630136489868,False
Hellegat:153:390:4,Hellegat:0:1,2001.0,2004.0,0,Paulina,Hellegat,spatial,0.18105279771877728,0.8878553844750374,False
Hellegat:153:390:4,Hellegat:0:1,2004.0,2008.0,0,Paulina,Hellegat,spatial,0.18232643450677585,0.7778720884570453,False
Hellegat:153:390:4,Hellegat:0:1,2008.0,2010.0,0,Paulina,Hellegat,spatial,0.11203013901539585,0.8415689894900258,False
Hellegat:153:390:4,Hellegat:0:1,2010.0,2011.0,0,Paulina,Hellegat,spatial,0.027699130025223055,0.871760791224346,False
Hellegat:153:390:4,Hellegat:0:1,2011.0,2012.0,0,Paulina,Hellegat,spatial,0.04504666836052682,0.8930603965996727,False
Hellegat:139:366:4,Hellegat:0:1,1998.0,2001.0,0,Paulina,Hellegat,spatial,0.37592810634911317,1.2057914291659022,False
Hellegat:139:366:4,Hellegat:0:1,2001.0,2004.0,0,Paulina,Hellegat,spatial,0.23505705372471153,1.2358006925566003,False
Hellegat:139:366:4,Hellegat:0:1,2004.0,2008.0,1,Paulina,Hellegat,spatial,0.18511994691379133,1.1523359548857348,False
Hellegat:139:366:8,Hellegat:0:1,2010.0,2011.0,0,Paulina,Hellegat,spatial,0.0611501574206248,1.2057914291659022,False
Hellegat:139:366:8,Hellegat:0:1,2011.0,2012.0,0,Paulina,Hellegat,spatial,0.06023695193257708,1.2174473700022577,False
Hellegat:96:329:8,Hellegat:0:1,2010.0,2011.0,0,Paulina,Hellegat,spatial,0.11239241025856428,5.84633039406342,False
Hellegat:96:329:8,Hellegat:0:1,2011.0,2012.0,0,Paulina,Hellegat,spatial,0.10432051729476711,5.82926771010244,False
Hellegat:118:348:4,Hellegat:0:1,1998.0,2001.0,0,Paulina,Hellegat,spatial,0.33922652985689966,2.2473937535766284,False
Hellegat:118:348:4,Hellegat:0:1,2001.0,2004.0,0,Paulina,Hellegat,spatial,0.19907506219051568,2.243161973960741,False
Hellegat:118:348:4,Hellegat:0:1,2004.0,2008.0,0,Paulina,Hellegat,spatial,0.19548363521599402,2.1955043819428104,False
Hellegat:118:348:4,Hellegat:0:1,2008.0,2010.0,0,Paulina,Hellegat,spatial,0.08219629801924769,2.2581441037477856,False
Hellegat:118:348:4,Hellegat:0:1,2010.0,2011.0,0,Paulina,Hellegat,spatial,0.031758199509853695,2.2987128310847194,False
Hellegat:118:348:4,Hellegat:0:1,2011.0,2012.0,0,Paulina,Hellegat,spatial,0.032990362130738506,2.313760472828826,False
Hellegat:141:336:4,Hellegat:0:1,1998.0,2001.0,0,Paulina,Hellegat,spatial,0.36546831755555714,1.4191861085617559,False
Hellegat:141:336:4,Hellegat:0:1,2001.0,2004.0,0,Paulina,Hellegat,spatial,0.23749784841824587,1.434759717656933,False
Hellegat:141:336:4,Hellegat:0:1,2004.0,2008.0,0,Paulina,Hellegat,spatial,0.2180975646095387,1.3618869886391836,False
Hellegat:141:336:4,Hellegat:0:1,2008.0,2010.0,0,Paulina,Hellegat,spatial,0.08509072055520035,1.4513413456836073,False
Hellegat:141:336:4,Hellegat:0:1,2010.0,2011.0,0,Paulina,Hellegat,spatial,0.031070830353231542,1.490047817563629,False
Hellegat:141:336:4,Hellegat:0:1,2011.0,2012.0,0,Paulina,Hellegat,spatial,0.03321513594013921,1.5128440523174453,False
Hellegat:137:349:4,Hellegat:0:1,1998.0,2001.0,1,Paulina,Hellegat,spatial,0.38561577315085227,1.4191861085617559,False
Hellegat:137:349:6,Hellegat:0:1,2004.0,2008.0,0,Paulina,Hellegat,spatial,0.3242765723809529,1.4191861085617559,False
Hellegat:137:349:6,Hellegat:0:1,2008.0,2010.0,0,Paulina,Hellegat,spatial,0.12379774580260394,1.3818844999441375,False
Hellegat:137:349:6,Hellegat:0:1,2010.0,2011.0,0,Paulina,Hellegat,spatial,0.03559326355988518,1.3618869886391836,False
Hellegat:137:349:6,Hellegat:0:1,2011.0,2012.0,0,Paulina,Hellegat,spatial,0.038385046574424354,1.3746017295772748,False
Hellegat:100:345:4,Hellegat:0:1,1998.0,2001.0,0,Paulina,Hellegat,spatial,0.4315682716571346,3.9639624504350963,False
Hellegat:100:345:4,Hellegat:0:1,2001.0,2004.0,0,Paulina,Hellegat,spatial,0.26508312096418346,3.9534556755038595,False
Hellegat:100:345:4,Hellegat:0:1,2004.0,2008.0,0,Paulina,Hellegat,spatial,0.26914871354215747,3.926137709182535,False
Hellegat:100:345:4,Hellegat:0:1,2008.0,2010.0,0,Paulina,Hellegat,spatial,0.11625765380195886,3.963199135116426,False
Hellegat:100:345:4,Hellegat:0:1,2010.0,2011.0,0,Paulina,Hellegat,spatial,0.04702936061174189,3.9900680885861712,False
Hellegat:100:345:4,Hellegat:0:1,2011.0,2012.0,0,Paulina,Hellegat,spatial,0.048445035634414726,4.004214108581602,False
Hellegat:126:342:5,Hellegat:0:1,2001.0,2004.0,0,Paulina,Hellegat,spatial,0.3054466278430116,1.944793806396122,False
Hellegat:126:342:5,Hellegat:0:1,2004.0,2008.0,1,Paulina,Hellegat,spatial,0.24025815867792452,1.943790055067486,False
Hellegat:126:342:8,Hellegat:0:1,2010.0,2011.0,0,Paulina,Hellegat,spatial,0.06799091844624366,1.944793806396122,False
Hellegat:126:342:8,Hellegat:0:1,2011.0,2012.0,0,Paulina,Hellegat,spatial,0.05894163402044711,1.9282462951533301,False
Hellegat:134:375:5,Hellegat:0:1,2001.0,2004.0,0,Paulina,Hellegat,spatial,0.33340235706616117,1.287725777666267,False
Hellegat:134:375:5,Hellegat:0:1,2004.0,2008.0,0,Paulina,Hellegat,spatial,0.24542828330750252,1.310707600519637,False
Hellegat:134:375:5,Hellegat:0:1,2008.0,2010.0,0,Paulina,Hellegat,spatial,0.1303951532470321,1.2448534266399804,False
Hellegat:134:375:5,Hellegat:0:1,2010.0,2011.0,0,Paulina,Hellegat,spatial,0.035620606912639054,1.2954314240567348,False
Hellegat:134:375:5,Hellegat:0:1,2011.0,2012.0,0,Paulina,Hellegat,spatial,0.04345216637170105,1.3211224044794578,False
Hellegat:165:400:8,Hellegat:0:1,2010.0,2011.0,1,Paulina,Hellegat,spatial,0.060094656491655546,0.43878076076507566,True
Hellegat:175:367:8,Hellegat:0:1,2010.0,2011.0,0,Paulina,Hellegat,spatial,0.09893626338992653,0.43878076076507566,True
Hellegat:175:367:8,Hellegat:0:1,2011.0,2012.0,1,Paulina,Hellegat,spatial,0.09749063718366527,0.6921061995468528,False
Hellegat:107:356:1,Hellegat:0:1,1982.0,1993.0,0,Paulina,Hellegat,spatial,0.9286238997832504,2.8764717471870953,False
Hellegat:107:356:1,Hellegat:0:1,1993.0,1996.0,0,Paulina,Hellegat,spatial,0.29154482723832137,2.897888313538666,False
Hellegat:107:356:1,Hellegat:0:1,1996.0,1998.0,0,Paulina,Hellegat,spatial,0.18037254790092797,2.9433180962886274,False
Hellegat:107:356:1,Hellegat:0:1,1998.0,2001.0,0,Paulina,Hellegat,spatial,0.19052439425079867,2.968999135983119,False
Hellegat:107:356:1,Hellegat:0:1,2001.0,2004.0,0,Paulina,Hellegat,spatial,0.15130681425919124,3.0009917009871243,False
Hellegat:107:356:1,Hellegat:0:1,2004.0,2008.0,0,Paulina,Hellegat,spatial,0.17840390450453172,3.031024416856081,False
Hellegat:107:356:1,Hellegat:0:1,2008.0,2010.0,0,Paulina,Hellegat,spatial,0.08103484108277603,3.073185436907292,False
Hellegat:107:356:1,Hellegat:0:1,2010.0,2011.0,0,Paulina,Hellegat,spatial,0.03296889079051848,3.094544732434752,False
Hellegat:107:356:1,Hellegat:0:1,2011.0,2012.0,0,Paulina,Hellegat,spatial,0.03391707819532862,3.1052184747864944,False
Hellegat:121:345:4,Hellegat:0:1,1998.0,2001.0,0,Paulina,Hellegat,spatial,0.3508316674134881,2.189758169644691,False
Hellegat:121:345:4,Hellegat:0:1,2001.0,2004.0,0,Paulina,Hellegat,spatial,0.20439205489652953,2.185555478403959,False
Hellegat:121:345:4,Hellegat:0:1,2004.0,2008.0,0,Paulina,Hellegat,spatial,0.2015040862876637,2.1366812587393254,False
Hellegat:121:345:4,Hellegat:0:1,2008.0,2010.0,0,Paulina,Hellegat,spatial,0.08464174966970897,2.2007662541706616,False
Hellegat:121:345:4,Hellegat:0:1,2010.0,2011.0,0,Paulina,Hellegat,spatial,0.03307105833675992,2.2422852922053806,False
Hellegat:121:345:4,Hellegat:0:1,2011.0,2012.0,0,Paulina,Hellegat,spatial,0.03253804107777511,2.2577056534167528,False
Hellegat:142:386:3,Hellegat:0:1,1996.0,1998.0,1,Paulina,Hellegat,spatial,0.34758574846908485,1.0488628087405467,False
Hellegat:142:386:5,Hellegat:0:1,2001.0,2004.0,0,Paulina,Hellegat,spatial,0.2863130063846645,1.0488628087405467,False
Hellegat:142:386:5,Hellegat:0:1,2004.0,2008.0,1,Paulina,Hellegat,spatial,0.2216117536861883,1.0952215603894833,False
Hellegat:142:386:8,Hellegat:0:1,2010.0,2011.0,0,Paulina,Hellegat,spatial,0.05825072980029463,1.0488628087405467,False
Hellegat:142:386:8,Hellegat:0:1,2011.0,2012.0,0,Paulina,Hellegat,spatial,0.07104588673963866,1.0777140193217525,False
Hellegat:110:373:2,Hellegat:0:1,1993.0,1996.0,0,Paulina,Hellegat,spatial,0.51053310461217,2.189758169644691,False
Hellegat:110:373:2,Hellegat:0:1,1996.0,1998.0,0,Paulina,Hellegat,spatial,0.2769586008522103,2.185555478403959,False
Hellegat:110:373:2,Hellegat:0:1,1998.0,2001.0,0,Paulina,Hellegat,spatial,0.2828893940603292,2.1359999671209158,False
Hellegat:110:373:2,Hellegat:0:1,2001.0,2004.0,0,Paulina,Hellegat,spatial,0.2305836813652027,2.1610340103844385,False
Hellegat:110:373:2,Hellegat:0:1,2004.0,2008.0,0,Paulina,Hellegat,spatial,0.2540111043170545,2.2234086306728726,False
Hellegat:110:373:2,Hellegat:0:1,2008.0,2010.0,0,Paulina,Hellegat,spatial,0.11641673205075022,2.2897098172508,False
Hellegat:110:373:2,Hellegat:0:1,2010.0,2011.0,0,Paulina,Hellegat,spatial,0.046962403206821476,2.315641118082847,False
Hellegat:110:373:2,Hellegat:0:1,2011.0,2012.0,0,Paulina,Hellegat,spatial,0.04640505402046381,2.3273292008629554,False
Hellegat:153:603:2,Hellegat:0:2,1993.0,1996.0,0,Paulina,Hellegat,spatial,0.2340162371677426,0.17127604484558107,True
Hellegat:153:603:2,Hellegat:0:2,1996.0,1998.0,0,Paulina,Hellegat,spatial,0.09256204339350046,0.3563285675812623,True
Hellegat:153:603:2,Hellegat:0:2,1998.0,2001.0,0,Paulina,Hellegat,spatial,0.115484214176255,0.5466577455856587,False
Hellegat:153:603:2,Hellegat:0:2,2001.0,2004.0,0,Paulina,Hellegat,spatial,0.09147282766686105,0.5596099926780789,False
Hellegat:153:603:2,Hellegat:0:2,2004.0,2008.0,0,Paulina,Hellegat,spatial,0.12141712204052149,0.46154845410705986,True
Hellegat:153:603:2,Hellegat:0:2,2008.0,2010.0,0,Paulina,Hellegat,spatial,0.05265742441545287,0.47697148743108364,True
Hellegat:153:603:2,Hellegat:0:2,2010.0,2011.0,0,Paulina,Hellegat,spatial,0.024029103286505833,0.53970771697836,False
Hellegat:153:603:2,Hellegat:0:2,2011.0,2012.0,0,Paulina,Hellegat,spatial,0.024924161119902886,0.5762561548534425,False
Hellegat:130:648:8,Hellegat:0:2,2010.0,2011.0,0,Paulina,Hellegat,spatial,0.1143308818968305,0.20946190357208253,True
Hellegat:130:648:8,Hellegat:0:2,2011.0,2012.0,0,Paulina,Hellegat,spatial,0.09344662166816459,0.4143383440046032,True
Hellegat:186:577:1,Hellegat:0:2,1982.0,1993.0,0,Paulina,Hellegat,spatial,0.4526533444154954,0.015070533752441407,True
Hellegat:186:577:1,Hellegat:0:2,1993.0,1996.0,0,Paulina,Hellegat,spatial,0.08908940348719158,0.34865513429312883,True
Hellegat:186:577:1,Hellegat:0:2,1996.0,1998.0,0,Paulina,Hellegat,spatial,0.04034409203685451,0.415155811688997,True
Hellegat:186:577:1,Hellegat:0:2,1998.0,2001.0,0,Paulina,Hellegat,spatial,0.07996728182469989,0.4387807449167617,True
Hellegat:186:577:1,Hellegat:0:2,2001.0,2004.0,0,Paulina,Hellegat,spatial,0.049211478965523706,0.49886464243234113,True
Hellegat:186:577:1,Hellegat:0:2,2004.0,2008.0,0,Paulina,Hellegat,spatial,0.07564046383475519,0.5840796184788011,False
Hellegat:186:577:1,Hellegat:0:2,2008.0,2010.0,0,Paulina,Hellegat,spatial,0.02689457910286697,0.7049986468337122,False
Hellegat:186:577:1,Hellegat:0:2,2010.0,2011.0,0,Paulina,Hellegat,spatial,0.01130209416628844,0.7640034048511077,False
Hellegat:186:577:1,Hellegat:0:2,2011.0,2012.0,0,Paulina,Hellegat,spatial,0.011249401445926085,0.7928013080816295,False
Hellegat:178:676:2,Hellegat:0:2,1993.0,1996.0,0,Paulina,Hellegat,spatial,0.1980666370016759,0.0312614917755127,True
Hellegat:178:676:2,Hellegat:0:2,1996.0,1998.0,0,Paulina,Hellegat,spatial,0.054860920251318154,0.19815961122512818,True
Hellegat:178:676:2,Hellegat:0:2,1998.0,2001.0,0,Paulina,Hellegat,spatial,0.0800930114641436,0.18725998022226803,True
Hellegat:178:676:2,Hellegat:0:2,2001.0,2004.0,0,Paulina,Hellegat,spatial,0.044494781182387345,0.24644690490311838,True
Hellegat:178:676:2,Hellegat:0:2,2004.0,2008.0,0,Paulina,Hellegat,spatial,0.05774843936671145,0.13445032185183686,True
Hellegat:178:676:2,Hellegat:0:2,2008.0,2010.0,0,Paulina,Hellegat,spatial,0.024351049546114844,0.09168020086576716,True
Hellegat:178:676:2,Hellegat:0:2,2010.0,2011.0,0,Paulina,Hellegat,spatial,0.011459345478432458,0.16865113745993243,True
Hellegat:178:676:2,Hellegat:0:2,2011.0,2012.0,0,Paulina,Hellegat,spatial,0.011507078949019848,0.21793241562505053,True
Hellegat:185:663:5,Hellegat:0:2,2001.0,2004.0,0,Paulina,Hellegat,spatial,0.08440281563463166,0.0753535807132721,True
Hellegat:185:663:5,Hellegat:0:2,2004.0,2008.0,0,Paulina,Hellegat,spatial,0.06781661503180818,0.18315016170963644,True
Hellegat:185:663:5,Hellegat:0:2,2008.0,2010.0,0,Paulina,Hellegat,spatial,0.025083583185580197,0.2857223646308731,True
Hellegat:185:663:5,Hellegat:0:2,2010.0,2011.0,0,Paulina,Hellegat,spatial,0.011646443425118273,0.24708772056068953,True
Hellegat:185:663:5,Hellegat:0:2,2011.0,2012.0,0,Paulina,Hellegat,spatial,0.011582706436228982,0.20670516658073076,True
Hellegat:162:637:2,Hellegat:0:2,1993.0,1996.0,0,Paulina,Hellegat,spatial,0.20050764318361142,0.04521160125732422,True
Hellegat:162:637:2,Hellegat:0:2,1996.0,1998.0,0,Paulina,Hellegat,spatial,0.06796923589443594,0.17514593601226808,True
Hellegat:162:637:2,Hellegat:0:2,1998.0,2001.0,0,Paulina,Hellegat,spatial,0.09072481683148252,0.43242982182909256,True
Hellegat:162:637:2,Hellegat:0:2,2001.0,2004.0,0,Paulina,Hellegat,spatial,0.06630595034440916,0.37563675381864065,True
Hellegat:162:637:2,Hellegat:0:2,2004.0,2008.0,0,Paulina,Hellegat,spatial,0.08395958587977044,0.4113371658110818,True
Hellegat:162:637:2,Hellegat:0:2,2008.0,2010.0,0,Paulina,Hellegat,spatial,0.03502280455073323,0.49419999975479634,True
Hellegat:162:637:2,Hellegat:0:2,2010.0,2011.0,0,Paulina,Hellegat,spatial,0.01636377683575846,0.5257569905642662,False
Hellegat:162:637:2,Hellegat:0:2,2011.0,2012.0,0,Paulina,Hellegat,spatial,0.016792366542978072,0.543603940846622,False
Hellegat:156:686:5,Hellegat:0:2,2001.0,2004.0,0,Paulina,Hellegat,spatial,0.1686368765021402,0.0,True
Hellegat:156:686:5,Hellegat:0:2,2004.0,2008.0,0,Paulina,Hellegat,spatial,0.11891352630768133,0.04755412340164185,True
Hellegat:156:686:5,Hellegat:0:2,2008.0,2010.0,0,Paulina,Hellegat,spatial,0.04432715809559917,0.2330885539331736,True
Hellegat:156:686:5,Hellegat:0:2,2010.0,2011.0,0,Paulina,Hellegat,spatial,0.018896702369185312,0.17423326407743897,True
Hellegat:156:686:5,Hellegat:0:2,2011.0,2012.0,0,Paulina,Hellegat,spatial,0.01992164751072282,0.19171598381611005,True
Hellegat:176:688:3,Hellegat:0:2,1996.0,1998.0,0,Paulina,Hellegat,spatial,0.11094256799376846,0.0753535807132721,True
Hellegat:176:688:3,Hellegat:0:2,1998.0,2001.0,0,Paulina,Hellegat,spatial,0.10481577880362887,0.10793883204460145,True
Hellegat:176:688:3,Hellegat:0:2,2001.0,2004.0,0,Paulina,Hellegat,spatial,0.057754505520433465,0.2223289440739676,True
Hellegat:176:688:3,Hellegat:0:2,2004.0,2008.0,0,Paulina,Hellegat,spatial,0.06830202398648931,0.29116290264771305,True
Hellegat:176:688:3,Hellegat:0:2,2008.0,2010.0,0,Paulina,Hellegat,spatial,0.028173471604673244,0.17927924522878663,True
Hellegat:176:688:3,Hellegat:0:2,2010.0,2011.0,0,Paulina,Hellegat,spatial,0.011469726823768034,0.16161319919358705,True
Hellegat:176:688:3,Hellegat:0:2,2011.0,2012.0,0,Paulina,Hellegat,spatial,0.01148465754293311,0.16161319919358705,True
Hellegat:157:671:2,Hellegat:0:2,1993.0,1996.0,0,Paulina,Hellegat,spatial,0.23427156994510764,0.015681731700897216,True
Hellegat:157:671:2,Hellegat:0:2,1996.0,1998.0,0,Paulina,Hellegat,spatial,0.07545473935782811,0.048470914363861084,True
Hellegat:157:671:2,Hellegat:0:2,1998.0,2001.0,0,Paulina,Hellegat,spatial,0.09436657427538095,0.3491837163315463,True
Hellegat:157:671:2,Hellegat:0:2,2001.0,2004.0,0,Paulina,Hellegat,spatial,0.0665047488543522,0.24365947286153075,True
Hellegat:157:671:2,Hellegat:0:2,2004.0,2008.0,0,Paulina,Hellegat,spatial,0.08369346081166547,0.2756208367325459,True
Hellegat:157:671:2,Hellegat:0:2,2008.0,2010.0,0,Paulina,Hellegat,spatial,0.03698279539780393,0.34566074936032287,True
Hellegat:157:671:2,Hellegat:0:2,2010.0,2011.0,0,Paulina,Hellegat,spatial,0.01691134473154807,0.37420303491225,True
Hellegat:157:671:2,Hellegat:0:2,2011.0,2012.0,0,Paulina,Hellegat,spatial,0.01737935826416975,0.3988351926834176,True
Hellegat:164:868:4,Hellegat:0:3,1998.0,2001.0,0,Paulina,Hellegat,spatial,0.09450246327753486,0.0,True
Hellegat:164:868:4,Hellegat:0:3,2001.0,2004.0,0,Paulina,Hellegat,spatial,0.06097346979621479,0.0,True
Hellegat:164:868:4,Hellegat:0:3,2004.0,2008.0,0,Paulina,Hellegat,spatial,0.053716306726682046,0.4037136037401995,True
Hellegat:164:868:4,Hellegat:0:3,2008.0,2010.0,0,Paulina,Hellegat,spatial,0.024691517165354507,0.3187751716983591,True
Hellegat:164:868:4,Hellegat:0:3,2010.0,2011.0,0,Paulina,Hellegat,spatial,0.011792940295972665,0.23737478642534113,True
Hellegat:164:868:4,Hellegat:0:3,2011.0,2012.0,0,Paulina,Hellegat,spatial,0.012103778548426508,0.2179156114522529,True
Hellegat:141:886:2,Hellegat:0:3,1993.0,1996.0,0,Paulina,Hellegat,spatial,0.24019679288989343,0.03421460390090943,True
Hellegat:141:886:2,Hellegat:0:3,1996.0,1998.0,0,Paulina,Hellegat,spatial,0.11961086711439989,0.05203492045402527,True
Hellegat:141:886:2,Hellegat:0:3,1998.0,2001.0,0,Paulina,Hellegat,spatial,0.10014029798866074,0.400142363169131,True
Hellegat:141:886:2,Hellegat:0:3,2001.0,2004.0,0,Paulina,Hellegat,spatial,0.10318377214854597,0.41165332636862645,True
Hellegat:141:886:2,Hellegat:0:3,2004.0,2008.0,0,Paulina,Hellegat,spatial,0.09153082124495454,0.21391056583689436,True
Hellegat:141:886:2,Hellegat:0:3,2008.0,2010.0,0,Paulina,Hellegat,spatial,0.04308054822158476,0.27952350473755594,True
Hellegat:141:886:2,Hellegat:0:3,2010.0,2011.0,0,Paulina,Hellegat,spatial,0.019624445933329307,0.3574967450796801,True
Hellegat:141:886:2,Hellegat:0:3,2011.0,2012.0,0,Paulina,Hellegat,spatial,0.021466352505449555,0.3980534980212077,True
Hellegat:124:919:5,Hellegat:0:3,2001.0,2004.0,0,Paulina,Hellegat,spatial,0.24928849688089977,0.03564063310623169,True
Hellegat:124:919:5,Hellegat:0:3,2004.0,2008.0,0,Paulina,Hellegat,spatial,0.16408747863380102,0.06985523700714111,True
Hellegat:124:919:5,Hellegat:0:3,2008.0,2010.0,0,Paulina,Hellegat,spatial,0.07459985112207031,0.46930265677941146,True
Hellegat:124:919:5,Hellegat:0:3,2010.0,2011.0,0,Paulina,Hellegat,spatial,0.0335812843529772,0.3213539762487862,True
Hellegat:124:919:5,Hellegat:0:3,2011.0,2012.0,1,Paulina,Hellegat,spatial,0.0370775357321098,0.24722809398575993,True
Hellegat:144:852:2,Hellegat:0:3,1993.0,1996.0,0,Paulina,Hellegat,spatial,0.20944900189854931,0.1126223474740982,True
Hellegat:144:852:2,Hellegat:0:3,1996.0,1998.0,0,Paulina,Hellegat,spatial,0.09991151960917292,0.13166445195674897,True
Hellegat:144:852:2,Hellegat:0:3,1998.0,2001.0,0,Paulina,Hellegat,spatial,0.08216075603178859,0.3787209848391988,True
Hellegat:144:852:2,Hellegat:0:3,2001.0,2004.0,0,Paulina,Hellegat,spatial,0.07297649421928701,0.4016919737992586,True
Hellegat:144:852:2,Hellegat:0:3,2004.0,2008.0,0,Paulina,Hellegat,spatial,0.07661106288935537,0.21382032488274536,True
Hellegat:144:852:2,Hellegat:0:3,2008.0,2010.0,0,Paulina,Hellegat,spatial,0.03551689480772709,0.21827095707295308,True
Hellegat:144:852:2,Hellegat:0:3,2010.0,2011.0,0,Paulina,Hellegat,spatial,0.01703961478325181,0.29924407361374405,True
Hellegat:144:852:2,Hellegat:0:3,2011.0,2012.0,0,Paulina,Hellegat,spatial,0.01756432783992248,0.3448263836972393,True
Hellegat:139:890:6,Hellegat:0:3,2004.0,2008.0,0,Paulina,Hellegat,spatial,0.20853023516688982,0.03421460390090943,True
Hellegat:139:890:6,Hellegat:0:3,2008.0,2010.0,0,Paulina,Hellegat,spatial,0.05610028704230633,0.23692041579473094,True
Hellegat:139:890:6,Hellegat:0:3,2010.0,2011.0,0,Paulina,Hellegat,spatial,0.02311741454845477,0.4985871017898906,True
Hellegat:139:890:6,Hellegat:0:3,2011.0,2012.0,0,Paulina,Hellegat,spatial,0.025935027126562444,0.48248934611945093,True
Hellegat:161:907:2,Hellegat:0:3,1993.0,1996.0,1,Paulina,Hellegat,spatial,0.14288197461991953,0.0810558557510376,True
Hellegat:161:907:4,Hellegat:0:3,1998.0,2001.0,0,Paulina,Hellegat,spatial,0.10490930635363194,0.0810558557510376,True
Hellegat:161:907:4,Hellegat:0:3,2001.0,2004.0,0,Paulina,Hellegat,spatial,0.07185757068354269,0.18176501989364624,True
Hellegat:161:907:4,Hellegat:0:3,2004.0,2008.0,0,Paulina,Hellegat,spatial,0.05633968237216307,0.3356880615835763,True
Hellegat:161:907:4,Hellegat:0:3,2008.0,2010.0,0,Paulina,Hellegat,spatial,0.025471383819894063,0.23721901897273492,True
Hellegat:161:907:4,Hellegat:0:3,2010.0,2011.0,0,Paulina,Hellegat,spatial,0.01221360775185797,0.09347457544793629,True
Hellegat:161:907:4,Hellegat:0:3,2011.0,2012.0,0,Paulina,Hellegat,spatial,0.013093002067104741,0.09289508148646439,True
Hellegat:145:878:4,Hellegat:0:3,1998.0,2001.0,1,Paulina,Hellegat,spatial,0.17977294350507708,0.08339746594429016,True
Hellegat:145:878:6,Hellegat:0:3,2004.0,2008.0,0,Paulina,Hellegat,spatial,0.1758447585353097,0.08339746594429016,True
Hellegat:145:878:6,Hellegat:0:3,2008.0,2010.0,0,Paulina,Hellegat,spatial,0.045096879540372586,0.25592263011718785,True
Hellegat:145:878:6,Hellegat:0:3,2010.0,2011.0,0,Paulina,Hellegat,spatial,0.02007345426380738,0.4901168405121018,True
Hellegat:145:878:6,Hellegat:0:3,2011.0,2012.0,0,Paulina,Hellegat,spatial,0.020976702405742526,0.4860847440587118,True
Hellegat:157:873:4,Hellegat:0:3,1998.0,2001.0,1,Paulina,Hellegat,spatial,0.11572032382492539,0.08757203817367554,True
Hellegat:157:873:6,Hellegat:0:3,2004.0,2008.0,0,Paulina,Hellegat,spatial,0.12335883528391278,0.08757203817367554,True
Hellegat:157:873:6,Hellegat:0:3,2008.0,2010.0,0,Paulina,Hellegat,spatial,0.031994884372423586,0.2436040632893878,True
Hellegat:157:873:6,Hellegat:0:3,2010.0,2011.0,0,Paulina,Hellegat,spatial,0.014339660678168702,0.4410990590309825,True
Hellegat:157:873:6,Hellegat:0:3,2011.0,2012.0,0,Paulina,Hellegat,spatial,0.014399590650568984,0.4593832613062789,True
Hellegat:142:893:4,Hellegat:0:3,1998.0,2001.0,0,Paulina,Hellegat,spatial,0.16923092712801388,0.08339746594429016,True
Hellegat:142:893:4,Hellegat:0:3,2001.0,2004.0,0,Paulina,Hellegat,spatial,0.10483303152491623,0.10121778249740601,True
Hellegat:142:893:4,Hellegat:0:3,2004.0,2008.0,0,Paulina,Hellegat,spatial,0.0886084577730334,0.4901168405121018,True
Hellegat:142:893:4,Hellegat:0:3,2008.0,2010.0,0,Paulina,Hellegat,spatial,0.03915084325381066,0.2859348216836476,True
Hellegat:142:893:4,Hellegat:0:3,2010.0,2011.0,0,Paulina,Hellegat,spatial,0.017959087858488234,0.24305303860369998,True
Hellegat:142:893:4,Hellegat:0:3,2011.0,2012.0,0,Paulina,Hellegat,spatial,0.019398632492849496,0.25820332885998276,True
Hellegat:140:885:2,Hellegat:0:3,1993.0,1996.0,0,Paulina,Hellegat,spatial,0.2573642324901658,0.03421460390090943,True
Hellegat:140:885:2,Hellegat:0:3,1996.0,1998.0,0,Paulina,Hellegat,spatial,0.1292215213025764,0.05203492045402527,True
Hellegat:140:885:2,Hellegat:0:3,1998.0,2001.0,0,Paulina,Hellegat,spatial,0.10744528707495121,0.400142363169131,True
Hellegat:140:885:2,Hellegat:0:3,2001.0,2004.0,0,Paulina,Hellegat,spatial,0.10622595207268504,0.41165332636862645,True
Hellegat:140:885:2,Hellegat:0:3,2004.0,2008.0,0,Paulina,Hellegat,spatial,0.09892171647627877,0.21391056583689436,True
Hellegat:140:885:2,Hellegat:0:3,2008.0,2010.0,0,Paulina,Hellegat,spatial,0.045232645041573184,0.27952350473755594,True
Hellegat:140:885:2,Hellegat:0:3,2010.0,2011.0,0,Paulina,Hellegat,spatial,0.02072298376527764,0.3574967450796801,True
Hellegat:140:885:2,Hellegat:0:3,2011.0,2012.0,0,Paulina,Hellegat,spatial,0.022800063145918543,0.3980534980212077,True
Hellegat:328:117:8,Hellegat:1:0,2010.0,2011.0,0,Paulina,Hellegat,spatial,0.03211031020382407,0.0312614917755127,True
Hellegat:328:117:8,Hellegat:1:0,2011.0,2012.0,0,Paulina,Hellegat,spatial,0.025497258585865046,0.35868165750134756,True
Hellegat:388:151:8,Hellegat:1:0,2010.0,2011.0,1,Paulina,Hellegat,spatial,0.04150231920077672,0.44713205099105835,True
Hellegat:358:135:2,Hellegat:1:0,1993.0,1996.0,0,Paulina,Hellegat,spatial,0.17712175041098496,0.14632801413536073,True
Hellegat:358:135:2,Hellegat:1:0,1996.0,1998.0,0,Paulina,Hellegat,spatial,0.07069439485338531,0.14968838691711425,True
Hellegat:358:135:2,Hellegat:1:0,1998.0,2001.0,0,Paulina,Hellegat,spatial,0.09829164719634208,0.4138830191803094,True
Hellegat:358:135:2,Hellegat:1:0,2001.0,2004.0,0,Paulina,Hellegat,spatial,0.06896501523233407,0.43762782348612383,True
Hellegat:358:135:2,Hellegat:1:0,2004.0,2008.0,0,Paulina,Hellegat,spatial,0.0990521256592342,0.26970443101313235,True
Hellegat:358:135:2,Hellegat:1:0,2008.0,2010.0,0,Paulina,Hellegat,spatial,0.043468318663955764,0.31372118128472193,True
Hellegat:358:135:2,Hellegat:1:0,2010.0,2011.0,0,Paulina,Hellegat,spatial,0.016572473885597523,0.3720052834507637,True
Hellegat:358:135:2,Hellegat:1:0,2011.0,2012.0,0,Paulina,Hellegat,spatial,0.01872069762638349,0.40545823074748333,True
Hellegat:371:160:4,Hellegat:1:0,1998.0,2001.0,0,Paulina,Hellegat,spatial,0.16506970101820048,0.09714547395706177,True
Hellegat:371:160:4,Hellegat:1:0,2001.0,2004.0,0,Paulina,Hellegat,spatial,0.08726312356934862,0.2156083444747255,True
Hellegat:371:160:4,Hellegat:1:0,2004.0,2008.0,0,Paulina,Hellegat,spatial,0.10372107554770447,0.3653504692277475,True
Hellegat:371:160:4,Hellegat:1:0,2008.0,2010.0,0,Paulina,Hellegat,spatial,0.042138044281905866,0.275973819036624,True
Hellegat:371:160:4,Hellegat:1:0,2010.0,2011.0,0,Paulina,Hellegat,spatial,0.017100024161176654,0.16611313749058493,True
Hellegat:371:160:4,Hellegat:1:0,2011.0,2012.0,0,Paulina,Hellegat,spatial,0.01989883663453989,0.14131215718964496,True
Hellegat:349:136:3,Hellegat:1:0,1996.0,1998.0,0,Paulina,Hellegat,spatial,0.14037899265869752,0.03564063310623169,True
Hellegat:349:136:3,Hellegat:1:0,1998.0,2001.0,0,Paulina,Hellegat,spatial,0.13429417271650193,0.05203492045402527,True
Hellegat:349:136:3,Hellegat:1:0,2001.0,2004.0,0,Paulina,Hellegat,spatial,0.09040363185042692,0.3826112089103303,True
Hellegat:349:136:3,Hellegat:1:0,2004.0,2008.0,1,Paulina,Hellegat,spatial,0.11714518283505038,0.39828536866730924,True
Hellegat:349:136:8,Hellegat:1:0,2010.0,2011.0,0,Paulina,Hellegat,spatial,0.038505965948655345,0.03564063310623169,True
Hellegat:349:136:8,Hellegat:1:0,2011.0,2012.0,1,Paulina,Hellegat,spatial,0.032949163502101475,0.37562677217647433,True
Hellegat:361:429:7,Hellegat:1:1,2008.0,2010.0,0,Paulina,Hellegat,spatial,0.052403568916501,1.4448758137846403,False
Hellegat:361:429:7,Hellegat:1:1,2010.0,2011.0,0,Paulina,Hellegat,spatial,0.017767395698406595,1.4287560459933506,False
Hellegat:361:429:7,Hellegat:1:1,2011.0,2012.0,0,Paulina,Hellegat,spatial,0.016285323630570715,1.45683045662179,False
Hellegat:325:347:4,Hellegat:1:1,1998.0,2001.0,0,Paulina,Hellegat,spatial,0.07167854770702188,0.0810558557510376,True
Hellegat:325:347:4,Hellegat:1:1,2001.0,2004.0,0,Paulina,Hellegat,spatial,0.039962521744732186,0.18176501989364624,True
Hellegat:325:347:4,Hellegat:1:1,2004.0,2008.0,0,Paulina,Hellegat,spatial,0.04942371279896675,0.3356880615835763,True
Hellegat:325:347:4,Hellegat:1:1,2008.0,2010.0,0,Paulina,Hellegat,spatial,0.022670849459896197,0.23721901897273492,True
Hellegat:325:347:4,Hellegat:1:1,2010.0,2011.0,0,Paulina,Hellegat,spatial,0.011675741253078818,0.09347457544793629,True
Hellegat:325:347:4,Hellegat:1:1,2011.0,2012.0,0,Paulina,Hellegat,spatial,0.011701206751700804,0.09289508148646439,True
Hellegat:382:443:7,Hellegat:1:1,2008.0,2010.0,0,Paulina,Hellegat,spatial,0.056366225576001405,2.1509338901189103,False
Hellegat:382:443:7,Hellegat:1:1,2010.0,2011.0,0,Paulina,Hellegat,spatial,0.020074638679678316,2.1397558584642775,False
Hellegat:382:443:7,Hellegat:1:1,2011.0,2012.0,0,Paulina,Hellegat,spatial,0.018542111824499084,2.1589203494189024,False
Hellegat:325:424:5,Hellegat:1:1,2001.0,2004.0,0,Paulina,Hellegat,spatial,0.07056195771207735,0.37025147676467896,True
Hellegat:325:424:5,Hellegat:1:1,2004.0,2008.0,0,Paulina,Hellegat,spatial,0.0555235281605112,0.41814048860895925,True
Hellegat:325:424:5,Hellegat:1:1,2008.0,2010.0,0,Paulina,Hellegat,spatial,0.02329658714807144,0.6182557535162428,False
Hellegat:325:424:5,Hellegat:1:1,2010.0,2011.0,0,Paulina,Hellegat,spatial,0.011257986861885238,0.5856894210394918,False
Hellegat:325:424:5,Hellegat:1:1,2011.0,2012.0,0,Paulina,Hellegat,spatial,0.011113759993763761,0.5333365278095827,False
Hellegat:384:391:8,Hellegat:1:1,2010.0,2011.0,0,Paulina,Hellegat,spatial,0.027765673286175793,1.8703428576934376,False
Hellegat:384:391:8,Hellegat:1:1,2011.0,2012.0,0,Paulina,Hellegat,spatial,0.021834990976592767,1.8674890548941463,False
Hellegat:404:623:2,Hellegat:1:2,1993.0,1996.0,0,Paulina,Hellegat,spatial,0.13149755394439105,4.215167780404022,False
Hellegat:404:623:2,Hellegat:1:2,1996.0,1998.0,0,Paulina,Hellegat,spatial,0.09477817293389745,4.1919567912544125,False
Hellegat:404:623:2,Hellegat:1:2,1998.0,2001.0,0,Paulina,Hellegat,spatial,0.0886201706930306,4.172895458161642,False
Hellegat:404:623:2,Hellegat:1:2,2001.0,2004.0,0,Paulina,Hellegat,spatial,0.07514102363229327,4.153333138347185,False
Hellegat:404:623:2,Hellegat:1:2,2004.0,2008.0,0,Paulina,Hellegat,spatial,0.10390791715662039,4.163715476337828,False
Hellegat:404:623:2,Hellegat:1:2,2008.0,2010.0,0,Paulina,Hellegat,spatial,0.04123259219001665,4.183442038995625,False
Hellegat:404:623:2,Hellegat:1:2,2010.0,2011.0,0,Paulina,Hellegat,spatial,0.020451318279417867,4.192442294411401,False
Hellegat:404:623:2,Hellegat:1:2,2011.0,2012.0,0,Paulina,Hellegat,spatial,0.02004492601998663,4.197707823705636,False
Hellegat:404:600:2,Hellegat:1:2,1993.0,1996.0,1,Paulina,Hellegat,spatial,0.12440761890088217,4.028318794084296,False
Hellegat:404:600:4,Hellegat:1:2,1998.0,2001.0,0,Paulina,Hellegat,spatial,0.11971016072662291,4.028318794084296,False
Hellegat:404:600:4,Hellegat:1:2,2001.0,2004.0,0,Paulina,Hellegat,spatial,0.08249646076297693,4.005704024713368,False
Hellegat:404:600:4,Hellegat:1:2,2004.0,2008.0,0,Paulina,Hellegat,spatial,0.10559001851006675,3.990990456770382,False
Hellegat:404:600:4,Hellegat:1:2,2008.0,2010.0,0,Paulina,Hellegat,spatial,0.041905953230292226,3.9885320216742812,False
Hellegat:404:600:4,Hellegat:1:2,2010.0,2011.0,0,Paulina,Hellegat,spatial,0.020588495228292154,3.9977742544838066,False
Hellegat:404:600:4,Hellegat:1:2,2011.0,2012.0,0,Paulina,Hellegat,spatial,0.020337033034602818,4.0000594777012,False
Hellegat:416:638:4,Hellegat:1:2,1998.0,2001.0,1,Paulina,Hellegat,spatial,0.12602748999598123,4.70079220661186,False
Hellegat:416:638:6,Hellegat:1:2,2004.0,2008.0,0,Paulina,Hellegat,spatial,0.16491688814523092,4.70079220661186,False
Hellegat:416:638:6,Hellegat:1:2,2008.0,2010.0,0,Paulina,Hellegat,spatial,0.0544634002873135,4.639390724816231,False
Hellegat:416:638:6,Hellegat:1:2,2010.0,2011.0,0,Paulina,Hellegat,spatial,0.02556263043562405,4.608743411873486,False
Hellegat:416:638:6,Hellegat:1:2,2011.0,2012.0,0,Paulina,Hellegat,spatial,0.025036542331856215,4.603461025192965,False
Hellegat:430:680:1,Hellegat:1:2,1982.0,1993.0,0,Paulina,Hellegat,spatial,0.38317126312651817,5.600674187050643,False
Hellegat:430:680:1,Hellegat:1:2,1993.0,1996.0,1,Paulina,Hellegat,spatial,0.08012348429845015,5.460914745139662,False
Hellegat:430:680:4,Hellegat:1:2,1998.0,2001.0,0,Paulina,Hellegat,spatial,0.1144151530077896,5.600674187050643,False
Hellegat:430:680:4,Hellegat:1:2,2001.0,2004.0,0,Paulina,Hellegat,spatial,0.09073368305742614,5.513119956460948,False
Hellegat:430:680:4,Hellegat:1:2,2004.0,2008.0,0,Paulina,Hellegat,spatial,0.12102219504188881,5.4583995924681785,False
Hellegat:430:680:4,Hellegat:1:2,2008.0,2010.0,0,Paulina,Hellegat,spatial,0.053565388895316514,5.456823293855816,False
Hellegat:430:680:4,Hellegat:1:2,2010.0,2011.0,0,Paulina,Hellegat,spatial,0.026400100501781935,5.465927931551629,False
Hellegat:430:680:4,Hellegat:1:2,2011.0,2012.0,0,Paulina,Hellegat,spatial,0.026153127298299578,5.471634218534842,False
Hellegat:430:853:7,Hellegat:1:3,2008.0,2010.0,0,Paulina,Hellegat,spatial,0.08122385246605408,7.1573216299808395,False
Hellegat:430:853:7,Hellegat:1:3,2010.0,2011.0,0,Paulina,Hellegat,spatial,0.036283507940959026,7.045616312256854,False
Hellegat:430:853:7,Hellegat:1:3,2011.0,2012.0,0,Paulina,Hellegat,spatial,0.03499598554174155,7.02918927302571,False
Hellegat:376:845:1,Hellegat:1:3,1982.0,1993.0,0,Paulina,Hellegat,spatial,0.41560463401643516,4.991694294709079,False
Hellegat:376:845:1,Hellegat:1:3,1993.0,1996.0,0,Paulina,Hellegat,spatial,0.07700371195597926,4.88353110085536,False
Hellegat:376:845:1,Hellegat:1:3,1996.0,1998.0,0,Paulina,Hellegat,spatial,0.05354585150328256,4.902375843118503,False
Hellegat:376:845:1,Hellegat:1:3,1998.0,2001.0,0,Paulina,Hellegat,spatial,0.08146917004656498,4.917443697323693,False
Hellegat:376:845:1,Hellegat:1:3,2001.0,2004.0,0,Paulina,Hellegat,spatial,0.06666502410268457,4.941779052964504,False
Hellegat:376:845:1,Hellegat:1:3,2004.0,2008.0,0,Paulina,Hellegat,spatial,0.10332656118871802,4.959552084504354,False
Hellegat:376:845:1,Hellegat:1:3,2008.0,2010.0,0,Paulina,Hellegat,spatial,0.04481225537685566,4.982727204269825,False
Hellegat:376:845:1,Hellegat:1:3,2010.0,2011.0,0,Paulina,Hellegat,spatial,0.022284257287333707,4.994734113286299,False
Hellegat:376:845:1,Hellegat:1:3,2011.0,2012.0,0,Paulina,Hellegat,spatial,0.021755259666839673,5.000789410663989,False
Hellegat:368:842:7,Hellegat:1:3,2008.0,2010.0,0,Paulina,Hellegat,spatial,0.07207804065328875,4.70079220661186,False
Hellegat:368:842:7,Hellegat:1:3,2010.0,2011.0,0,Paulina,Hellegat,spatial,0.029938386100988906,4.6668467082969,False
Hellegat:368:842:7,Hellegat:1:3,2011.0,2012.0,0,Paulina,Hellegat,spatial,0.027904945477870004,4.665611202040837,False
Hellegat:165:158:7,Hellegat:0:0,2008.0,2010.0,0,Paulina,Hellegat,qir,0.20525208093227587,6.24007496166876,False
Hellegat:165:158:7,Hellegat:0:0,2010.0,2011.0,1,Paulina,Hellegat,qir,0.07997150663965269,6.250227130814733,False
Hellegat:167:159:7,Hellegat:0:0,2008.0,2010.0,0,Paulina,Hellegat,qir,0.20309591103904398,5.466595510167991,False
Hellegat:167:159:7,Hellegat:0:0,2010.0,2011.0,1,Paulina,Hellegat,qir,0.07892673556699241,5.479522681611229,False
Hellegat:178:401:2,Hellegat:0:1,1993.0,1996.0,0,Paulina,Hellegat,qir,0.24789774267742137,0.1989738702774048,True
Hellegat:178:401:2,Hellegat:0:1,1996.0,1998.0,0,Paulina,Hellegat,qir,0.11131432334579368,0.47322878553741654,True
Hellegat:178:401:2,Hellegat:0:1,1998.0,2001.0,0,Paulina,Hellegat,qir,0.1436088258805676,0.4853905737400055,True
Hellegat:178:401:2,Hellegat:0:1,2001.0,2004.0,0,Paulina,Hellegat,qir,0.12945750495376146,0.36783389368871244,True
Hellegat:178:401:2,Hellegat:0:1,2004.0,2008.0,0,Paulina,Hellegat,qir,0.15851139169354042,0.3803590080556506,True
Hellegat:178:401:2,Hellegat:0:1,2008.0,2010.0,0,Paulina,Hellegat,qir,0.07867630112516348,0.5300604263371543,False
Hellegat:178:401:2,Hellegat:0:1,2010.0,2011.0,0,Paulina,Hellegat,qir,0.03920019674896362,0.5956302344977364,False
Hellegat:178:401:2,Hellegat:0:1,2011.0,2012.0,0,Paulina,Hellegat,qir,0.038791670942491425,0.6299164234942184,False
Hellegat:106:397:1,Hellegat:0:1,1982.0,1993.0,1,Paulina,Hellegat,qir,0.7523006806440967,1.9201659355936258,False
Hellegat:106:397:3,Hellegat:0:1,1996.0,1998.0,1,Paulina,Hellegat,qir,0.20992296843029906,1.9201659355936258,False
Hellegat:165:436:2,Hellegat:0:1,1993.0,1996.0,0,Paulina,Hellegat,qir,0.24665587217999663,0.1989738702774048,True
Hellegat:165:436:2,Hellegat:0:1,1996.0,1998.0,0,Paulina,Hellegat,qir,0.1100441692132605,0.47322878553741654,True
Hellegat:165:436:2,Hellegat:0:1,1998.0,2001.0,0,Paulina,Hellegat,qir,0.14163229674518443,0.4853905737400055,True
Hellegat:165:436:2,Hellegat:0:1,2001.0,2004.0,0,Paulina,Hellegat,qir,0.12754452876798245,0.36783389368871244,True
Hellegat:165:436:2,Hellegat:0:1,2004.0,2008.0,0,Paulina,Hellegat,qir,0.15633855688049575,0.3803590080556506,True
Hellegat:165:436:2,Hellegat:0:1,2008.0,2010.0,0,Paulina,Hellegat,qir,0.0775144214116004,0.5300604263371543,False
Hellegat:165:436:2,Hellegat:0:1,2010.0,2011.0,0,Paulina,Hellegat,qir,0.03869927835267356,0.5956302344977364,False
Hellegat:165:436:2,Hellegat:0:1,2011.0,2012.0,0,Paulina,Hellegat,qir,0.03834062468707493,0.6299164234942184,False
Hellegat:124:435:7,Hellegat:0:1,2008.0,2010.0,0,Paulina,Hellegat,qir,0.17505428552111862,1.0488628087405467,False
Hellegat:124:435:7,Hellegat:0:1,2010.0,2011.0,0,Paulina,Hellegat,qir,0.06617929148930686,1.1788017220178146,False
Hellegat:124:435:7,Hellegat:0:1,2011.0,2012.0,0,Paulina,Hellegat,qir,0.060775062505074834,1.0952215603894833,False
Hellegat:145:333:4,Hellegat:0:1,1998.0,2001.0,1,Paulina,Hellegat,qir,0.26888170717862925,1.3173414205177845,False
Hellegat:145:333:7,Hellegat:0:1,2008.0,2010.0,0,Paulina,Hellegat,qir,0.17824926335903382,1.3173414205177845,False
Hellegat:145:333:7,Hellegat:0:1,2010.0,2011.0,1,Paulina,Hellegat,qir,0.06790793240283453,1.4112309442216582,False
Hellegat:153:390:4,Hellegat:0:1,1998.0,2001.0,0,Paulina,Hellegat,qir,0.25024101898206647,0.7829630136489868,False
Hellegat:153:390:4,Hellegat:0:1,2001.0,2004.0,0,Paulina,Hellegat,qir,0.1688245105106902,0.8878553844750374,False
Hellegat:153:390:4,Hellegat:0:1,2004.0,2008.0,0,Paulina,Hellegat,qir,0.18874926066228653,0.7778720884570453,False
Hellegat:153:390:4,Hellegat:0:1,2008.0,2010.0,0,Paulina,Hellegat,qir,0.08921783110415378,0.8415689894900258,False
Hellegat:153:390:4,Hellegat:0:1,2010.0,2011.0,0,Paulina,Hellegat,qir,0.04383185106123139,0.871760791224346,False
Hellegat:153:390:4,Hellegat:0:1,2011.0,2012.0,0,Paulina,Hellegat,qir,0.043096234008216425,0.8930603965996727,False
Hellegat:139:366:4,Hellegat:0:1,1998.0,2001.0,0,Paulina,Hellegat,qir,0.2658637076366894,1.2057914291659022,False
Hellegat:139:366:4,Hellegat:0:1,2001.0,2004.0,0,Paulina,Hellegat,qir,0.18181563033663278,1.2358006925566003,False
Hellegat:139:366:4,Hellegat:0:1,2004.0,2008.0,1,Paulina,Hellegat,qir,0.2020356472841217,1.1523359548857348,False
Hellegat:139:366:8,Hellegat:0:1,2010.0,2011.0,0,Paulina,Hellegat,qir,0.09191166942452123,1.2057914291659022,False
Hellegat:139:366:8,Hellegat:0:1,2011.0,2012.0,0,Paulina,Hellegat,qir,0.07499790044548169,1.2174473700022577,False
Hellegat:96:329:8,Hellegat:0:1,2010.0,2011.0,0,Paulina,Hellegat,qir,0.10546881934005325,5.84633039406342,False
Hellegat:96:329:8,Hellegat:0:1,2011.0,2012.0,0,Paulina,Hellegat,qir,0.0872944652002477,5.82926771010244,False
Hellegat:118:348:4,Hellegat:0:1,1998.0,2001.0,0,Paulina,Hellegat,qir,0.27916186901467294,2.2473937535766284,False
Hellegat:118:348:4,Hellegat:0:1,2001.0,2004.0,0,Paulina,Hellegat,qir,0.19329696457633808,2.243161973960741,False
Hellegat:118:348:4,Hellegat:0:1,2004.0,2008.0,0,Paulina,Hellegat,qir,0.21513980806187094,2.1955043819428104,False
Hellegat:118:348:4,Hellegat:0:1,2008.0,2010.0,0,Paulina,Hellegat,qir,0.10152109636449022,2.2581441037477856,False
Hellegat:118:348:4,Hellegat:0:1,2010.0,2011.0,0,Paulina,Hellegat,qir,0.04981089519541063,2.2987128310847194,False
Hellegat:118:348:4,Hellegat:0:1,2011.0,2012.0,0,Paulina,Hellegat,qir,0.048803140288846775,2.313760472828826,False
Hellegat:141:336:4,Hellegat:0:1,1998.0,2001.0,0,Paulina,Hellegat,qir,0.27065120197759884,1.4191861085617559,False
Hellegat:141:336:4,Hellegat:0:1,2001.0,2004.0,0,Paulina,Hellegat,qir,0.18596813027552847,1.434759717656933,False
Hellegat:141:336:4,Hellegat:0:1,2004.0,2008.0,0,Paulina,Hellegat,qir,0.20682767473017366,1.3618869886391836,False
Hellegat:141:336:4,Hellegat:0:1,2008.0,2010.0,0,Paulina,Hellegat,qir,0.09731767276770067,1.4513413456836073,False
Hellegat:141:336:4,Hellegat:0:1,2010.0,2011.0,0,Paulina,Hellegat,qir,0.04768078593549969,1.490047817563629,False
Hellegat:141:336:4,Hellegat:0:1,2011.0,2012.0,0,Paulina,Hellegat,qir,0.04671153647853861,1.5128440523174453,False
Hellegat:137:349:4,Hellegat:0:1,1998.0,2001.0,1,Paulina,Hellegat,qir,0.2718776465309891,1.4191861085617559,False
Hellegat:137:349:6,Hellegat:0:1,2004.0,2008.0,0,Paulina,Hellegat,qir,0.33174986838999865,1.4191861085617559,False
Hellegat:137:349:6,Hellegat:0:1,2008.0,2010.0,0,Paulina,Hellegat,qir,0.117653493317875,1.3818844999441375,False
Hellegat:137:349:6,Hellegat:0:1,2010.0,2011.0,0,Paulina,Hellegat,qir,0.055109202770142245,1.3618869886391836,False
Hellegat:137:349:6,Hellegat:0:1,2011.0,2012.0,0,Paulina,Hellegat,qir,0.05303643912932697,1.3746017295772748,False
Hellegat:100:345:4,Hellegat:0:1,1998.0,2001.0,0,Paulina,Hellegat,qir,0.29439568348873096,3.9639624504350963,False
Hellegat:100:345:4,Hellegat:0:1,2001.0,2004.0,0,Paulina,Hellegat,qir,0.20550163530328464,3.9534556755038595,False
Hellegat:100:345:4,Hellegat:0:1,2004.0,2008.0,0,Paulina,Hellegat,qir,0.22812557608105616,3.926137709182535,False
Hellegat:100:345:4,Hellegat:0:1,2008.0,2010.0,0,Paulina,Hellegat,qir,0.10770231503103826,3.963199135116426,False
Hellegat:100:345:4,Hellegat:0:1,2010.0,2011.0,0,Paulina,Hellegat,qir,0.05273089227074291,3.9900680885861712,False
Hellegat:100:345:4,Hellegat:0:1,2011.0,2012.0,0,Paulina,Hellegat,qir,0.05152031932382747,4.004214108581602,False
Hellegat:126:342:5,Hellegat:0:1,2001.0,2004.0,0,Paulina,Hellegat,qir,0.2722331555575336,1.944793806396122,False
Hellegat:126:342:5,Hellegat:0:1,2004.0,2008.0,1,Paulina,Hellegat,qir,0.24378841811272542,1.943790055067486,False
Hellegat:126:342:8,Hellegat:0:1,2010.0,2011.0,0,Paulina,Hellegat,qir,0.0965758901177499,1.944793806396122,False
Hellegat:126:342:8,Hellegat:0:1,2011.0,2012.0,0,Paulina,Hellegat,qir,0.07937654275477223,1.9282462951533301,False
Hellegat:134:375:5,Hellegat:0:1,2001.0,2004.0,0,Paulina,Hellegat,qir,0.26364865901402357,1.287725777666267,False
Hellegat:134:375:5,Hellegat:0:1,2004.0,2008.0,0,Paulina,Hellegat,qir,0.2341668691964428,1.310707600519637,False
Hellegat:134:375:5,Hellegat:0:1,2008.0,2010.0,0,Paulina,Hellegat,qir,0.10392889763707529,1.2448534266399804,False
Hellegat:134:375:5,Hellegat:0:1,2010.0,2011.0,0,Paulina,Hellegat,qir,0.05011804242605524,1.2954314240567348,False
Hellegat:134:375:5,Hellegat:0:1,2011.0,2012.0,0,Paulina,Hellegat,qir,0.048778999873624246,1.3211224044794578,False
Hellegat:165:400:8,Hellegat:0:1,2010.0,2011.0,1,Paulina,Hellegat,qir,0.08360500160380949,0.43878076076507566,True
Hellegat:175:367:8,Hellegat:0:1,2010.0,2011.0,0,Paulina,Hellegat,qir,0.08523411304079734,0.43878076076507566,True
Hellegat:175:367:8,Hellegat:0:1,2011.0,2012.0,1,Paulina,Hellegat,qir,0.0681627513662954,0.6921061995468528,False
Hellegat:107:356:1,Hellegat:0:1,1982.0,1993.0,0,Paulina,Hellegat,qir,0.7544304721529966,2.8764717471870953,False
Hellegat:107:356:1,Hellegat:0:1,1993.0,1996.0,0,Paulina,Hellegat,qir,0.16951431028732097,2.897888313538666,False
Hellegat:107:356:1,Hellegat:0:1,1996.0,1998.0,0,Paulina,Hellegat,qir,0.10682229553902833,2.9433180962886274,False
Hellegat:107:356:1,Hellegat:0:1,1998.0,2001.0,0,Paulina,Hellegat,qir,0.14712375989042667,2.968999135983119,False
Hellegat:107:356:1,Hellegat:0:1,2001.0,2004.0,0,Paulina,Hellegat,qir,0.13911054872498974,3.0009917009871243,False
Hellegat:107:356:1,Hellegat:0:1,2004.0,2008.0,0,Paulina,Hellegat,qir,0.1737862865744482,3.031024416856081,False
Hellegat:107:356:1,Hellegat:0:1,2008.0,2010.0,0,Paulina,Hellegat,qir,0.08754210273868122,3.073185436907292,False
Hellegat:107:356:1,Hellegat:0:1,2010.0,2011.0,0,Paulina,Hellegat,qir,0.043877548228230846,3.094544732434752,False
Hellegat:107:356:1,Hellegat:0:1,2011.0,2012.0,0,Paulina,Hellegat,qir,0.04341812779365276,3.1052184747864944,False
Hellegat:121:345:4,Hellegat:0:1,1998.0,2001.0,0,Paulina,Hellegat,qir,0.2799175399649006,2.189758169644691,False
Hellegat:121:345:4,Hellegat:0:1,2001.0,2004.0,0,Paulina,Hellegat,qir,0.19367083355914141,2.185555478403959,False
Hellegat:121:345:4,Hellegat:0:1,2004.0,2008.0,0,Paulina,Hellegat,qir,0.2154236500557422,2.1366812587393254,False
Hellegat:121:345:4,Hellegat:0:1,2008.0,2010.0,0,Paulina,Hellegat,qir,0.10162071338171644,2.2007662541706616,False
Hellegat:121:345:4,Hellegat:0:1,2010.0,2011.0,0,Paulina,Hellegat,qir,0.0498470220459143,2.2422852922053806,False
Hellegat:121:345:4,Hellegat:0:1,2011.0,2012.0,0,Paulina,Hellegat,qir,0.048821775386725115,2.2577056534167528,False
Hellegat:142:386:3,Hellegat:0:1,1996.0,1998.0,1,Paulina,Hellegat,qir,0.18709320352616818,1.0488628087405467,False
Hellegat:142:386:5,Hellegat:0:1,2001.0,2004.0,0,Paulina,Hellegat,qir,0.2542825576668855,1.0488628087405467,False
Hellegat:142:386:5,Hellegat:0:1,2004.0,2008.0,1,Paulina,Hellegat,qir,0.22498249954104296,1.0952215603894833,False
Hellegat:142:386:8,Hellegat:0:1,2010.0,2011.0,0,Paulina,Hellegat,qir,0.09004898535669316,1.0488628087405467,False
Hellegat:142:386:8,Hellegat:0:1,2011.0,2012.0,0,Paulina,Hellegat,qir,0.07333532972531309,1.0777140193217525,False
Hellegat:110:373:2,Hellegat:0:1,1993.0,1996.0,0,Paulina,Hellegat,qir,0.30185877580174425,2.189758169644691,False
Hellegat:110:373:2,Hellegat:0:1,1996.0,1998.0,0,Paulina,Hellegat,qir,0.14403444752532146,2.185555478403959,False
Hellegat:110:373:2,Hellegat:0:1,1998.0,2001.0,0,Paulina,Hellegat,qir,0.1831205987810908,2.1359999671209158,False
Hellegat:110:373:2,Hellegat:0:1,2001.0,2004.0,0,Paulina,Hellegat,qir,0.16279028486101849,2.1610340103844385,False
Hellegat:110:373:2,Hellegat:0:1,2004.0,2008.0,0,Paulina,Hellegat,qir,0.19495269030811463,2.2234086306728726,False
Hellegat:110:373:2,Hellegat:0:1,2008.0,2010.0,0,Paulina,Hellegat,qir,0.09540762274759437,2.2897098172508,False
Hellegat:110:373:2,Hellegat:0:1,2010.0,2011.0,0,Paulina,Hellegat,qir,0.047240167633406466,2.315641118082847,False
Hellegat:110:373:2,Hellegat:0:1,2011.0,2012.0,0,Paulina,Hellegat,qir,0.04641100687489771,2.3273292008629554,False
Hellegat:153:603:2,Hellegat:0:2,1993.0,1996.0,0,Paulina,Hellegat,qir,0.23048142438032923,0.17127604484558107,True
Hellegat:153:603:2,Hellegat:0:2,1996.0,1998.0,0,Paulina,Hellegat,qir,0.09648665297829155,0.3563285675812623,True
Hellegat:153:603:2,Hellegat:0:2,1998.0,2001.0,0,Paulina,Hellegat,qir,0.12397223146228097,0.5466577455856587,False
Hellegat:153:603:2,Hellegat:0:2,2001.0,2004.0,0,Paulina,Hellegat,qir,0.11234006573139386,0.5596099926780789,False
Hellegat:153:603:2,Hellegat:0:2,2004.0,2008.0,0,Paulina,Hellegat,qir,0.13951926483749683,0.46154845410705986,True
Hellegat:153:603:2,Hellegat:0:2,2008.0,2010.0,0,Paulina,Hellegat,qir,0.06968101360238545,0.47697148743108364,True
Hellegat:153:603:2,Hellegat:0:2,2010.0,2011.0,0,Paulina,Hellegat,qir,0.03496077669842779,0.53970771697836,False
Hellegat:153:603:2,Hellegat:0:2,2011.0,2012.0,0,Paulina,Hellegat,qir,0.034725452462694505,0.5762561548534425,False
Hellegat:130:648:8,Hellegat:0:2,2010.0,2011.0,0,Paulina,Hellegat,qir,0.07771401844462189,0.20946190357208253,True
Hellegat:130:648:8,Hellegat:0:2,2011.0,2012.0,0,Paulina,Hellegat,qir,0.05994663135083071,0.4143383440046032,True
Hellegat:186:577:1,Hellegat:0:2,1982.0,1993.0,0,Paulina,Hellegat,qir,0.6074482361410285,0.015070533752441407,True
Hellegat:186:577:1,Hellegat:0:2,1993.0,1996.0,0,Paulina,Hellegat,qir,0.1060850160448133,0.34865513429312883,True
Hellegat:186:577:1,Hellegat:0:2,1996.0,1998.0,0,Paulina,Hellegat,qir,0.06807096314274826,0.415155811688997,True
Hellegat:186:577:1,Hellegat:0:2,1998.0,2001.0,0,Paulina,Hellegat,qir,0.09801127273869066,0.4387807449167617,True
Hellegat:186:577:1,Hellegat:0:2,2001.0,2004.0,0,Paulina,Hellegat,qir,0.09608386120605393,0.49886464243234113,True
Hellegat:186:577:1,Hellegat:0:2,2004.0,2008.0,0,Paulina,Hellegat,qir,0.12474637961040623,0.5840796184788011,False
Hellegat:186:577:1,Hellegat:0:2,2008.0,2010.0,0,Paulina,Hellegat,qir,0.06397169516146405,0.7049986468337122,False
Hellegat:186:577:1,Hellegat:0:2,2010.0,2011.0,0,Paulina,Hellegat,qir,0.03240440384322375,0.7640034048511077,False
Hellegat:186:577:1,Hellegat:0:2,2011.0,2012.0,0,Paulina,Hellegat,qir,0.032343817484697245,0.7928013080816295,False
Hellegat:178:676:2,Hellegat:0:2,1993.0,1996.0,0,Paulina,Hellegat,qir,0.22187536483426326,0.0312614917755127,True
Hellegat:178:676:2,Hellegat:0:2,1996.0,1998.0,0,Paulina,Hellegat,qir,0.08602648269646038,0.19815961122512818,True
Hellegat:178:676:2,Hellegat:0:2,1998.0,2001.0,0,Paulina,Hellegat,qir,0.11037256275393556,0.18725998022226803,True
Hellegat:178:676:2,Hellegat:0:2,2001.0,2004.0,0,Paulina,Hellegat,qir,0.10026721359494307,0.24644690490311838,True
Hellegat:178:676:2,Hellegat:0:2,2004.0,2008.0,0,Paulina,Hellegat,qir,0.1255012654770726,0.13445032185183686,True
Hellegat:178:676:2,Hellegat:0:2,2008.0,2010.0,0,Paulina,Hellegat,qir,0.06287687413427478,0.09168020086576716,True
Hellegat:178:676:2,Hellegat:0:2,2010.0,2011.0,0,Paulina,Hellegat,qir,0.03162002622721638,0.16865113745993243,True
Hellegat:178:676:2,Hellegat:0:2,2011.0,2012.0,0,Paulina,Hellegat,qir,0.03147634354387491,0.21793241562505053,True
Hellegat:185:663:5,Hellegat:0:2,2001.0,2004.0,0,Paulina,Hellegat,qir,0.2014306253067469,0.0753535807132721,True
Hellegat:185:663:5,Hellegat:0:2,2004.0,2008.0,0,Paulina,Hellegat,qir,0.15527059946693844,0.18315016170963644,True
Hellegat:185:663:5,Hellegat:0:2,2008.0,2010.0,0,Paulina,Hellegat,qir,0.06803197046979718,0.2857223646308731,True
Hellegat:185:663:5,Hellegat:0:2,2010.0,2011.0,0,Paulina,Hellegat,qir,0.03329979111950783,0.24708772056068953,True
Hellegat:185:663:5,Hellegat:0:2,2011.0,2012.0,0,Paulina,Hellegat,qir,0.03282277697427968,0.20670516658073076,True
Hellegat:162:637:2,Hellegat:0:2,1993.0,1996.0,0,Paulina,Hellegat,qir,0.22714987180299281,0.04521160125732422,True
Hellegat:162:637:2,Hellegat:0:2,1996.0,1998.0,0,Paulina,Hellegat,qir,0.09134343921058673,0.17514593601226808,True
Hellegat:162:637:2,Hellegat:0:2,1998.0,2001.0,0,Paulina,Hellegat,qir,0.11697511722954532,0.43242982182909256,True
Hellegat:162:637:2,Hellegat:0:2,2001.0,2004.0,0,Paulina,Hellegat,qir,0.10615776998631013,0.37563675381864065,True
Hellegat:162:637:2,Hellegat:0:2,2004.0,2008.0,0,Paulina,Hellegat,qir,0.13239805304487,0.4113371658110818,True
Hellegat:162:637:2,Hellegat:0:2,2008.0,2010.0,0,Paulina,Hellegat,qir,0.06627845124539838,0.49419999975479634,True
Hellegat:162:637:2,Hellegat:0:2,2010.0,2011.0,0,Paulina,Hellegat,qir,0.033312196501303265,0.5257569905642662,False
Hellegat:162:637:2,Hellegat:0:2,2011.0,2012.0,0,Paulina,Hellegat,qir,0.03313971832379546,0.543603940846622,False
Hellegat:156:686:5,Hellegat:0:2,2001.0,2004.0,0,Paulina,Hellegat,qir,0.2076479617456311,0.0,True
Hellegat:156:686:5,Hellegat:0:2,2004.0,2008.0,0,Paulina,Hellegat,qir,0.16248978383215265,0.04755412340164185,True
Hellegat:156:686:5,Hellegat:0:2,2008.0,2010.0,0,Paulina,Hellegat,qir,0.07101917204672947,0.2330885539331736,True
Hellegat:156:686:5,Hellegat:0:2,2010.0,2011.0,0,Paulina,Hellegat,qir,0.03466125417692545,0.17423326407743897,True
Hellegat:156:686:5,Hellegat:0:2,2011.0,2012.0,0,Paulina,Hellegat,qir,0.034104939703179175,0.19171598381611005,True
Hellegat:176:688:3,Hellegat:0:2,1996.0,1998.0,0,Paulina,Hellegat,qir,0.14696631097379004,0.0753535807132721,True
Hellegat:176:688:3,Hellegat:0:2,1998.0,2001.0,0,Paulina,Hellegat,qir,0.13496210573606318,0.10793883204460145,True
Hellegat:176:688:3,Hellegat:0:2,2001.0,2004.0,0,Paulina,Hellegat,qir,0.10831050099112544,0.2223289440739676,True
Hellegat:176:688:3,Hellegat:0:2,2004.0,2008.0,0,Paulina,Hellegat,qir,0.1300767553749086,0.29116290264771305,True
Hellegat:176:688:3,Hellegat:0:2,2008.0,2010.0,0,Paulina,Hellegat,qir,0.06383694165464338,0.17927924522878663,True
Hellegat:176:688:3,Hellegat:0:2,2010.0,2011.0,0,Paulina,Hellegat,qir,0.031911380567823985,0.16161319919358705,True
Hellegat:176:688:3,Hellegat:0:2,2011.0,2012.0,0,Paulina,Hellegat,qir,0.03169010191504461,0.16161319919358705,True
Hellegat:157:671:2,Hellegat:0:2,1993.0,1996.0,0,Paulina,Hellegat,qir,0.22888825963688675,0.015681731700897216,True
Hellegat:157:671:2,Hellegat:0:2,1996.0,1998.0,0,Paulina,Hellegat,qir,0.09097915145914585,0.048470914363861084,True
Hellegat:157:671:2,Hellegat:0:2,1998.0,2001.0,0,Paulina,Hellegat,qir,0.11603122796244429,0.3491837163315463,True
Hellegat:157:671:2,Hellegat:0:2,2001.0,2004.0,0,Paulina,Hellegat,qir,0.10498196487749452,0.24365947286153075,True
Hellegat:157:671:2,Hellegat:0:2,2004.0,2008.0,0,Paulina,Hellegat,qir,0.13078634790709556,0.2756208367325459,True
Hellegat:157:671:2,Hellegat:0:2,2008.0,2010.0,0,Paulina,Hellegat,qir,0.06542180377464761,0.34566074936032287,True
Hellegat:157:671:2,Hellegat:0:2,2010.0,2011.0,0,Paulina,Hellegat,qir,0.03286041476520047,0.37420303491225,True
Hellegat:157:671:2,Hellegat:0:2,2011.0,2012.0,0,Paulina,Hellegat,qir,0.03268188967312282,0.3988351926834176,True
Hellegat:164:868:4,Hellegat:0:3,1998.0,2001.0,0,Paulina,Hellegat,qir,0.20623859625392227,0.0,True
Hellegat:164:868:4,Hellegat:0:3,2001.0,2004.0,0,Paulina,Hellegat,qir,0.11953304977830949,0.0,True
Hellegat:164:868:4,Hellegat:0:3,2004.0,2008.0,0,Paulina,Hellegat,qir,0.13501121380155165,0.4037136037401995,True
Hellegat:164:868:4,Hellegat:0:3,2008.0,2010.0,0,Paulina,Hellegat,qir,0.06440878464044714,0.3187751716983591,True
Hellegat:164:868:4,Hellegat:0:3,2010.0,2011.0,0,Paulina,Hellegat,qir,0.031967885790254245,0.23737478642534113,True
Hellegat:164:868:4,Hellegat:0:3,2011.0,2012.0,0,Paulina,Hellegat,qir,0.031659308044602846,0.2179156114522529,True
Hellegat:141:886:2,Hellegat:0:3,1993.0,1996.0,0,Paulina,Hellegat,qir,0.22377488276696753,0.03421460390090943,True
Hellegat:141:886:2,Hellegat:0:3,1996.0,1998.0,0,Paulina,Hellegat,qir,0.08658611070364075,0.05203492045402527,True
Hellegat:141:886:2,Hellegat:0:3,1998.0,2001.0,0,Paulina,Hellegat,qir,0.11073155605994707,0.400142363169131,True
Hellegat:141:886:2,Hellegat:0:3,2001.0,2004.0,0,Paulina,Hellegat,qir,0.10051770609655088,0.41165332636862645,True
Hellegat:141:886:2,Hellegat:0:3,2004.0,2008.0,0,Paulina,Hellegat,qir,0.12495596553237052,0.21391056583689436,True
Hellegat:141:886:2,Hellegat:0:3,2008.0,2010.0,0,Paulina,Hellegat,qir,0.062186169685637165,0.27952350473755594,True
Hellegat:141:886:2,Hellegat:0:3,2010.0,2011.0,0,Paulina,Hellegat,qir,0.031142427090511206,0.3574967450796801,True
Hellegat:141:886:2,Hellegat:0:3,2011.0,2012.0,0,Paulina,Hellegat,qir,0.03093734218172316,0.3980534980212077,True
Hellegat:124:919:5,Hellegat:0:3,2001.0,2004.0,0,Paulina,Hellegat,qir,0.20966292255002675,0.03564063310623169,True
Hellegat:124:919:5,Hellegat:0:3,2004.0,2008.0,0,Paulina,Hellegat,qir,0.15822182222683767,0.06985523700714111,True
Hellegat:124:919:5,Hellegat:0:3,2008.0,2010.0,0,Paulina,Hellegat,qir,0.06890097820692913,0.46930265677941146,True
Hellegat:124:919:5,Hellegat:0:3,2010.0,2011.0,0,Paulina,Hellegat,qir,0.03353249101278462,0.3213539762487862,True
Hellegat:124:919:5,Hellegat:0:3,2011.0,2012.0,1,Paulina,Hellegat,qir,0.03293024301441808,0.24722809398575993,True
Hellegat:144:852:2,Hellegat:0:3,1993.0,1996.0,0,Paulina,Hellegat,qir,0.22276917714200825,0.1126223474740982,True
Hellegat:144:852:2,Hellegat:0:3,1996.0,1998.0,0,Paulina,Hellegat,qir,0.08609542839601791,0.13166445195674897,True
Hellegat:144:852:2,Hellegat:0:3,1998.0,2001.0,0,Paulina,Hellegat,qir,0.10997267471871411,0.3787209848391988,True
Hellegat:144:852:2,Hellegat:0:3,2001.0,2004.0,0,Paulina,Hellegat,qir,0.09978367341827592,0.4016919737992586,True
Hellegat:144:852:2,Hellegat:0:3,2004.0,2008.0,0,Paulina,Hellegat,qir,0.12432679935639808,0.21382032488274536,True
Hellegat:144:852:2,Hellegat:0:3,2008.0,2010.0,0,Paulina,Hellegat,qir,0.06200059183879142,0.21827095707295308,True
Hellegat:144:852:2,Hellegat:0:3,2010.0,2011.0,0,Paulina,Hellegat,qir,0.03109732443631128,0.29924407361374405,True
Hellegat:144:852:2,Hellegat:0:3,2011.0,2012.0,0,Paulina,Hellegat,qir,0.030918934324311958,0.3448263836972393,True
Hellegat:139:890:6,Hellegat:0:3,2004.0,2008.0,0,Paulina,Hellegat,qir,0.2634608778359363,0.03421460390090943,True
Hellegat:139:890:6,Hellegat:0:3,2008.0,2010.0,0,Paulina,Hellegat,qir,0.07584045848613444,0.23692041579473094,True
Hellegat:139:890:6,Hellegat:0:3,2010.0,2011.0,0,Paulina,Hellegat,qir,0.03542521421611771,0.4985871017898906,True
Hellegat:139:890:6,Hellegat:0:3,2011.0,2012.0,0,Paulina,Hellegat,qir,0.03437897153375773,0.48248934611945093,True
Hellegat:161:907:2,Hellegat:0:3,1993.0,1996.0,1,Paulina,Hellegat,qir,0.21986270336646602,0.0810558557510376,True
Hellegat:161:907:4,Hellegat:0:3,1998.0,2001.0,0,Paulina,Hellegat,qir,0.20951080548920575,0.0810558557510376,True
Hellegat:161:907:4,Hellegat:0:3,2001.0,2004.0,0,Paulina,Hellegat,qir,0.12182309043774892,0.18176501989364624,True
Hellegat:161:907:4,Hellegat:0:3,2004.0,2008.0,0,Paulina,Hellegat,qir,0.13735787290119328,0.3356880615835763,True
Hellegat:161:907:4,Hellegat:0:3,2008.0,2010.0,0,Paulina,Hellegat,qir,0.06538867470870745,0.23721901897273492,True
Hellegat:161:907:4,Hellegat:0:3,2010.0,2011.0,0,Paulina,Hellegat,qir,0.0324172262923443,0.09347457544793629,True
Hellegat:161:907:4,Hellegat:0:3,2011.0,2012.0,0,Paulina,Hellegat,qir,0.03208543579148305,0.09289508148646439,True
Hellegat:145:878:4,Hellegat:0:3,1998.0,2001.0,1,Paulina,Hellegat,qir,0.21058412324681144,0.08339746594429016,True
Hellegat:145:878:6,Hellegat:0:3,2004.0,2008.0,0,Paulina,Hellegat,qir,0.26294642364746196,0.08339746594429016,True
Hellegat:145:878:6,Hellegat:0:3,2008.0,2010.0,0,Paulina,Hellegat,qir,0.07567279880445812,0.25592263011718785,True
Hellegat:145:878:6,Hellegat:0:3,2010.0,2011.0,0,Paulina,Hellegat,qir,0.03537418858069173,0.4901168405121018,True
Hellegat:145:878:6,Hellegat:0:3,2011.0,2012.0,0,Paulina,Hellegat,qir,0.03434339073892208,0.4860847440587118,True
Hellegat:157:873:4,Hellegat:0:3,1998.0,2001.0,1,Paulina,Hellegat,qir,0.2071264839544753,0.08757203817367554,True
Hellegat:157:873:6,Hellegat:0:3,2004.0,2008.0,0,Paulina,Hellegat,qir,0.2614250336758245,0.08757203817367554,True
Hellegat:157:873:6,Hellegat:0:3,2008.0,2010.0,0,Paulina,Hellegat,qir,0.07546774503754855,0.2436040632893878,True
Hellegat:157:873:6,Hellegat:0:3,2010.0,2011.0,0,Paulina,Hellegat,qir,0.03535046587622556,0.4410990590309825,True
Hellegat:157:873:6,Hellegat:0:3,2011.0,2012.0,0,Paulina,Hellegat,qir,0.03435581575517739,0.4593832613062789,True
Hellegat:142:893:4,Hellegat:0:3,1998.0,2001.0,0,Paulina,Hellegat,qir,0.20987609965146206,0.08339746594429016,True
Hellegat:142:893:4,Hellegat:0:3,2001.0,2004.0,0,Paulina,Hellegat,qir,0.12077907019524195,0.10121778249740601,True
Hellegat:142:893:4,Hellegat:0:3,2004.0,2008.0,0,Paulina,Hellegat,qir,0.13561666636725267,0.4901168405121018,True
Hellegat:142:893:4,Hellegat:0:3,2008.0,2010.0,0,Paulina,Hellegat,qir,0.06456497414362991,0.2859348216836476,True
Hellegat:142:893:4,Hellegat:0:3,2010.0,2011.0,0,Paulina,Hellegat,qir,0.0319970984298723,0.24305303860369998,True
Hellegat:142:893:4,Hellegat:0:3,2011.0,2012.0,0,Paulina,Hellegat,qir,0.0316629031074737,0.25820332885998276,True
Hellegat:140:885:2,Hellegat:0:3,1993.0,1996.0,0,Paulina,Hellegat,qir,0.2249674736709796,0.03421460390090943,True
Hellegat:140:885:2,Hellegat:0:3,1996.0,1998.0,0,Paulina,Hellegat,qir,0.0871072601153739,0.05203492045402527,True
Hellegat:140:885:2,Hellegat:0:3,1998.0,2001.0,0,Paulina,Hellegat,qir,0.1113044702123524,0.400142363169131,True
Hellegat:140:885:2,Hellegat:0:3,2001.0,2004.0,0,Paulina,Hellegat,qir,0.1009034093388554,0.41165332636862645,True
Hellegat:140:885:2,Hellegat:0:3,2004.0,2008.0,0,Paulina,Hellegat,qir,0.1253352828712498,0.21391056583689436,True
Hellegat:140:885:2,Hellegat:0:3,2008.0,2010.0,0,Paulina,Hellegat,qir,0.062327410100869146,0.27952350473755594,True
Hellegat:140:885:2,Hellegat:0:3,2010.0,2011.0,0,Paulina,Hellegat,qir,0.03119542589251033,0.3574967450796801,True
Hellegat:140:885:2,Hellegat:0:3,2011.0,2012.0,0,Paulina,Hellegat,qir,0.030978174055595487,0.3980534980212077,True
Hellegat:328:117:8,Hellegat:1:0,2010.0,2011.0,0,Paulina,Hellegat,qir,0.07172892284799418,0.0312614917755127,True
Hellegat:328:117:8,Hellegat:1:0,2011.0,2012.0,0,Paulina,Hellegat,qir,0.0533205987837632,0.35868165750134756,True
Hellegat:388:151:8,Hellegat:1:0,2010.0,2011.0,1,Paulina,Hellegat,qir,0.07700364288941569,0.44713205099105835,True
Hellegat:358:135:2,Hellegat:1:0,1993.0,1996.0,0,Paulina,Hellegat,qir,0.21726104610793812,0.14632801413536073,True
Hellegat:358:135:2,Hellegat:1:0,1996.0,1998.0,0,Paulina,Hellegat,qir,0.08404548917243447,0.14968838691711425,True
Hellegat:358:135:2,Hellegat:1:0,1998.0,2001.0,0,Paulina,Hellegat,qir,0.10871235111113886,0.4138830191803094,True
Hellegat:358:135:2,Hellegat:1:0,2001.0,2004.0,0,Paulina,Hellegat,qir,0.09903718067279658,0.43762782348612383,True
Hellegat:358:135:2,Hellegat:1:0,2004.0,2008.0,0,Paulina,Hellegat,qir,0.12385233827307793,0.26970443101313235,True
Hellegat:358:135:2,Hellegat:1:0,2008.0,2010.0,0,Paulina,Hellegat,qir,0.06179659792439098,0.31372118128472193,True
Hellegat:358:135:2,Hellegat:1:0,2010.0,2011.0,0,Paulina,Hellegat,qir,0.030994958088027682,0.3720052834507637,True
Hellegat:358:135:2,Hellegat:1:0,2011.0,2012.0,0,Paulina,Hellegat,qir,0.03082656457877868,0.40545823074748333,True
Hellegat:371:160:4,Hellegat:1:0,1998.0,2001.0,0,Paulina,Hellegat,qir,0.21253148461376942,0.09714547395706177,True
Hellegat:371:160:4,Hellegat:1:0,2001.0,2004.0,0,Paulina,Hellegat,qir,0.1240074826655716,0.2156083444747255,True
Hellegat:371:160:4,Hellegat:1:0,2004.0,2008.0,0,Paulina,Hellegat,qir,0.13981969617354062,0.3653504692277475,True
Hellegat:371:160:4,Hellegat:1:0,2008.0,2010.0,0,Paulina,Hellegat,qir,0.06647058707418917,0.275973819036624,True
Hellegat:371:160:4,Hellegat:1:0,2010.0,2011.0,0,Paulina,Hellegat,qir,0.032911117155185285,0.16611313749058493,True
Hellegat:371:160:4,Hellegat:1:0,2011.0,2012.0,0,Paulina,Hellegat,qir,0.03255525899755255,0.14131215718964496,True
Hellegat:349:136:3,Hellegat:1:0,1996.0,1998.0,0,Paulina,Hellegat,qir,0.14609998449614017,0.03564063310623169,True
Hellegat:349:136:3,Hellegat:1:0,1998.0,2001.0,0,Paulina,Hellegat,qir,0.13324431852749236,0.05203492045402527,True
Hellegat:349:136:3,Hellegat:1:0,2001.0,2004.0,0,Paulina,Hellegat,qir,0.10728355538349227,0.3826112089103303,True
Hellegat:349:136:3,Hellegat:1:0,2004.0,2008.0,1,Paulina,Hellegat,qir,0.12892136475189225,0.39828536866730924,True
Hellegat:349:136:8,Hellegat:1:0,2010.0,2011.0,0,Paulina,Hellegat,qir,0.07194152847967196,0.03564063310623169,True
Hellegat:349:136:8,Hellegat:1:0,2011.0,2012.0,1,Paulina,Hellegat,qir,0.05277725663072477,0.37562677217647433,True
Hellegat:361:429:7,Hellegat:1:1,2008.0,2010.0,0,Paulina,Hellegat,qir,0.16003878016971226,1.4448758137846403,False
Hellegat:361:429:7,Hellegat:1:1,2010.0,2011.0,0,Paulina,Hellegat,qir,0.05634927271458042,1.4287560459933506,False
Hellegat:361:429:7,Hellegat:1:1,2011.0,2012.0,0,Paulina,Hellegat,qir,0.051670551830707394,1.45683045662179,False
Hellegat:325:347:4,Hellegat:1:1,1998.0,2001.0,0,Paulina,Hellegat,qir,0.20547627558285378,0.0810558557510376,True
Hellegat:325:347:4,Hellegat:1:1,2001.0,2004.0,0,Paulina,Hellegat,qir,0.12011313047297613,0.18176501989364624,True
Hellegat:325:347:4,Hellegat:1:1,2004.0,2008.0,0,Paulina,Hellegat,qir,0.13607474333992384,0.3356880615835763,True
Hellegat:325:347:4,Hellegat:1:1,2008.0,2010.0,0,Paulina,Hellegat,qir,0.06489708726530337,0.23721901897273492,True
Hellegat:325:347:4,Hellegat:1:1,2010.0,2011.0,0,Paulina,Hellegat,qir,0.0322039244121059,0.09347457544793629,True
Hellegat:325:347:4,Hellegat:1:1,2011.0,2012.0,0,Paulina,Hellegat,qir,0.03188507201476073,0.09289508148646439,True
Hellegat:382:443:7,Hellegat:1:1,2008.0,2010.0,0,Paulina,Hellegat,qir,0.17138162029619908,2.1509338901189103,False
Hellegat:382:443:7,Hellegat:1:1,2010.0,2011.0,0,Paulina,Hellegat,qir,0.06350734281439666,2.1397558584642775,False
Hellegat:382:443:7,Hellegat:1:1,2011.0,2012.0,0,Paulina,Hellegat,qir,0.05868715920242449,2.1589203494189024,False
Hellegat:325:424:5,Hellegat:1:1,2001.0,2004.0,0,Paulina,Hellegat,qir,0.2110538328888969,0.37025147676467896,True
Hellegat:325:424:5,Hellegat:1:1,2004.0,2008.0,0,Paulina,Hellegat,qir,0.1641777660922902,0.41814048860895925,True
Hellegat:325:424:5,Hellegat:1:1,2008.0,2010.0,0,Paulina,Hellegat,qir,0.0719547123625167,0.6182557535162428,False
Hellegat:325:424:5,Hellegat:1:1,2010.0,2011.0,0,Paulina,Hellegat,qir,0.035074351184282364,0.5856894210394918,False
Hellegat:325:424:5,Hellegat:1:1,2011.0,2012.0,0,Paulina,Hellegat,qir,0.034472604021112796,0.5333365278095827,False
Hellegat:384:391:8,Hellegat:1:1,2010.0,2011.0,0,Paulina,Hellegat,qir,0.08726523144193933,1.8703428576934376,False
Hellegat:384:391:8,Hellegat:1:1,2011.0,2012.0,0,Paulina,Hellegat,qir,0.06864195496398845,1.8674890548941463,False
Hellegat:404:623:2,Hellegat:1:2,1993.0,1996.0,0,Paulina,Hellegat,qir,0.3078151529343519,4.215167780404022,False
Hellegat:404:623:2,Hellegat:1:2,1996.0,1998.0,0,Paulina,Hellegat,qir,0.16319516084831504,4.1919567912544125,False
Hellegat:404:623:2,Hellegat:1:2,1998.0,2001.0,0,Paulina,Hellegat,qir,0.2162793762452607,4.172895458161642,False
Hellegat:404:623:2,Hellegat:1:2,2001.0,2004.0,0,Paulina,Hellegat,qir,0.2015041262478045,4.153333138347185,False
Hellegat:404:623:2,Hellegat:1:2,2004.0,2008.0,0,Paulina,Hellegat,qir,0.24771619810541434,4.163715476337828,False
Hellegat:404:623:2,Hellegat:1:2,2008.0,2010.0,0,Paulina,Hellegat,qir,0.1266362614161083,4.183442038995625,False
Hellegat:404:623:2,Hellegat:1:2,2010.0,2011.0,0,Paulina,Hellegat,qir,0.06417424439349094,4.192442294411401,False
Hellegat:404:623:2,Hellegat:1:2,2011.0,2012.0,0,Paulina,Hellegat,qir,0.06356165821982167,4.197707823705636,False
Hellegat:404:600:2,Hellegat:1:2,1993.0,1996.0,1,Paulina,Hellegat,qir,0.3029601863306701,4.028318794084296,False
Hellegat:404:600:4,Hellegat:1:2,1998.0,2001.0,0,Paulina,Hellegat,qir,0.2909167822922937,4.028318794084296,False
Hellegat:404:600:4,Hellegat:1:2,2001.0,2004.0,0,Paulina,Hellegat,qir,0.22347151167174858,4.005704024713368,False
Hellegat:404:600:4,Hellegat:1:2,2004.0,2008.0,0,Paulina,Hellegat,qir,0.2610388256473383,3.990990456770382,False
Hellegat:404:600:4,Hellegat:1:2,2008.0,2010.0,0,Paulina,Hellegat,qir,0.12997707875682302,3.9885320216742812,False
Hellegat:404:600:4,Hellegat:1:2,2010.0,2011.0,0,Paulina,Hellegat,qir,0.06530991139364188,3.9977742544838066,False
Hellegat:404:600:4,Hellegat:1:2,2011.0,2012.0,0,Paulina,Hellegat,qir,0.06444127123007337,4.0000594777012,False
Hellegat:416:638:4,Hellegat:1:2,1998.0,2001.0,1,Paulina,Hellegat,qir,0.30228114986136523,4.70079220661186,False
Hellegat:416:638:6,Hellegat:1:2,2004.0,2008.0,0,Paulina,Hellegat,qir,0.3784460263656138,4.70079220661186,False
Hellegat:416:638:6,Hellegat:1:2,2008.0,2010.0,0,Paulina,Hellegat,qir,0.1618666676860948,4.639390724816231,False
Hellegat:416:638:6,Hellegat:1:2,2010.0,2011.0,0,Paulina,Hellegat,qir,0.08012801007808962,4.608743411873486,False
Hellegat:416:638:6,Hellegat:1:2,2011.0,2012.0,0,Paulina,Hellegat,qir,0.07842330751912246,4.603461025192965,False
Hellegat:430:680:1,Hellegat:1:2,1982.0,1993.0,0,Paulina,Hellegat,qir,0.7797888440717455,5.600674187050643,False
Hellegat:430:680:1,Hellegat:1:2,1993.0,1996.0,1,Paulina,Hellegat,qir,0.23916822576315996,5.460914745139662,False
Hellegat:430:680:4,Hellegat:1:2,1998.0,2001.0,0,Paulina,Hellegat,qir,0.31517641616410674,5.600674187050643,False
Hellegat:430:680:4,Hellegat:1:2,2001.0,2004.0,0,Paulina,Hellegat,qir,0.26203819903733105,5.513119956460948,False
Hellegat:430:680:4,Hellegat:1:2,2004.0,2008.0,0,Paulina,Hellegat,qir,0.3133231430726156,5.4583995924681785,False
Hellegat:430:680:4,Hellegat:1:2,2008.0,2010.0,0,Paulina,Hellegat,qir,0.16232663040291542,5.456823293855816,False
Hellegat:430:680:4,Hellegat:1:2,2010.0,2011.0,0,Paulina,Hellegat,qir,0.08292403348956985,5.465927931551629,False
Hellegat:430:680:4,Hellegat:1:2,2011.0,2012.0,0,Paulina,Hellegat,qir,0.08207092079690709,5.471634218534842,False
Hellegat:430:853:7,Hellegat:1:3,2008.0,2010.0,0,Paulina,Hellegat,qir,0.23747419217499927,7.1573216299808395,False
Hellegat:430:853:7,Hellegat:1:3,2010.0,2011.0,0,Paulina,Hellegat,qir,0.11164278161136548,7.045616312256854,False
Hellegat:430:853:7,Hellegat:1:3,2011.0,2012.0,0,Paulina,Hellegat,qir,0.10868775285867426,7.02918927302571,False
Hellegat:376:845:1,Hellegat:1:3,1982.0,1993.0,0,Paulina,Hellegat,qir,0.7708146204219717,4.991694294709079,False
Hellegat:376:845:1,Hellegat:1:3,1993.0,1996.0,0,Paulina,Hellegat,qir,0.22253783173978572,4.88353110085536,False
Hellegat:376:845:1,Hellegat:1:3,1996.0,1998.0,0,Paulina,Hellegat,qir,0.1466831048632472,4.902375843118503,False
Hellegat:376:845:1,Hellegat:1:3,1998.0,2001.0,0,Paulina,Hellegat,qir,0.2065443752947707,4.917443697323693,False
Hellegat:376:845:1,Hellegat:1:3,2001.0,2004.0,0,Paulina,Hellegat,qir,0.20133574248467467,4.941779052964504,False
Hellegat:376:845:1,Hellegat:1:3,2004.0,2008.0,0,Paulina,Hellegat,qir,0.25408621865583153,4.959552084504354,False
Hellegat:376:845:1,Hellegat:1:3,2008.0,2010.0,0,Paulina,Hellegat,qir,0.13327564784174487,4.982727204269825,False
Hellegat:376:845:1,Hellegat:1:3,2010.0,2011.0,0,Paulina,Hellegat,qir,0.06826778902072494,4.994734113286299,False
Hellegat:376:845:1,Hellegat:1:3,2011.0,2012.0,0,Paulina,Hellegat,qir,0.06787715216774381,5.000789410663989,False
Hellegat:368:842:7,Hellegat:1:3,2008.0,2010.0,0,Paulina,Hellegat,qir,0.210805148496089,4.70079220661186,False
Hellegat:368:842:7,Hellegat:1:3,2010.0,2011.0,0,Paulina,Hellegat,qir,0.09136369505626958,4.6668467082969,False
Hellegat:368:842:7,Hellegat:1:3,2011.0,2012.0,0,Paulina,Hellegat,qir,0.08711190201483607,4.665611202040837,False
