sid,name,outcome,endpoint_time,endpoint_type,observation_time,hours_to_endpoint,center_lat,center_lon,segment_count,s3_key,local_path,s3_keys_json,local_paths_json,pair_id,valid_pixel_fraction,mean_bt_k,min_bt_k,cold_cloud_fraction,very_cold_fraction,radial_concentration,azimuthal_symmetry,largest_patch_fraction,patch_count,patch_density_per_10k_px,cold_centroid_offset_km,mean_cold_radius_km
2017247N16132,GUCHOL,0,2017-09-06T12:00:00+00:00,72h_after_first_track,2017-09-03T12:00:00+00:00,-72,16.0,132.4,1,AHI-L1b-FLDK/2017/09/03/1200/HS_H08_20170903_1200_B13_FLDK_R20_S0101.DAT.bz2,/workspace/scratch/aa764eb01872/data/raw/himawari/2017/09/03/1200/HS_H08_20170903_1200_B13_FLDK_R20_S0101.DAT.bz2,"[""AHI-L1b-FLDK/2017/09/03/1200/HS_H08_20170903_1200_B13_FLDK_R20_S0101.DAT.bz2""]","[""/workspace/scratch/aa764eb01872/data/raw/himawari/2017/09/03/1200/HS_H08_20170903_1200_B13_FLDK_R20_S0101.DAT.bz2""]",4,1.0,256.77947998046875,181.32264709472656,0.23867179489193194,0.107878677546978,0.33622172474861145,0.15066031517680456,0.8319052590243126,60,2.336184776641267,187.88874103971065,287.2975769042969
2017247N16132,GUCHOL,0,2017-09-06T12:00:00+00:00,72h_after_first_track,2017-09-03T15:00:00+00:00,-69,16.2,131.4,1,AHI-L1b-FLDK/2017/09/03/1500/HS_H08_20170903_1500_B13_FLDK_R20_S0101.DAT.bz2,/workspace/scratch/aa764eb01872/data/raw/himawari/2017/09/03/1500/HS_H08_20170903_1500_B13_FLDK_R20_S0101.DAT.bz2,"[""AHI-L1b-FLDK/2017/09/03/1500/HS_H08_20170903_1500_B13_FLDK_R20_S0101.DAT.bz2""]","[""/workspace/scratch/aa764eb01872/data/raw/himawari/2017/09/03/1500/HS_H08_20170903_1500_B13_FLDK_R20_S0101.DAT.bz2""]",4,1.0,253.17776489257812,182.96531677246094,0.33143474527181127,0.19622255861759186,0.3000853657722473,0.2897460337193276,0.8327689567764718,37,1.4500080338282955,167.97063659504502,303.599853515625
2017247N16132,GUCHOL,0,2017-09-06T12:00:00+00:00,72h_after_first_track,2017-09-03T18:00:00+00:00,-66,16.3,130.3,1,AHI-L1b-FLDK/2017/09/03/1800/HS_H08_20170903_1800_B13_FLDK_R20_S0101.DAT.bz2,/workspace/scratch/aa764eb01872/data/raw/himawari/2017/09/03/1800/HS_H08_20170903_1800_B13_FLDK_R20_S0101.DAT.bz2,"[""AHI-L1b-FLDK/2017/09/03/1800/HS_H08_20170903_1800_B13_FLDK_R20_S0101.DAT.bz2""]","[""/workspace/scratch/aa764eb01872/data/raw/himawari/2017/09/03/1800/HS_H08_20170903_1800_B13_FLDK_R20_S0101.DAT.bz2""]",4,1.0,245.67547607421875,180.9459991455078,0.4493042065123607,0.22603727877140045,0.222370445728302,0.3389337110940681,0.9634354501774953,35,1.3809211928002716,189.4702229320687,328.0222473144531
2017247N16132,GUCHOL,0,2017-09-06T12:00:00+00:00,72h_after_first_track,2017-09-03T21:00:00+00:00,-63,16.3,129.3,1,AHI-L1b-FLDK/2017/09/03/2100/HS_H08_20170903_2100_B13_FLDK_R20_S0101.DAT.bz2,/workspace/scratch/aa764eb01872/data/raw/himawari/2017/09/03/2100/HS_H08_20170903_2100_B13_FLDK_R20_S0101.DAT.bz2,"[""AHI-L1b-FLDK/2017/09/03/2100/HS_H08_20170903_2100_B13_FLDK_R20_S0101.DAT.bz2""]","[""/workspace/scratch/aa764eb01872/data/raw/himawari/2017/09/03/2100/HS_H08_20170903_2100_B13_FLDK_R20_S0101.DAT.bz2""]",4,1.0,240.4100341796875,183.66978454589844,0.5048931012251829,0.20618483424186707,0.18811365962028503,0.36761425957020766,0.9711372810251259,40,1.5877615340951943,184.31978551056477,343.3957214355469
2017247N16132,GUCHOL,0,2017-09-06T12:00:00+00:00,72h_after_first_track,2017-09-04T00:00:00+00:00,-60,16.3,128.4,1,AHI-L1b-FLDK/2017/09/04/0000/HS_H08_20170904_0000_B13_FLDK_R20_S0101.DAT.bz2,/workspace/scratch/aa764eb01872/data/raw/himawari/2017/09/04/0000/HS_H08_20170904_0000_B13_FLDK_R20_S0101.DAT.bz2,"[""AHI-L1b-FLDK/2017/09/04/0000/HS_H08_20170904_0000_B13_FLDK_R20_S0101.DAT.bz2""]","[""/workspace/scratch/aa764eb01872/data/raw/himawari/2017/09/04/0000/HS_H08_20170904_0000_B13_FLDK_R20_S0101.DAT.bz2""]",4,1.0,238.52389526367188,183.66978454589844,0.49685780279567743,0.20471663773059845,0.14652344584465027,0.3913449368405014,0.9209847603832026,65,2.595224786393037,171.1161532323173,364.49505615234375
2017247N16132,GUCHOL,0,2017-09-06T12:00:00+00:00,72h_after_first_track,2017-09-04T03:00:00+00:00,-57,16.3,127.8,1,AHI-L1b-FLDK/2017/09/04/0300/HS_H08_20170904_0300_B13_FLDK_R20_S0101.DAT.bz2,/workspace/scratch/aa764eb01872/data/raw/himawari/2017/09/04/0300/HS_H08_20170904_0300_B13_FLDK_R20_S0101.DAT.bz2,"[""AHI-L1b-FLDK/2017/09/04/0300/HS_H08_20170904_0300_B13_FLDK_R20_S0101.DAT.bz2""]","[""/workspace/scratch/aa764eb01872/data/raw/himawari/2017/09/04/0300/HS_H08_20170904_0300_B13_FLDK_R20_S0101.DAT.bz2""]",4,1.0,239.0746612548828,184.18846130371094,0.5027058615637968,0.1702651083469391,0.11274076998233795,0.42747364958766054,0.8233283648111284,63,2.525414488663695,175.08208161708785,391.85198974609375
2017247N16132,GUCHOL,0,2017-09-06T12:00:00+00:00,72h_after_first_track,2017-09-04T06:00:00+00:00,-54,16.3,127.3,1,AHI-L1b-FLDK/2017/09/04/0600/HS_H08_20170904_0600_B13_FLDK_R20_S0101.DAT.bz2,/workspace/scratch/aa764eb01872/data/raw/himawari/2017/09/04/0600/HS_H08_20170904_0600_B13_FLDK_R20_S0101.DAT.bz2,"[""AHI-L1b-FLDK/2017/09/04/0600/HS_H08_20170904_0600_B13_FLDK_R20_S0101.DAT.bz2""]","[""/workspace/scratch/aa764eb01872/data/raw/himawari/2017/09/04/0600/HS_H08_20170904_0600_B13_FLDK_R20_S0101.DAT.bz2""]",4,1.0,242.64364624023438,186.18670654296875,0.4452022827015945,0.08610478043556213,0.06004256755113602,0.39674976244971105,0.9257486397068488,80,3.218655326271067,199.82662856813752,411.97198486328125
2017247N16132,GUCHOL,0,2017-09-06T12:00:00+00:00,72h_after_first_track,2017-09-04T09:00:00+00:00,-51,16.4,126.6,1,AHI-L1b-FLDK/2017/09/04/0900/HS_H08_20170904_0900_B13_FLDK_R20_S0101.DAT.bz2,/workspace/scratch/aa764eb01872/data/raw/himawari/2017/09/04/0900/HS_H08_20170904_0900_B13_FLDK_R20_S0101.DAT.bz2,"[""AHI-L1b-FLDK/2017/09/04/0900/HS_H08_20170904_0900_B13_FLDK_R20_S0101.DAT.bz2""]","[""/workspace/scratch/aa764eb01872/data/raw/himawari/2017/09/04/0900/HS_H08_20170904_0900_B13_FLDK_R20_S0101.DAT.bz2""]",4,1.0,245.18756103515625,186.02459716796875,0.3534393372982943,0.05385445058345795,0.09628430753946304,0.3745785502023925,0.7698295159387697,105,4.250272219815983,187.7855154066259,396.26544189453125
2017247N16132,GUCHOL,0,2017-09-06T12:00:00+00:00,72h_after_first_track,2017-09-04T12:00:00+00:00,-48,16.4,125.9,1,AHI-L1b-FLDK/2017/09/04/1200/HS_H08_20170904_1200_B13_FLDK_R20_S0101.DAT.bz2,/workspace/scratch/aa764eb01872/data/raw/himawari/2017/09/04/1200/HS_H08_20170904_1200_B13_FLDK_R20_S0101.DAT.bz2,"[""AHI-L1b-FLDK/2017/09/04/1200/HS_H08_20170904_1200_B13_FLDK_R20_S0101.DAT.bz2""]","[""/workspace/scratch/aa764eb01872/data/raw/himawari/2017/09/04/1200/HS_H08_20170904_1200_B13_FLDK_R20_S0101.DAT.bz2""]",4,1.0,248.48263549804688,186.66848754882812,0.2968722693596224,0.06098078936338425,0.12282225489616394,0.25636916514810804,0.7043654835719272,69,2.80880580975022,211.98937178350747,393.13909912109375
2017247N16132,GUCHOL,0,2017-09-06T12:00:00+00:00,72h_after_first_track,2017-09-04T15:00:00+00:00,-45,16.5,125.5,1,AHI-L1b-FLDK/2017/09/04/1500/HS_H08_20170904_1500_B13_FLDK_R20_S0101.DAT.bz2,/workspace/scratch/aa764eb01872/data/raw/himawari/2017/09/04/1500/HS_H08_20170904_1500_B13_FLDK_R20_S0101.DAT.bz2,"[""AHI-L1b-FLDK/2017/09/04/1500/HS_H08_20170904_1500_B13_FLDK_R20_S0101.DAT.bz2""]","[""/workspace/scratch/aa764eb01872/data/raw/himawari/2017/09/04/1500/HS_H08_20170904_1500_B13_FLDK_R20_S0101.DAT.bz2""]",4,1.0,254.40052795410156,186.18670654296875,0.25004009092341495,0.07412803918123245,0.19307522475719452,0.10488970617612825,0.8018658745661355,54,2.207117545358309,203.57437732644257,350.8203125
2017247N16132,GUCHOL,0,2017-09-06T12:00:00+00:00,72h_after_first_track,2017-09-04T18:00:00+00:00,-42,16.7,125.2,1,AHI-L1b-FLDK/2017/09/04/1800/HS_H08_20170904_1800_B13_FLDK_R20_S0101.DAT.bz2,/workspace/scratch/aa764eb01872/data/raw/himawari/2017/09/04/1800/HS_H08_20170904_1800_B13_FLDK_R20_S0101.DAT.bz2,"[""AHI-L1b-FLDK/2017/09/04/1800/HS_H08_20170904_1800_B13_FLDK_R20_S0101.DAT.bz2""]","[""/workspace/scratch/aa764eb01872/data/raw/himawari/2017/09/04/1800/HS_H08_20170904_1800_B13_FLDK_R20_S0101.DAT.bz2""]",4,1.0,255.08787536621094,189.573974609375,0.28106644444048334,0.09666028618812561,0.14431828260421753,0.014930363031975591,0.8212010401979429,38,1.5599279149100373,237.83124230679024,365.9243469238281
2017247N16132,GUCHOL,0,2017-09-06T12:00:00+00:00,72h_after_first_track,2017-09-04T21:00:00+00:00,-39,17.0,124.9,1,AHI-L1b-FLDK/2017/09/04/2100/HS_H08_20170904_2100_B13_FLDK_R20_S0101.DAT.bz2,/workspace/scratch/aa764eb01872/data/raw/himawari/2017/09/04/2100/HS_H08_20170904_2100_B13_FLDK_R20_S0101.DAT.bz2,"[""AHI-L1b-FLDK/2017/09/04/2100/HS_H08_20170904_2100_B13_FLDK_R20_S0101.DAT.bz2""]","[""/workspace/scratch/aa764eb01872/data/raw/himawari/2017/09/04/2100/HS_H08_20170904_2100_B13_FLDK_R20_S0101.DAT.bz2""]",4,1.0,256.65203857421875,188.3797607421875,0.26757722676719586,0.1047157421708107,0.10995486378669739,0.0,0.8743504251607606,43,1.7745643031946283,249.5688084617219,365.077880859375
2017247N16132,GUCHOL,0,2017-09-06T12:00:00+00:00,72h_after_first_track,2017-09-05T00:00:00+00:00,-36,17.5,124.9,1,AHI-L1b-FLDK/2017/09/05/0000/HS_H08_20170905_0000_B13_FLDK_R20_S0101.DAT.bz2,/workspace/scratch/aa764eb01872/data/raw/himawari/2017/09/05/0000/HS_H08_20170905_0000_B13_FLDK_R20_S0101.DAT.bz2,"[""AHI-L1b-FLDK/2017/09/05/0000/HS_H08_20170905_0000_B13_FLDK_R20_S0101.DAT.bz2""]","[""/workspace/scratch/aa764eb01872/data/raw/himawari/2017/09/05/0000/HS_H08_20170905_0000_B13_FLDK_R20_S0101.DAT.bz2""]",4,1.0,259.8852844238281,187.45677185058594,0.29594907799099257,0.12217572331428528,0.006819617003202438,0.0,0.9735143444967385,26,1.0777827521597108,334.377992878904,434.3858947753906
2017247N16132,GUCHOL,0,2017-09-06T12:00:00+00:00,72h_after_first_track,2017-09-05T03:00:00+00:00,-33,18.2,124.6,1,AHI-L1b-FLDK/2017/09/05/0300/HS_H08_20170905_0300_B13_FLDK_R20_S0101.DAT.bz2,/workspace/scratch/aa764eb01872/data/raw/himawari/2017/09/05/0300/HS_H08_20170905_0300_B13_FLDK_R20_S0101.DAT.bz2,"[""AHI-L1b-FLDK/2017/09/05/0300/HS_H08_20170905_0300_B13_FLDK_R20_S0101.DAT.bz2""]","[""/workspace/scratch/aa764eb01872/data/raw/himawari/2017/09/05/0300/HS_H08_20170905_0300_B13_FLDK_R20_S0101.DAT.bz2""]",4,1.0,264.2277526855469,191.84957885742188,0.24699448466053311,0.04191196337342262,0.000608651083894074,0.0,0.8643133135948772,61,2.552514854799565,321.99952881970506,473.77056884765625
2017247N16132,GUCHOL,0,2017-09-06T12:00:00+00:00,72h_after_first_track,2017-09-05T06:00:00+00:00,-30,18.9,124.2,1,AHI-L1b-FLDK/2017/09/05/0600/HS_H08_20170905_0600_B13_FLDK_R20_S0101.DAT.bz2,/workspace/scratch/aa764eb01872/data/raw/himawari/2017/09/05/0600/HS_H08_20170905_0600_B13_FLDK_R20_S0101.DAT.bz2,"[""AHI-L1b-FLDK/2017/09/05/0600/HS_H08_20170905_0600_B13_FLDK_R20_S0101.DAT.bz2""]","[""/workspace/scratch/aa764eb01872/data/raw/himawari/2017/09/05/0600/HS_H08_20170905_0600_B13_FLDK_R20_S0101.DAT.bz2""]",4,1.0,268.683349609375,187.45677185058594,0.1818069432668783,0.03363104164600372,0.0023829771671444178,0.020294077748698625,0.3610720419116557,71,3.0022664997801156,310.5786314336083,467.4748229980469
2017247N16132,GUCHOL,0,2017-09-06T12:00:00+00:00,72h_after_first_track,2017-09-05T09:00:00+00:00,-27,19.4,123.5,1,AHI-L1b-FLDK/2017/09/05/0900/HS_H08_20170905_0900_B13_FLDK_R20_S0101.DAT.bz2,/workspace/scratch/aa764eb01872/data/raw/himawari/2017/09/05/0900/HS_H08_20170905_0900_B13_FLDK_R20_S0101.DAT.bz2,"[""AHI-L1b-FLDK/2017/09/05/0900/HS_H08_20170905_0900_B13_FLDK_R20_S0101.DAT.bz2""]","[""/workspace/scratch/aa764eb01872/data/raw/himawari/2017/09/05/0900/HS_H08_20170905_0900_B13_FLDK_R20_S0101.DAT.bz2""]",4,1.0,270.6911926269531,185.86170959472656,0.14782033131823263,0.041871000081300735,0.020614493638277054,0.0,0.8220097141229279,47,2.0105489654228355,322.5775399213864,429.12945556640625
2017247N16132,GUCHOL,0,2017-09-06T12:00:00+00:00,72h_after_first_track,2017-09-05T12:00:00+00:00,-24,19.7,122.6,1,AHI-L1b-FLDK/2017/09/05/1200/HS_H08_20170905_1200_B13_FLDK_R20_S0101.DAT.bz2,/workspace/scratch/aa764eb01872/data/raw/himawari/2017/09/05/1200/HS_H08_20170905_1200_B13_FLDK_R20_S0101.DAT.bz2,"[""AHI-L1b-FLDK/2017/09/05/1200/HS_H08_20170905_1200_B13_FLDK_R20_S0101.DAT.bz2""]","[""/workspace/scratch/aa764eb01872/data/raw/himawari/2017/09/05/1200/HS_H08_20170905_1200_B13_FLDK_R20_S0101.DAT.bz2""]",4,1.0,272.03472900390625,183.4950714111328,0.13932319865090684,0.07713226974010468,0.0914330929517746,0.0,0.9237872062950695,27,1.1687653941553073,357.01312794708286,399.7509765625
2017247N16132,GUCHOL,0,2017-09-06T12:00:00+00:00,72h_after_first_track,2017-09-05T15:00:00+00:00,-21,20.0,121.8,1,AHI-L1b-FLDK/2017/09/05/1500/HS_H08_20170905_1500_B13_FLDK_R20_S0101.DAT.bz2,/workspace/scratch/aa764eb01872/data/raw/himawari/2017/09/05/1500/HS_H08_20170905_1500_B13_FLDK_R20_S0101.DAT.bz2,"[""AHI-L1b-FLDK/2017/09/05/1500/HS_H08_20170905_1500_B13_FLDK_R20_S0101.DAT.bz2""]","[""/workspace/scratch/aa764eb01872/data/raw/himawari/2017/09/05/1500/HS_H08_20170905_1500_B13_FLDK_R20_S0101.DAT.bz2""]",4,1.0,271.94464111328125,184.18846130371094,0.15567554236752937,0.07754213362932205,0.19510500133037567,0.0,0.9692762656429287,18,0.7879772187030771,327.6415719525208,351.15234375
2017247N16132,GUCHOL,0,2017-09-06T12:00:00+00:00,72h_after_first_track,2017-09-05T18:00:00+00:00,-18,20.2,121.1,1,AHI-L1b-FLDK/2017/09/05/1800/HS_H08_20170905_1800_B13_FLDK_R20_S0101.DAT.bz2,/workspace/scratch/aa764eb01872/data/raw/himawari/2017/09/05/1800/HS_H08_20170905_1800_B13_FLDK_R20_S0101.DAT.bz2,"[""AHI-L1b-FLDK/2017/09/05/1800/HS_H08_20170905_1800_B13_FLDK_R20_S0101.DAT.bz2""]","[""/workspace/scratch/aa764eb01872/data/raw/himawari/2017/09/05/1800/HS_H08_20170905_1800_B13_FLDK_R20_S0101.DAT.bz2""]",4,1.0,269.6241149902344,184.18846130371094,0.1974764489179312,0.09390087425708771,0.2211999148130417,0.0,0.9564506876796061,11,0.48618784530386744,314.69587569332583,351.3417053222656
2017247N16132,GUCHOL,0,2017-09-06T12:00:00+00:00,72h_after_first_track,2017-09-05T21:00:00+00:00,-15,20.2,120.7,1,AHI-L1b-FLDK/2017/09/05/2100/HS_H08_20170905_2100_B13_FLDK_R20_S0101.DAT.bz2,/workspace/scratch/aa764eb01872/data/raw/himawari/2017/09/05/2100/HS_H08_20170905_2100_B13_FLDK_R20_S0101.DAT.bz2,"[""AHI-L1b-FLDK/2017/09/05/2100/HS_H08_20170905_2100_B13_FLDK_R20_S0101.DAT.bz2""]","[""/workspace/scratch/aa764eb01872/data/raw/himawari/2017/09/05/2100/HS_H08_20170905_2100_B13_FLDK_R20_S0101.DAT.bz2""]",4,1.0,271.4590759277344,182.786865234375,0.19428876140965665,0.041041743010282516,0.15541903674602509,0.0,0.981732078833409,13,0.5770519746274686,335.8700330394643,374.1955261230469
2017247N16132,GUCHOL,0,2017-09-06T12:00:00+00:00,72h_after_first_track,2017-09-06T00:00:00+00:00,-12,20.3,120.4,1,AHI-L1b-FLDK/2017/09/06/0000/HS_H08_20170906_0000_B13_FLDK_R20_S0101.DAT.bz2,/workspace/scratch/aa764eb01872/data/raw/himawari/2017/09/06/0000/HS_H08_20170906_0000_B13_FLDK_R20_S0101.DAT.bz2,"[""AHI-L1b-FLDK/2017/09/06/0000/HS_H08_20170906_0000_B13_FLDK_R20_S0101.DAT.bz2""]","[""/workspace/scratch/aa764eb01872/data/raw/himawari/2017/09/06/0000/HS_H08_20170906_0000_B13_FLDK_R20_S0101.DAT.bz2""]",4,1.0,273.7591552734375,187.300537109375,0.1531294660511919,0.07641606032848358,0.24411389231681824,0.0,0.9377623449637571,28,1.248567491761684,299.6907266297661,334.05670166015625
2017247N16132,GUCHOL,0,2017-09-06T12:00:00+00:00,72h_after_first_track,2017-09-06T03:00:00+00:00,-9,20.4,120.1,1,AHI-L1b-FLDK/2017/09/06/0300/HS_H08_20170906_0300_B13_FLDK_R20_S0101.DAT.bz2,/workspace/scratch/aa764eb01872/data/raw/himawari/2017/09/06/0300/HS_H08_20170906_0300_B13_FLDK_R20_S0101.DAT.bz2,"[""AHI-L1b-FLDK/2017/09/06/0300/HS_H08_20170906_0300_B13_FLDK_R20_S0101.DAT.bz2""]","[""/workspace/scratch/aa764eb01872/data/raw/himawari/2017/09/06/0300/HS_H08_20170906_0300_B13_FLDK_R20_S0101.DAT.bz2""]",4,1.0,274.58013916015625,191.84957885742188,0.1522427735253919,0.06780750304460526,0.14099548757076263,0.0,0.9658607204361045,12,0.5374947370306999,340.28868593987136,361.4309387207031
2017247N16132,GUCHOL,0,2017-09-06T12:00:00+00:00,72h_after_first_track,2017-09-06T06:00:00+00:00,-6,20.7,120.0,1,AHI-L1b-FLDK/2017/09/06/0600/HS_H08_20170906_0600_B13_FLDK_R20_S0101.DAT.bz2,/workspace/scratch/aa764eb01872/data/raw/himawari/2017/09/06/0600/HS_H08_20170906_0600_B13_FLDK_R20_S0101.DAT.bz2,"[""AHI-L1b-FLDK/2017/09/06/0600/HS_H08_20170906_0600_B13_FLDK_R20_S0101.DAT.bz2""]","[""/workspace/scratch/aa764eb01872/data/raw/himawari/2017/09/06/0600/HS_H08_20170906_0600_B13_FLDK_R20_S0101.DAT.bz2""]",4,1.0,276.2357177734375,186.66848754882812,0.1222165991141951,0.012432624585926533,0.08987516909837723,0.0,0.9112406524662483,31,1.3946122977812168,341.79120115312793,396.2030029296875
2017247N16132,GUCHOL,0,2017-09-06T12:00:00+00:00,72h_after_first_track,2017-09-06T09:00:00+00:00,-3,21.2,120.1,1,AHI-L1b-FLDK/2017/09/06/0900/HS_H08_20170906_0900_B13_FLDK_R20_S0101.DAT.bz2,/workspace/scratch/aa764eb01872/data/raw/himawari/2017/09/06/0900/HS_H08_20170906_0900_B13_FLDK_R20_S0101.DAT.bz2,"[""AHI-L1b-FLDK/2017/09/06/0900/HS_H08_20170906_0900_B13_FLDK_R20_S0101.DAT.bz2""]","[""/workspace/scratch/aa764eb01872/data/raw/himawari/2017/09/06/0900/HS_H08_20170906_0900_B13_FLDK_R20_S0101.DAT.bz2""]",4,1.0,276.5837707519531,183.31942749023438,0.11914264322549717,0.058133453130722046,0.15487422049045563,0.0,0.963555435523238,16,0.7229808500447344,334.13374485164934,356.3464660644531
2018234N22119,UNNAMED,0,2018-08-25T00:00:00+00:00,72h_after_first_track,2018-08-22T00:00:00+00:00,-72,22.2,118.7,1,AHI-L1b-FLDK/2018/08/22/0000/HS_H08_20180822_0000_B13_FLDK_R20_S0101.DAT.bz2,/workspace/scratch/aa764eb01872/data/raw/himawari/2018/08/22/0000/HS_H08_20180822_0000_B13_FLDK_R20_S0101.DAT.bz2,"[""AHI-L1b-FLDK/2018/08/22/0000/HS_H08_20180822_0000_B13_FLDK_R20_S0101.DAT.bz2""]","[""/workspace/scratch/aa764eb01872/data/raw/himawari/2018/08/22/0000/HS_H08_20180822_0000_B13_FLDK_R20_S0101.DAT.bz2""]",3,1.0,268.0907287597656,191.29388427734375,0.16787845497343903,0.03083842247724533,0.14443950355052948,0.0,0.6962252797437973,39,1.8123602972270887,325.3114563578581,395.750244140625
2018234N22119,UNNAMED,0,2018-08-25T00:00:00+00:00,72h_after_first_track,2018-08-22T03:00:00+00:00,-69,22.2,118.8,1,AHI-L1b-FLDK/2018/08/22/0300/HS_H08_20180822_0300_B13_FLDK_R20_S0101.DAT.bz2,/workspace/scratch/aa764eb01872/data/raw/himawari/2018/08/22/0300/HS_H08_20180822_0300_B13_FLDK_R20_S0101.DAT.bz2,"[""AHI-L1b-FLDK/2018/08/22/0300/HS_H08_20180822_0300_B13_FLDK_R20_S0101.DAT.bz2""]","[""/workspace/scratch/aa764eb01872/data/raw/himawari/2018/08/22/0300/HS_H08_20180822_0300_B13_FLDK_R20_S0101.DAT.bz2""]",3,1.0,264.40484619140625,195.019775390625,0.21644646084522617,0.029393693432211876,0.13443878293037415,0.0,0.830322207132445,45,2.0887001322843415,289.11189647441404,380.54736328125
2018234N22119,UNNAMED,0,2018-08-25T00:00:00+00:00,72h_after_first_track,2018-08-22T06:00:00+00:00,-66,22.2,119.0,1,AHI-L1b-FLDK/2018/08/22/0600/HS_H08_20180822_0600_B13_FLDK_R20_S0101.DAT.bz2,/workspace/scratch/aa764eb01872/data/raw/himawari/2018/08/22/0600/HS_H08_20180822_0600_B13_FLDK_R20_S0101.DAT.bz2,"[""AHI-L1b-FLDK/2018/08/22/0600/HS_H08_20180822_0600_B13_FLDK_R20_S0101.DAT.bz2""]","[""/workspace/scratch/aa764eb01872/data/raw/himawari/2018/08/22/0600/HS_H08_20180822_0600_B13_FLDK_R20_S0101.DAT.bz2""]",3,1.0,261.89959716796875,193.07005310058594,0.24782547814351802,0.030043425038456917,0.17846332490444183,0.0,0.9344789937773434,37,1.7131453812211488,289.5796836195029,360.4488830566406
2018234N22119,UNNAMED,0,2018-08-25T00:00:00+00:00,72h_after_first_track,2018-08-22T09:00:00+00:00,-63,22.1,119.2,1,AHI-L1b-FLDK/2018/08/22/0900/HS_H08_20180822_0900_B13_FLDK_R20_S0101.DAT.bz2,/workspace/scratch/aa764eb01872/data/raw/himawari/2018/08/22/0900/HS_H08_20180822_0900_B13_FLDK_R20_S0101.DAT.bz2,"[""AHI-L1b-FLDK/2018/08/22/0900/HS_H08_20180822_0900_B13_FLDK_R20_S0101.DAT.bz2""]","[""/workspace/scratch/aa764eb01872/data/raw/himawari/2018/08/22/0900/HS_H08_20180822_0900_B13_FLDK_R20_S0101.DAT.bz2""]",3,1.0,258.20751953125,189.573974609375,0.3083825961744274,0.026378553360700607,0.11574321985244751,0.05986246911725435,0.7892440540915969,37,1.7071775280069392,244.49889938636213,384.22674560546875
2018234N22119,UNNAMED,0,2018-08-25T00:00:00+00:00,72h_after_first_track,2018-08-22T12:00:00+00:00,-60,22.2,119.4,1,AHI-L1b-FLDK/2018/08/22/1200/HS_H08_20180822_1200_B13_FLDK_R20_S0101.DAT.bz2,/workspace/scratch/aa764eb01872/data/raw/himawari/2018/08/22/1200/HS_H08_20180822_1200_B13_FLDK_R20_S0101.DAT.bz2,"[""AHI-L1b-FLDK/2018/08/22/1200/HS_H08_20180822_1200_B13_FLDK_R20_S0101.DAT.bz2""]","[""/workspace/scratch/aa764eb01872/data/raw/himawari/2018/08/22/1200/HS_H08_20180822_1200_B13_FLDK_R20_S0101.DAT.bz2""]",3,1.0,259.7872009277344,190.58717346191406,0.2577406740198214,0.021854335442185402,0.11222962290048599,0.07837554868194596,0.4935232226147917,22,1.013871606986497,237.19781501742796,391.2682189941406
2018234N22119,UNNAMED,0,2018-08-25T00:00:00+00:00,72h_after_first_track,2018-08-22T15:00:00+00:00,-57,22.2,119.7,1,AHI-L1b-FLDK/2018/08/22/1500/HS_H08_20180822_1500_B13_FLDK_R20_S0101.DAT.bz2,/workspace/scratch/aa764eb01872/data/raw/himawari/2018/08/22/1500/HS_H08_20180822_1500_B13_FLDK_R20_S0101.DAT.bz2,"[""AHI-L1b-FLDK/2018/08/22/1500/HS_H08_20180822_1500_B13_FLDK_R20_S0101.DAT.bz2""]","[""/workspace/scratch/aa764eb01872/data/raw/himawari/2018/08/22/1500/HS_H08_20180822_1500_B13_FLDK_R20_S0101.DAT.bz2""]",3,1.0,263.1695251464844,193.07005310058594,0.19231269300158704,0.03854614868760109,0.13359706103801727,0.0,0.5275493800973141,45,2.0667135121729423,279.1274621725628,366.62384033203125
2018234N22119,UNNAMED,0,2018-08-25T00:00:00+00:00,72h_after_first_track,2018-08-22T18:00:00+00:00,-54,22.3,120.0,1,AHI-L1b-FLDK/2018/08/22/1800/HS_H08_20180822_1800_B13_FLDK_R20_S0101.DAT.bz2,/workspace/scratch/aa764eb01872/data/raw/himawari/2018/08/22/1800/HS_H08_20180822_1800_B13_FLDK_R20_S0101.DAT.bz2,"[""AHI-L1b-FLDK/2018/08/22/1800/HS_H08_20180822_1800_B13_FLDK_R20_S0101.DAT.bz2""]","[""/workspace/scratch/aa764eb01872/data/raw/himawari/2018/08/22/1800/HS_H08_20180822_1800_B13_FLDK_R20_S0101.DAT.bz2""]",3,1.0,261.57244873046875,184.86773681640625,0.23556963704605213,0.06953313201665878,0.14735360443592072,0.0,0.5708391613386196,20,0.9163551059306502,281.6356512438642,362.05682373046875
2018234N22119,UNNAMED,0,2018-08-25T00:00:00+00:00,72h_after_first_track,2018-08-22T21:00:00+00:00,-51,22.5,120.2,1,AHI-L1b-FLDK/2018/08/22/2100/HS_H08_20180822_2100_B13_FLDK_R20_S0101.DAT.bz2,/workspace/scratch/aa764eb01872/data/raw/himawari/2018/08/22/2100/HS_H08_20180822_2100_B13_FLDK_R20_S0101.DAT.bz2,"[""AHI-L1b-FLDK/2018/08/22/2100/HS_H08_20180822_2100_B13_FLDK_R20_S0101.DAT.bz2""]","[""/workspace/scratch/aa764eb01872/data/raw/himawari/2018/08/22/2100/HS_H08_20180822_2100_B13_FLDK_R20_S0101.DAT.bz2""]",3,1.0,259.31524658203125,187.76712036132812,0.2697890027905237,0.0840214416384697,0.16025011241436005,0.0,0.9108031909803349,19,0.8707288458718287,270.15174461579534,354.0780334472656
2018234N22119,UNNAMED,0,2018-08-25T00:00:00+00:00,72h_after_first_track,2018-08-23T00:00:00+00:00,-48,22.8,120.5,1,AHI-L1b-FLDK/2018/08/23/0000/HS_H08_20180823_0000_B13_FLDK_R20_S0101.DAT.bz2,/workspace/scratch/aa764eb01872/data/raw/himawari/2018/08/23/0000/HS_H08_20180823_0000_B13_FLDK_R20_S0101.DAT.bz2,"[""AHI-L1b-FLDK/2018/08/23/0000/HS_H08_20180823_0000_B13_FLDK_R20_S0101.DAT.bz2""]","[""/workspace/scratch/aa764eb01872/data/raw/himawari/2018/08/23/0000/HS_H08_20180823_0000_B13_FLDK_R20_S0101.DAT.bz2""]",3,1.0,259.1432189941406,188.22760009765625,0.2816443615450377,0.08851142227649689,0.16480879485607147,0.0,0.7552759737656017,26,1.1918787217559124,239.6166717538551,365.0634765625
2018234N22119,UNNAMED,0,2018-08-25T00:00:00+00:00,72h_after_first_track,2018-08-23T03:00:00+00:00,-45,23.1,120.4,1,AHI-L1b-FLDK/2018/08/23/0300/HS_H08_20180823_0300_B13_FLDK_R20_S0101.DAT.bz2,/workspace/scratch/aa764eb01872/data/raw/himawari/2018/08/23/0300/HS_H08_20180823_0300_B13_FLDK_R20_S0101.DAT.bz2,"[""AHI-L1b-FLDK/2018/08/23/0300/HS_H08_20180823_0300_B13_FLDK_R20_S0101.DAT.bz2""]","[""/workspace/scratch/aa764eb01872/data/raw/himawari/2018/08/23/0300/HS_H08_20180823_0300_B13_FLDK_R20_S0101.DAT.bz2""]",3,1.0,258.9745788574219,189.42691040039062,0.31516999435327286,0.08258921653032303,0.19266682863235474,0.0,0.908210751281357,44,2.0270145760775424,243.6522732554632,349.0960693359375
2018234N22119,UNNAMED,0,2018-08-25T00:00:00+00:00,72h_after_first_track,2018-08-23T06:00:00+00:00,-42,23.4,120.4,1,AHI-L1b-FLDK/2018/08/23/0600/HS_H08_20180823_0600_B13_FLDK_R20_S0101.DAT.bz2,/workspace/scratch/aa764eb01872/data/raw/himawari/2018/08/23/0600/HS_H08_20180823_0600_B13_FLDK_R20_S0101.DAT.bz2,"[""AHI-L1b-FLDK/2018/08/23/0600/HS_H08_20180823_0600_B13_FLDK_R20_S0101.DAT.bz2""]","[""/workspace/scratch/aa764eb01872/data/raw/himawari/2018/08/23/0600/HS_H08_20180823_0600_B13_FLDK_R20_S0101.DAT.bz2""]",3,1.0,256.41937255859375,187.45677185058594,0.35291578255341094,0.07210652530193329,0.1970992237329483,0.0563897066528275,0.9679536615283156,47,2.1730787902886495,244.05832650343362,337.3691711425781
2018234N22119,UNNAMED,0,2018-08-25T00:00:00+00:00,72h_after_first_track,2018-08-23T09:00:00+00:00,-39,23.6,120.4,1,AHI-L1b-FLDK/2018/08/23/0900/HS_H08_20180823_0900_B13_FLDK_R20_S0101.DAT.bz2,/workspace/scratch/aa764eb01872/data/raw/himawari/2018/08/23/0900/HS_H08_20180823_0900_B13_FLDK_R20_S0101.DAT.bz2,"[""AHI-L1b-FLDK/2018/08/23/0900/HS_H08_20180823_0900_B13_FLDK_R20_S0101.DAT.bz2""]","[""/workspace/scratch/aa764eb01872/data/raw/himawari/2018/08/23/0900/HS_H08_20180823_0900_B13_FLDK_R20_S0101.DAT.bz2""]",3,1.0,252.24896240234375,187.76712036132812,0.3869951768697179,0.0557345375418663,0.20673109591007233,0.1861074121946502,0.9624273163333008,39,1.8077734257306417,216.01244926568668,341.5245361328125
2018234N22119,UNNAMED,0,2018-08-25T00:00:00+00:00,72h_after_first_track,2018-08-23T12:00:00+00:00,-36,23.8,120.4,1,AHI-L1b-FLDK/2018/08/23/1200/HS_H08_20180823_1200_B13_FLDK_R20_S0101.DAT.bz2,/workspace/scratch/aa764eb01872/data/raw/himawari/2018/08/23/1200/HS_H08_20180823_1200_B13_FLDK_R20_S0101.DAT.bz2,"[""AHI-L1b-FLDK/2018/08/23/1200/HS_H08_20180823_1200_B13_FLDK_R20_S0101.DAT.bz2""]","[""/workspace/scratch/aa764eb01872/data/raw/himawari/2018/08/23/1200/HS_H08_20180823_1200_B13_FLDK_R20_S0101.DAT.bz2""]",3,1.0,253.29342651367188,186.02459716796875,0.27503716099153663,0.08783990889787674,0.23489534854888916,0.19529125777121836,0.6565065277296183,40,1.859055692660913,189.06936411852544,333.1107177734375
2018234N22119,UNNAMED,0,2018-08-25T00:00:00+00:00,72h_after_first_track,2018-08-23T15:00:00+00:00,-33,24.0,120.3,1,AHI-L1b-FLDK/2018/08/23/1500/HS_H08_20180823_1500_B13_FLDK_R20_S0101.DAT.bz2,/workspace/scratch/aa764eb01872/data/raw/himawari/2018/08/23/1500/HS_H08_20180823_1500_B13_FLDK_R20_S0101.DAT.bz2,"[""AHI-L1b-FLDK/2018/08/23/1500/HS_H08_20180823_1500_B13_FLDK_R20_S0101.DAT.bz2""]","[""/workspace/scratch/aa764eb01872/data/raw/himawari/2018/08/23/1500/HS_H08_20180823_1500_B13_FLDK_R20_S0101.DAT.bz2""]",3,1.0,258.9267578125,185.86170959472656,0.23284509538404577,0.06799832731485367,0.2590162754058838,0.0,0.8107488268037283,29,1.352763369033847,234.69105865740286,319.2955322265625
2018234N22119,UNNAMED,0,2018-08-25T00:00:00+00:00,72h_after_first_track,2018-08-23T18:00:00+00:00,-30,24.1,120.3,1,AHI-L1b-FLDK/2018/08/23/1800/HS_H08_20180823_1800_B13_FLDK_R20_S0101.DAT.bz2,/workspace/scratch/aa764eb01872/data/raw/himawari/2018/08/23/1800/HS_H08_20180823_1800_B13_FLDK_R20_S0101.DAT.bz2,"[""AHI-L1b-FLDK/2018/08/23/1800/HS_H08_20180823_1800_B13_FLDK_R20_S0101.DAT.bz2""]","[""/workspace/scratch/aa764eb01872/data/raw/himawari/2018/08/23/1800/HS_H08_20180823_1800_B13_FLDK_R20_S0101.DAT.bz2""]",3,1.0,262.2242736816406,189.27919006347656,0.22751384116979304,0.056189000606536865,0.2432897984981537,0.0,0.8327133464099242,20,0.9341298347057257,251.55223791602728,320.6679992675781
2018234N22119,UNNAMED,0,2018-08-25T00:00:00+00:00,72h_after_first_track,2018-08-23T21:00:00+00:00,-27,24.2,120.3,1,AHI-L1b-FLDK/2018/08/23/2100/HS_H08_20180823_2100_B13_FLDK_R20_S0101.DAT.bz2,/workspace/scratch/aa764eb01872/data/raw/himawari/2018/08/23/2100/HS_H08_20180823_2100_B13_FLDK_R20_S0101.DAT.bz2,"[""AHI-L1b-FLDK/2018/08/23/2100/HS_H08_20180823_2100_B13_FLDK_R20_S0101.DAT.bz2""]","[""/workspace/scratch/aa764eb01872/data/raw/himawari/2018/08/23/2100/HS_H08_20180823_2100_B13_FLDK_R20_S0101.DAT.bz2""]",3,1.0,260.5101623535156,193.33592224121094,0.21909946364952965,0.04936444014310837,0.25137612223625183,0.0,0.8242400181836718,46,2.1516542011048276,273.33862075526315,334.13214111328125
2018234N22119,UNNAMED,0,2018-08-25T00:00:00+00:00,72h_after_first_track,2018-08-24T00:00:00+00:00,-24,24.3,120.3,1,AHI-L1b-FLDK/2018/08/24/0000/HS_H08_20180824_0000_B13_FLDK_R20_S0101.DAT.bz2,/workspace/scratch/aa764eb01872/data/raw/himawari/2018/08/24/0000/HS_H08_20180824_0000_B13_FLDK_R20_S0101.DAT.bz2,"[""AHI-L1b-FLDK/2018/08/24/0000/HS_H08_20180824_0000_B13_FLDK_R20_S0101.DAT.bz2""]","[""/workspace/scratch/aa764eb01872/data/raw/himawari/2018/08/24/0000/HS_H08_20180824_0000_B13_FLDK_R20_S0101.DAT.bz2""]",3,1.0,259.5769958496094,189.42691040039062,0.2415425763600489,0.05471291020512581,0.2088005095720291,0.0,0.9336380173575387,32,1.4984500407391104,274.55756878071986,335.9844970703125
2018234N22119,UNNAMED,0,2018-08-25T00:00:00+00:00,72h_after_first_track,2018-08-24T03:00:00+00:00,-21,24.4,120.4,1,AHI-L1b-FLDK/2018/08/24/0300/HS_H08_20180824_0300_B13_FLDK_R20_S0101.DAT.bz2,/workspace/scratch/aa764eb01872/data/raw/himawari/2018/08/24/0300/HS_H08_20180824_0300_B13_FLDK_R20_S0101.DAT.bz2,"[""AHI-L1b-FLDK/2018/08/24/0300/HS_H08_20180824_0300_B13_FLDK_R20_S0101.DAT.bz2""]","[""/workspace/scratch/aa764eb01872/data/raw/himawari/2018/08/24/0300/HS_H08_20180824_0300_B13_FLDK_R20_S0101.DAT.bz2""]",3,1.0,261.426025390625,192.39697265625,0.2305857317944001,0.04101420193910599,0.11282603442668915,0.0,0.8743198981050928,47,2.2015701410878568,267.27790124814436,355.3808288574219
2018234N22119,UNNAMED,0,2018-08-25T00:00:00+00:00,72h_after_first_track,2018-08-24T06:00:00+00:00,-18,24.5,120.5,1,AHI-L1b-FLDK/2018/08/24/0600/HS_H08_20180824_0600_B13_FLDK_R20_S0101.DAT.bz2,/workspace/scratch/aa764eb01872/data/raw/himawari/2018/08/24/0600/HS_H08_20180824_0600_B13_FLDK_R20_S0101.DAT.bz2,"[""AHI-L1b-FLDK/2018/08/24/0600/HS_H08_20180824_0600_B13_FLDK_R20_S0101.DAT.bz2""]","[""/workspace/scratch/aa764eb01872/data/raw/himawari/2018/08/24/0600/HS_H08_20180824_0600_B13_FLDK_R20_S0101.DAT.bz2""]",3,1.0,259.9101867675781,190.3006134033203,0.2572704839325237,0.03521162271499634,0.10617733746767044,0.0,0.8025538393075546,31,1.4522287025976155,211.52197930662132,360.1676940917969
2018234N22119,UNNAMED,0,2018-08-25T00:00:00+00:00,72h_after_first_track,2018-08-24T09:00:00+00:00,-15,24.7,120.4,1,AHI-L1b-FLDK/2018/08/24/0900/HS_H08_20180824_0900_B13_FLDK_R20_S0101.DAT.bz2,/workspace/scratch/aa764eb01872/data/raw/himawari/2018/08/24/0900/HS_H08_20180824_0900_B13_FLDK_R20_S0101.DAT.bz2,"[""AHI-L1b-FLDK/2018/08/24/0900/HS_H08_20180824_0900_B13_FLDK_R20_S0101.DAT.bz2""]","[""/workspace/scratch/aa764eb01872/data/raw/himawari/2018/08/24/0900/HS_H08_20180824_0900_B13_FLDK_R20_S0101.DAT.bz2""]",3,1.0,257.78082275390625,191.15365600585938,0.29628411584326203,0.01701643131673336,0.10593713819980621,0.10631745676781812,0.7655586932043845,39,1.8339736566142966,191.96448459866053,372.8503112792969
2018234N22119,UNNAMED,0,2018-08-25T00:00:00+00:00,72h_after_first_track,2018-08-24T12:00:00+00:00,-12,24.8,120.2,1,AHI-L1b-FLDK/2018/08/24/1200/HS_H08_20180824_1200_B13_FLDK_R20_S0101.DAT.bz2,/workspace/scratch/aa764eb01872/data/raw/himawari/2018/08/24/1200/HS_H08_20180824_1200_B13_FLDK_R20_S0101.DAT.bz2,"[""AHI-L1b-FLDK/2018/08/24/1200/HS_H08_20180824_1200_B13_FLDK_R20_S0101.DAT.bz2""]","[""/workspace/scratch/aa764eb01872/data/raw/himawari/2018/08/24/1200/HS_H08_20180824_1200_B13_FLDK_R20_S0101.DAT.bz2""]",3,1.0,262.7355651855469,198.29791259765625,0.11897877221034406,0.024319931864738464,0.20526273548603058,0.19027896771593034,0.28028141636058357,55,2.5956986912959144,76.36806826302904,327.2760314941406
2018234N22119,UNNAMED,0,2018-08-25T00:00:00+00:00,72h_after_first_track,2018-08-24T15:00:00+00:00,-9,24.9,120.1,1,AHI-L1b-FLDK/2018/08/24/1500/HS_H08_20180824_1500_B13_FLDK_R20_S0101.DAT.bz2,/workspace/scratch/aa764eb01872/data/raw/himawari/2018/08/24/1500/HS_H08_20180824_1500_B13_FLDK_R20_S0101.DAT.bz2,"[""AHI-L1b-FLDK/2018/08/24/1500/HS_H08_20180824_1500_B13_FLDK_R20_S0101.DAT.bz2""]","[""/workspace/scratch/aa764eb01872/data/raw/himawari/2018/08/24/1500/HS_H08_20180824_1500_B13_FLDK_R20_S0101.DAT.bz2""]",3,1.0,265.2964782714844,189.86639404296875,0.12081216180842176,0.007675230503082275,0.18094199895858765,0.18695221701587217,0.218311546933677,49,2.318001409723306,133.6134089968463,359.8968200683594
2018234N22119,UNNAMED,0,2018-08-25T00:00:00+00:00,72h_after_first_track,2018-08-24T18:00:00+00:00,-6,25.0,119.9,1,AHI-L1b-FLDK/2018/08/24/1800/HS_H08_20180824_1800_B13_FLDK_R20_S0101.DAT.bz2,/workspace/scratch/aa764eb01872/data/raw/himawari/2018/08/24/1800/HS_H08_20180824_1800_B13_FLDK_R20_S0101.DAT.bz2,"[""AHI-L1b-FLDK/2018/08/24/1800/HS_H08_20180824_1800_B13_FLDK_R20_S0101.DAT.bz2""]","[""/workspace/scratch/aa764eb01872/data/raw/himawari/2018/08/24/1800/HS_H08_20180824_1800_B13_FLDK_R20_S0101.DAT.bz2""]",3,1.0,263.878662109375,188.53126525878906,0.1690470590074675,0.0638187900185585,0.11408672481775284,0.0,0.5363365610969147,60,2.848637639049125,235.29444994407945,383.2734375
2018234N22119,UNNAMED,0,2018-08-25T00:00:00+00:00,72h_after_first_track,2018-08-24T21:00:00+00:00,-3,25.0,119.7,1,AHI-L1b-FLDK/2018/08/24/2100/HS_H08_20180824_2100_B13_FLDK_R20_S0101.DAT.bz2,/workspace/scratch/aa764eb01872/data/raw/himawari/2018/08/24/2100/HS_H08_20180824_2100_B13_FLDK_R20_S0101.DAT.bz2,"[""AHI-L1b-FLDK/2018/08/24/2100/HS_H08_20180824_2100_B13_FLDK_R20_S0101.DAT.bz2""]","[""/workspace/scratch/aa764eb01872/data/raw/himawari/2018/08/24/2100/HS_H08_20180824_2100_B13_FLDK_R20_S0101.DAT.bz2""]",3,1.0,261.7463073730469,187.45677185058594,0.2067225109171309,0.08236367255449295,0.058850519359111786,0.0,0.8612285884936495,42,1.99865804388482,308.76423128939916,401.228515625
2019195N13136,DANAS,1,2019-07-17T12:00:00+00:00,first_US_TS_or_34kt,2019-07-14T12:00:00+00:00,-72,14.2,134.5,1,AHI-L1b-FLDK/2019/07/14/1200/HS_H08_20190714_1200_B13_FLDK_R20_S0101.DAT.bz2,/workspace/scratch/aa764eb01872/data/raw/himawari/2019/07/14/1200/HS_H08_20190714_1200_B13_FLDK_R20_S0101.DAT.bz2,"[""AHI-L1b-FLDK/2019/07/14/1200/HS_H08_20190714_1200_B13_FLDK_R20_S0101.DAT.bz2""]","[""/workspace/scratch/aa764eb01872/data/raw/himawari/2019/07/14/1200/HS_H08_20190714_1200_B13_FLDK_R20_S0101.DAT.bz2""]",1,1.0,244.75338745117188,188.53126525878903,0.3452209199080465,0.0872008055448532,0.1687311977148056,0.5822519924318398,0.6550826386455584,72,2.740132668090013,56.75447779239498,361.5057373046875
2019195N13136,DANAS,1,2019-07-17T12:00:00+00:00,first_US_TS_or_34kt,2019-07-14T15:00:00+00:00,-69,14.6,134.1,1,AHI-L1b-FLDK/2019/07/14/1500/HS_H08_20190714_1500_B13_FLDK_R20_S0101.DAT.bz2,/workspace/scratch/aa764eb01872/data/raw/himawari/2019/07/14/1500/HS_H08_20190714_1500_B13_FLDK_R20_S0101.DAT.bz2,"[""AHI-L1b-FLDK/2019/07/14/1500/HS_H08_20190714_1500_B13_FLDK_R20_S0101.DAT.bz2""]","[""/workspace/scratch/aa764eb01872/data/raw/himawari/2019/07/14/1500/HS_H08_20190714_1500_B13_FLDK_R20_S0101.DAT.bz2""]",1,1.0,246.273193359375,186.50863647460932,0.3636886297363847,0.1167531758546829,0.2294953167438507,0.5970269068806779,0.8174658876005073,65,2.484747473202954,63.298600215257295,333.4388122558594
2019195N13136,DANAS,1,2019-07-17T12:00:00+00:00,first_US_TS_or_34kt,2019-07-14T18:00:00+00:00,-66,15.0,133.6,1,AHI-L1b-FLDK/2019/07/14/1800/HS_H08_20190714_1800_B13_FLDK_R20_S0101.DAT.bz2,/workspace/scratch/aa764eb01872/data/raw/himawari/2019/07/14/1800/HS_H08_20190714_1800_B13_FLDK_R20_S0101.DAT.bz2,"[""AHI-L1b-FLDK/2019/07/14/1800/HS_H08_20190714_1800_B13_FLDK_R20_S0101.DAT.bz2""]","[""/workspace/scratch/aa764eb01872/data/raw/himawari/2019/07/14/1800/HS_H08_20190714_1800_B13_FLDK_R20_S0101.DAT.bz2""]",1,1.0,248.1342315673828,185.0354461669922,0.351030191466637,0.139524295926094,0.2462016195058822,0.6035598143596573,0.843921488705431,92,3.5347500509080847,81.4635526092531,312.6234130859375
2019195N13136,DANAS,1,2019-07-17T12:00:00+00:00,first_US_TS_or_34kt,2019-07-14T21:00:00+00:00,-63,15.3,133.2,1,AHI-L1b-FLDK/2019/07/14/2100/HS_H08_20190714_2100_B13_FLDK_R20_S0101.DAT.bz2,/workspace/scratch/aa764eb01872/data/raw/himawari/2019/07/14/2100/HS_H08_20190714_2100_B13_FLDK_R20_S0101.DAT.bz2,"[""AHI-L1b-FLDK/2019/07/14/2100/HS_H08_20190714_2100_B13_FLDK_R20_S0101.DAT.bz2""]","[""/workspace/scratch/aa764eb01872/data/raw/himawari/2019/07/14/2100/HS_H08_20190714_2100_B13_FLDK_R20_S0101.DAT.bz2""]",1,1.0,245.4928131103516,187.14358520507807,0.3987908574045866,0.1515535414218902,0.2170408219099044,0.4400233617185672,0.8627221307002978,80,3.086169716188117,94.882740160695,330.6059875488281
2019195N13136,DANAS,1,2019-07-17T12:00:00+00:00,first_US_TS_or_34kt,2019-07-15T00:00:00+00:00,-60,15.6,132.7,1,AHI-L1b-FLDK/2019/07/15/0000/HS_H08_20190715_0000_B13_FLDK_R20_S0101.DAT.bz2,/workspace/scratch/aa764eb01872/data/raw/himawari/2019/07/15/0000/HS_H08_20190715_0000_B13_FLDK_R20_S0101.DAT.bz2,"[""AHI-L1b-FLDK/2019/07/15/0000/HS_H08_20190715_0000_B13_FLDK_R20_S0101.DAT.bz2""]","[""/workspace/scratch/aa764eb01872/data/raw/himawari/2019/07/15/0000/HS_H08_20190715_0000_B13_FLDK_R20_S0101.DAT.bz2""]",1,1.0,243.3666534423828,188.83230590820312,0.4276659587214103,0.1433176696300506,0.182149052619934,0.6216467145645221,0.8806765779696676,80,3.1002704986010032,42.706156389138286,341.1759948730469
2019195N13136,DANAS,1,2019-07-17T12:00:00+00:00,first_US_TS_or_34kt,2019-07-15T03:00:00+00:00,-57,16.0,132.2,1,AHI-L1b-FLDK/2019/07/15/0300/HS_H08_20190715_0300_B13_FLDK_R20_S0101.DAT.bz2,/workspace/scratch/aa764eb01872/data/raw/himawari/2019/07/15/0300/HS_H08_20190715_0300_B13_FLDK_R20_S0101.DAT.bz2,"[""AHI-L1b-FLDK/2019/07/15/0300/HS_H08_20190715_0300_B13_FLDK_R20_S0101.DAT.bz2""]","[""/workspace/scratch/aa764eb01872/data/raw/himawari/2019/07/15/0300/HS_H08_20190715_0300_B13_FLDK_R20_S0101.DAT.bz2""]",1,1.0,239.22862243652344,188.83230590820312,0.5077918920503803,0.1464499682188034,0.1828081458806991,0.6333573067119135,0.9428285084367236,75,2.9230421463703613,54.93371239046924,345.1687927246094
2019195N13136,DANAS,1,2019-07-17T12:00:00+00:00,first_US_TS_or_34kt,2019-07-15T06:00:00+00:00,-54,16.4,131.6,1,AHI-L1b-FLDK/2019/07/15/0600/HS_H08_20190715_0600_B13_FLDK_R20_S0101.DAT.bz2,/workspace/scratch/aa764eb01872/data/raw/himawari/2019/07/15/0600/HS_H08_20190715_0600_B13_FLDK_R20_S0101.DAT.bz2,"[""AHI-L1b-FLDK/2019/07/15/0600/HS_H08_20190715_0600_B13_FLDK_R20_S0101.DAT.bz2""]","[""/workspace/scratch/aa764eb01872/data/raw/himawari/2019/07/15/0600/HS_H08_20190715_0600_B13_FLDK_R20_S0101.DAT.bz2""]",1,1.0,237.1363983154297,186.66848754882807,0.5292114609655191,0.1431747823953628,0.1537510454654693,0.626432574981344,0.9411043148598368,65,2.5491595617014267,67.4423586201434,369.2785949707031
2019195N13136,DANAS,1,2019-07-17T12:00:00+00:00,first_US_TS_or_34kt,2019-07-15T09:00:00+00:00,-51,16.6,130.9,1,AHI-L1b-FLDK/2019/07/15/0900/HS_H08_20190715_0900_B13_FLDK_R20_S0101.DAT.bz2,/workspace/scratch/aa764eb01872/data/raw/himawari/2019/07/15/0900/HS_H08_20190715_0900_B13_FLDK_R20_S0101.DAT.bz2,"[""AHI-L1b-FLDK/2019/07/15/0900/HS_H08_20190715_0900_B13_FLDK_R20_S0101.DAT.bz2""]","[""/workspace/scratch/aa764eb01872/data/raw/himawari/2019/07/15/0900/HS_H08_20190715_0900_B13_FLDK_R20_S0101.DAT.bz2""]",1,1.0,236.8385467529297,184.69923400878903,0.514489987437658,0.1270792186260223,0.1641362607479095,0.6324140867621022,0.618080781722365,78,3.075442982075688,85.85120490154665,371.3320617675781
2019195N13136,DANAS,1,2019-07-17T12:00:00+00:00,first_US_TS_or_34kt,2019-07-15T12:00:00+00:00,-48,16.8,130.1,1,AHI-L1b-FLDK/2019/07/15/1200/HS_H08_20190715_1200_B13_FLDK_R20_S0101.DAT.bz2,/workspace/scratch/aa764eb01872/data/raw/himawari/2019/07/15/1200/HS_H08_20190715_1200_B13_FLDK_R20_S0101.DAT.bz2,"[""AHI-L1b-FLDK/2019/07/15/1200/HS_H08_20190715_1200_B13_FLDK_R20_S0101.DAT.bz2""]","[""/workspace/scratch/aa764eb01872/data/raw/himawari/2019/07/15/1200/HS_H08_20190715_1200_B13_FLDK_R20_S0101.DAT.bz2""]",1,1.0,240.22938537597656,184.1884613037109,0.4437836691311432,0.1604963392019271,0.1851171106100082,0.6468836442302227,0.6013414343114843,53,2.102982664280641,88.25537569652101,360.3103942871094
2019195N13136,DANAS,1,2019-07-17T12:00:00+00:00,first_US_TS_or_34kt,2019-07-15T15:00:00+00:00,-45,16.9,129.0,1,AHI-L1b-FLDK/2019/07/15/1500/HS_H08_20190715_1500_B13_FLDK_R20_S0101.DAT.bz2,/workspace/scratch/aa764eb01872/data/raw/himawari/2019/07/15/1500/HS_H08_20190715_1500_B13_FLDK_R20_S0101.DAT.bz2,"[""AHI-L1b-FLDK/2019/07/15/1500/HS_H08_20190715_1500_B13_FLDK_R20_S0101.DAT.bz2""]","[""/workspace/scratch/aa764eb01872/data/raw/himawari/2019/07/15/1500/HS_H08_20190715_1500_B13_FLDK_R20_S0101.DAT.bz2""]",1,1.0,237.7421722412109,184.86773681640625,0.4977071078448186,0.2056294679641723,0.1685389131307602,0.7137152770399879,0.9314516143385684,58,2.318840579710145,72.95056755232413,354.949951171875
2019195N13136,DANAS,1,2019-07-17T12:00:00+00:00,first_US_TS_or_34kt,2019-07-15T18:00:00+00:00,-42,16.9,127.8,1,AHI-L1b-FLDK/2019/07/15/1800/HS_H08_20190715_1800_B13_FLDK_R20_S0101.DAT.bz2,/workspace/scratch/aa764eb01872/data/raw/himawari/2019/07/15/1800/HS_H08_20190715_1800_B13_FLDK_R20_S0101.DAT.bz2,"[""AHI-L1b-FLDK/2019/07/15/1800/HS_H08_20190715_1800_B13_FLDK_R20_S0101.DAT.bz2""]","[""/workspace/scratch/aa764eb01872/data/raw/himawari/2019/07/15/1800/HS_H08_20190715_1800_B13_FLDK_R20_S0101.DAT.bz2""]",1,1.0,235.1891021728516,187.6123046875,0.5072628039900439,0.2095190584659576,0.1450745016336441,0.5659889430936949,0.9550370113670318,61,2.458577007871477,113.54117514377872,360.26715087890625
2019195N13136,DANAS,1,2019-07-17T12:00:00+00:00,first_US_TS_or_34kt,2019-07-15T21:00:00+00:00,-39,16.9,127.0,1,AHI-L1b-FLDK/2019/07/15/2100/HS_H08_20190715_2100_B13_FLDK_R20_S0101.DAT.bz2,/workspace/scratch/aa764eb01872/data/raw/himawari/2019/07/15/2100/HS_H08_20190715_2100_B13_FLDK_R20_S0101.DAT.bz2,"[""AHI-L1b-FLDK/2019/07/15/2100/HS_H08_20190715_2100_B13_FLDK_R20_S0101.DAT.bz2""]","[""/workspace/scratch/aa764eb01872/data/raw/himawari/2019/07/15/2100/HS_H08_20190715_2100_B13_FLDK_R20_S0101.DAT.bz2""]",1,1.0,235.55450439453125,184.1884613037109,0.5269252870041906,0.2562520205974579,0.1437722742557525,0.503038736667883,0.968470541371648,56,2.2699819212154133,117.71431503121408,362.8400573730469
2019195N13136,DANAS,1,2019-07-17T12:00:00+00:00,first_US_TS_or_34kt,2019-07-16T00:00:00+00:00,-36,16.9,126.4,1,AHI-L1b-FLDK/2019/07/16/0000/HS_H08_20190716_0000_B13_FLDK_R20_S0101.DAT.bz2,/workspace/scratch/aa764eb01872/data/raw/himawari/2019/07/16/0000/HS_H08_20190716_0000_B13_FLDK_R20_S0101.DAT.bz2,"[""AHI-L1b-FLDK/2019/07/16/0000/HS_H08_20190716_0000_B13_FLDK_R20_S0101.DAT.bz2""]","[""/workspace/scratch/aa764eb01872/data/raw/himawari/2019/07/16/0000/HS_H08_20190716_0000_B13_FLDK_R20_S0101.DAT.bz2""]",1,1.0,235.2740020751953,181.50933837890625,0.5290251448465685,0.2710488140583038,0.1476998329162597,0.426051770362703,0.910570952942486,68,2.76914681772091,130.45304684031882,361.0479736328125
2019195N13136,DANAS,1,2019-07-17T12:00:00+00:00,first_US_TS_or_34kt,2019-07-16T03:00:00+00:00,-33,17.0,125.6,1,AHI-L1b-FLDK/2019/07/16/0300/HS_H08_20190716_0300_B13_FLDK_R20_S0101.DAT.bz2,/workspace/scratch/aa764eb01872/data/raw/himawari/2019/07/16/0300/HS_H08_20190716_0300_B13_FLDK_R20_S0101.DAT.bz2,"[""AHI-L1b-FLDK/2019/07/16/0300/HS_H08_20190716_0300_B13_FLDK_R20_S0101.DAT.bz2""]","[""/workspace/scratch/aa764eb01872/data/raw/himawari/2019/07/16/0300/HS_H08_20190716_0300_B13_FLDK_R20_S0101.DAT.bz2""]",1,1.0,232.36831665039065,183.8435516357422,0.5965064051787128,0.3009886443614959,0.1442019492387771,0.4516080027370335,0.95165666856773,47,1.928118115695292,147.78111111152228,379.02777099609375
2019195N13136,DANAS,1,2019-07-17T12:00:00+00:00,first_US_TS_or_34kt,2019-07-16T06:00:00+00:00,-30,17.0,124.8,1,AHI-L1b-FLDK/2019/07/16/0600/HS_H08_20190716_0600_B13_FLDK_R20_S0101.DAT.bz2,/workspace/scratch/aa764eb01872/data/raw/himawari/2019/07/16/0600/HS_H08_20190716_0600_B13_FLDK_R20_S0101.DAT.bz2,"[""AHI-L1b-FLDK/2019/07/16/0600/HS_H08_20190716_0600_B13_FLDK_R20_S0101.DAT.bz2""]","[""/workspace/scratch/aa764eb01872/data/raw/himawari/2019/07/16/0600/HS_H08_20190716_0600_B13_FLDK_R20_S0101.DAT.bz2""]",1,1.0,230.8734588623047,182.60739135742188,0.6648911071901852,0.2185503840446472,0.1334338635206222,0.5615766700805882,0.9379562652609638,53,2.189178025609253,112.56712039122624,385.2838745117188
2019195N13136,DANAS,1,2019-07-17T12:00:00+00:00,first_US_TS_or_34kt,2019-07-16T09:00:00+00:00,-27,17.1,124.2,1,AHI-L1b-FLDK/2019/07/16/0900/HS_H08_20190716_0900_B13_FLDK_R20_S0101.DAT.bz2,/workspace/scratch/aa764eb01872/data/raw/himawari/2019/07/16/0900/HS_H08_20190716_0900_B13_FLDK_R20_S0101.DAT.bz2,"[""AHI-L1b-FLDK/2019/07/16/0900/HS_H08_20190716_0900_B13_FLDK_R20_S0101.DAT.bz2""]","[""/workspace/scratch/aa764eb01872/data/raw/himawari/2019/07/16/0900/HS_H08_20190716_0900_B13_FLDK_R20_S0101.DAT.bz2""]",1,1.0,233.81100463867188,184.5298309326172,0.5723980949855696,0.1638847142457962,0.1077220439910888,0.5438431832497277,0.8621115509238554,74,3.0755675253318704,108.82912016711532,395.1253051757813
2019195N13136,DANAS,1,2019-07-17T12:00:00+00:00,first_US_TS_or_34kt,2019-07-16T12:00:00+00:00,-24,17.2,123.8,1,AHI-L1b-FLDK/2019/07/16/1200/HS_H08_20190716_1200_B13_FLDK_R20_S0101.DAT.bz2,/workspace/scratch/aa764eb01872/data/raw/himawari/2019/07/16/1200/HS_H08_20190716_1200_B13_FLDK_R20_S0101.DAT.bz2,"[""AHI-L1b-FLDK/2019/07/16/1200/HS_H08_20190716_1200_B13_FLDK_R20_S0101.DAT.bz2""]","[""/workspace/scratch/aa764eb01872/data/raw/himawari/2019/07/16/1200/HS_H08_20190716_1200_B13_FLDK_R20_S0101.DAT.bz2""]",1,1.0,242.62506103515625,184.69923400878903,0.3698901201929122,0.1167611703276634,0.0922087877988815,0.2121559715703486,0.6909141940820652,83,3.4653940737586164,149.7245278093993,396.7922668457031
2019195N13136,DANAS,1,2019-07-17T12:00:00+00:00,first_US_TS_or_34kt,2019-07-16T15:00:00+00:00,-21,17.2,123.5,1,AHI-L1b-FLDK/2019/07/16/1500/HS_H08_20190716_1500_B13_FLDK_R20_S0101.DAT.bz2,/workspace/scratch/aa764eb01872/data/raw/himawari/2019/07/16/1500/HS_H08_20190716_1500_B13_FLDK_R20_S0101.DAT.bz2,"[""AHI-L1b-FLDK/2019/07/16/1500/HS_H08_20190716_1500_B13_FLDK_R20_S0101.DAT.bz2""]","[""/workspace/scratch/aa764eb01872/data/raw/himawari/2019/07/16/1500/HS_H08_20190716_1500_B13_FLDK_R20_S0101.DAT.bz2""]",1,1.0,245.1251220703125,181.6949615478516,0.3570647369611249,0.1459434777498245,0.0624989457428455,0.1502100810332659,0.7481449097927834,63,2.637727032933906,176.2371161315076,407.0197143554688
2019195N13136,DANAS,1,2019-07-17T12:00:00+00:00,first_US_TS_or_34kt,2019-07-16T18:00:00+00:00,-18,17.3,123.3,1,AHI-L1b-FLDK/2019/07/16/1800/HS_H08_20190716_1800_B13_FLDK_R20_S0101.DAT.bz2,/workspace/scratch/aa764eb01872/data/raw/himawari/2019/07/16/1800/HS_H08_20190716_1800_B13_FLDK_R20_S0101.DAT.bz2,"[""AHI-L1b-FLDK/2019/07/16/1800/HS_H08_20190716_1800_B13_FLDK_R20_S0101.DAT.bz2""]","[""/workspace/scratch/aa764eb01872/data/raw/himawari/2019/07/16/1800/HS_H08_20190716_1800_B13_FLDK_R20_S0101.DAT.bz2""]",1,1.0,244.77932739257807,179.78866577148438,0.3555944014831131,0.1587228029966354,0.0583254434168338,0.2901467570389225,0.5324224437422572,36,1.5116459725132374,158.2150124423172,436.7444458007813
2019195N13136,DANAS,1,2019-07-17T12:00:00+00:00,first_US_TS_or_34kt,2019-07-16T21:00:00+00:00,-15,17.7,123.3,1,AHI-L1b-FLDK/2019/07/16/2100/HS_H08_20190716_2100_B13_FLDK_R20_S0101.DAT.bz2,/workspace/scratch/aa764eb01872/data/raw/himawari/2019/07/16/2100/HS_H08_20190716_2100_B13_FLDK_R20_S0101.DAT.bz2,"[""AHI-L1b-FLDK/2019/07/16/2100/HS_H08_20190716_2100_B13_FLDK_R20_S0101.DAT.bz2""]","[""/workspace/scratch/aa764eb01872/data/raw/himawari/2019/07/16/2100/HS_H08_20190716_2100_B13_FLDK_R20_S0101.DAT.bz2""]",1,1.0,244.93731689453125,181.13487243652344,0.3977646744590362,0.1503935009241104,0.0524955466389656,0.3398537298226104,0.7730868738444431,40,1.6856655218188332,131.8591529556125,420.46002197265625
2019195N13136,DANAS,1,2019-07-17T12:00:00+00:00,first_US_TS_or_34kt,2019-07-17T00:00:00+00:00,-12,18.1,123.5,1,AHI-L1b-FLDK/2019/07/17/0000/HS_H08_20190717_0000_B13_FLDK_R20_S0101.DAT.bz2,/workspace/scratch/aa764eb01872/data/raw/himawari/2019/07/17/0000/HS_H08_20190717_0000_B13_FLDK_R20_S0101.DAT.bz2,"[""AHI-L1b-FLDK/2019/07/17/0000/HS_H08_20190717_0000_B13_FLDK_R20_S0101.DAT.bz2""]","[""/workspace/scratch/aa764eb01872/data/raw/himawari/2019/07/17/0000/HS_H08_20190717_0000_B13_FLDK_R20_S0101.DAT.bz2""]",1,1.0,244.89303588867188,180.7559967041016,0.3828160499464388,0.1632447838783264,0.0547291487455368,0.404951365730675,0.6086005153017757,61,2.57554582571577,85.4480588087006,426.7015686035156
2019195N13136,DANAS,1,2019-07-17T12:00:00+00:00,first_US_TS_or_34kt,2019-07-17T03:00:00+00:00,-9,18.5,123.6,1,AHI-L1b-FLDK/2019/07/17/0300/HS_H08_20190717_0300_B13_FLDK_R20_S0101.DAT.bz2,/workspace/scratch/aa764eb01872/data/raw/himawari/2019/07/17/0300/HS_H08_20190717_0300_B13_FLDK_R20_S0101.DAT.bz2,"[""AHI-L1b-FLDK/2019/07/17/0300/HS_H08_20190717_0300_B13_FLDK_R20_S0101.DAT.bz2""]","[""/workspace/scratch/aa764eb01872/data/raw/himawari/2019/07/17/0300/HS_H08_20190717_0300_B13_FLDK_R20_S0101.DAT.bz2""]",1,1.0,243.84689331054688,183.3194274902344,0.40194867768325,0.1778523921966552,0.0443220026791095,0.3159004097010048,0.5528629232100655,73,3.091609034274509,29.22937553551897,423.2253723144531
2019195N13136,DANAS,1,2019-07-17T12:00:00+00:00,first_US_TS_or_34kt,2019-07-17T06:00:00+00:00,-6,19.0,123.7,1,AHI-L1b-FLDK/2019/07/17/0600/HS_H08_20190717_0600_B13_FLDK_R20_S0101.DAT.bz2,/workspace/scratch/aa764eb01872/data/raw/himawari/2019/07/17/0600/HS_H08_20190717_0600_B13_FLDK_R20_S0101.DAT.bz2,"[""AHI-L1b-FLDK/2019/07/17/0600/HS_H08_20190717_0600_B13_FLDK_R20_S0101.DAT.bz2""]","[""/workspace/scratch/aa764eb01872/data/raw/himawari/2019/07/17/0600/HS_H08_20190717_0600_B13_FLDK_R20_S0101.DAT.bz2""]",1,1.0,243.3733062744141,183.66978454589844,0.442801372418621,0.1424930542707443,0.0308082904666662,0.3445246556791713,0.4665445449479677,59,2.5088234043457924,53.67265371023324,434.0369873046875
2019195N13136,DANAS,1,2019-07-17T12:00:00+00:00,first_US_TS_or_34kt,2019-07-17T09:00:00+00:00,-3,19.7,123.9,1,AHI-L1b-FLDK/2019/07/17/0900/HS_H08_20190717_0900_B13_FLDK_R20_S0101.DAT.bz2,/workspace/scratch/aa764eb01872/data/raw/himawari/2019/07/17/0900/HS_H08_20190717_0900_B13_FLDK_R20_S0101.DAT.bz2,"[""AHI-L1b-FLDK/2019/07/17/0900/HS_H08_20190717_0900_B13_FLDK_R20_S0101.DAT.bz2""]","[""/workspace/scratch/aa764eb01872/data/raw/himawari/2019/07/17/0900/HS_H08_20190717_0900_B13_FLDK_R20_S0101.DAT.bz2""]",1,1.0,241.8378753662109,184.1884613037109,0.4733956012129885,0.1895639896392822,0.0787355750799179,0.3554575893026193,0.4986253072292633,27,1.154265438300237,97.80766028870129,403.5540771484375
2019231N13135,BAILU,1,2019-08-22T00:00:00+00:00,first_US_TS_or_34kt,2019-08-19T00:00:00+00:00,-72,12.6,135.1,1,AHI-L1b-FLDK/2019/08/19/0000/HS_H08_20190819_0000_B13_FLDK_R20_S0101.DAT.bz2,/workspace/scratch/aa764eb01872/data/raw/himawari/2019/08/19/0000/HS_H08_20190819_0000_B13_FLDK_R20_S0101.DAT.bz2,"[""AHI-L1b-FLDK/2019/08/19/0000/HS_H08_20190819_0000_B13_FLDK_R20_S0101.DAT.bz2""]","[""/workspace/scratch/aa764eb01872/data/raw/himawari/2019/08/19/0000/HS_H08_20190819_0000_B13_FLDK_R20_S0101.DAT.bz2""]",2,1.0,262.4368896484375,197.4740295410156,0.1779490812214952,0.0168342608958482,0.0046883854083716,0.5951377328707377,0.137014225387929,122,4.580989643959477,86.81477032189402,452.9645690917969
2019231N13135,BAILU,1,2019-08-22T00:00:00+00:00,first_US_TS_or_34kt,2019-08-19T03:00:00+00:00,-69,12.7,134.9,1,AHI-L1b-FLDK/2019/08/19/0300/HS_H08_20190819_0300_B13_FLDK_R20_S0101.DAT.bz2,/workspace/scratch/aa764eb01872/data/raw/himawari/2019/08/19/0300/HS_H08_20190819_0300_B13_FLDK_R20_S0101.DAT.bz2,"[""AHI-L1b-FLDK/2019/08/19/0300/HS_H08_20190819_0300_B13_FLDK_R20_S0101.DAT.bz2""]","[""/workspace/scratch/aa764eb01872/data/raw/himawari/2019/08/19/0300/HS_H08_20190819_0300_B13_FLDK_R20_S0101.DAT.bz2""]",2,1.0,259.4284362792969,193.20323181152344,0.2025097288460889,0.0242288503795862,0.0456971265375614,0.374421132974294,0.320346401422675,117,4.399405892195754,72.91734856934086,419.7557678222656
2019231N13135,BAILU,1,2019-08-22T00:00:00+00:00,first_US_TS_or_34kt,2019-08-19T06:00:00+00:00,-66,12.8,134.7,1,AHI-L1b-FLDK/2019/08/19/0600/HS_H08_20190819_0600_B13_FLDK_R20_S0101.DAT.bz2,/workspace/scratch/aa764eb01872/data/raw/himawari/2019/08/19/0600/HS_H08_20190819_0600_B13_FLDK_R20_S0101.DAT.bz2,"[""AHI-L1b-FLDK/2019/08/19/0600/HS_H08_20190819_0600_B13_FLDK_R20_S0101.DAT.bz2""]","[""/workspace/scratch/aa764eb01872/data/raw/himawari/2019/08/19/0600/HS_H08_20190819_0600_B13_FLDK_R20_S0101.DAT.bz2""]",2,1.0,257.92205810546875,193.99246215820312,0.2083248655325308,0.0268550142645835,0.0741181224584579,0.1141713009835386,0.4824170862988977,118,4.44253691446987,147.8341358230771,430.7066345214844
2019231N13135,BAILU,1,2019-08-22T00:00:00+00:00,first_US_TS_or_34kt,2019-08-19T09:00:00+00:00,-63,12.9,134.5,1,AHI-L1b-FLDK/2019/08/19/0900/HS_H08_20190819_0900_B13_FLDK_R20_S0101.DAT.bz2,/workspace/scratch/aa764eb01872/data/raw/himawari/2019/08/19/0900/HS_H08_20190819_0900_B13_FLDK_R20_S0101.DAT.bz2,"[""AHI-L1b-FLDK/2019/08/19/0900/HS_H08_20190819_0900_B13_FLDK_R20_S0101.DAT.bz2""]","[""/workspace/scratch/aa764eb01872/data/raw/himawari/2019/08/19/0900/HS_H08_20190819_0900_B13_FLDK_R20_S0101.DAT.bz2""]",2,1.0,259.6504821777344,191.2938842773437,0.1951300442929461,0.0244239419698715,0.076312817633152,0.1454989809821525,0.3505715110286689,73,2.752411187608871,152.23997431655258,434.2030029296875
2019231N13135,BAILU,1,2019-08-22T00:00:00+00:00,first_US_TS_or_34kt,2019-08-19T12:00:00+00:00,-60,13.0,134.2,1,AHI-L1b-FLDK/2019/08/19/1200/HS_H08_20190819_1200_B13_FLDK_R20_S0101.DAT.bz2,/workspace/scratch/aa764eb01872/data/raw/himawari/2019/08/19/1200/HS_H08_20190819_1200_B13_FLDK_R20_S0101.DAT.bz2,"[""AHI-L1b-FLDK/2019/08/19/1200/HS_H08_20190819_1200_B13_FLDK_R20_S0101.DAT.bz2""]","[""/workspace/scratch/aa764eb01872/data/raw/himawari/2019/08/19/1200/HS_H08_20190819_1200_B13_FLDK_R20_S0101.DAT.bz2""]",2,1.0,260.1304016113281,190.7296295166016,0.1755865839433366,0.0250791814178228,0.0961389914155006,0.3686709723341006,0.2648797614038384,84,3.1724330673273387,117.20044965960822,391.4378967285156
2019231N13135,BAILU,1,2019-08-22T00:00:00+00:00,first_US_TS_or_34kt,2019-08-19T15:00:00+00:00,-57,13.1,134.1,1,AHI-L1b-FLDK/2019/08/19/1500/HS_H08_20190819_1500_B13_FLDK_R20_S0101.DAT.bz2,/workspace/scratch/aa764eb01872/data/raw/himawari/2019/08/19/1500/HS_H08_20190819_1500_B13_FLDK_R20_S0101.DAT.bz2,"[""AHI-L1b-FLDK/2019/08/19/1500/HS_H08_20190819_1500_B13_FLDK_R20_S0101.DAT.bz2""]","[""/workspace/scratch/aa764eb01872/data/raw/himawari/2019/08/19/1500/HS_H08_20190819_1500_B13_FLDK_R20_S0101.DAT.bz2""]",2,1.0,258.6470947265625,188.3797607421875,0.2211684858202653,0.066464327275753,0.1065019518136978,0.4853122411018782,0.3519229344669388,89,3.364635787627213,79.36096134585581,385.5893859863281
2019231N13135,BAILU,1,2019-08-22T00:00:00+00:00,first_US_TS_or_34kt,2019-08-19T18:00:00+00:00,-54,13.2,134.0,1,AHI-L1b-FLDK/2019/08/19/1800/HS_H08_20190819_1800_B13_FLDK_R20_S0101.DAT.bz2,/workspace/scratch/aa764eb01872/data/raw/himawari/2019/08/19/1800/HS_H08_20190819_1800_B13_FLDK_R20_S0101.DAT.bz2,"[""AHI-L1b-FLDK/2019/08/19/1800/HS_H08_20190819_1800_B13_FLDK_R20_S0101.DAT.bz2""]","[""/workspace/scratch/aa764eb01872/data/raw/himawari/2019/08/19/1800/HS_H08_20190819_1800_B13_FLDK_R20_S0101.DAT.bz2""]",2,1.0,254.14968872070312,190.01171875,0.2933817800159045,0.1055898815393447,0.0806062817573547,0.3475724429821145,0.4963171268754679,87,3.2924863191516742,56.31154548939925,407.690185546875
2019231N13135,BAILU,1,2019-08-22T00:00:00+00:00,first_US_TS_or_34kt,2019-08-19T21:00:00+00:00,-51,13.3,133.9,1,AHI-L1b-FLDK/2019/08/19/2100/HS_H08_20190819_2100_B13_FLDK_R20_S0101.DAT.bz2,/workspace/scratch/aa764eb01872/data/raw/himawari/2019/08/19/2100/HS_H08_20190819_2100_B13_FLDK_R20_S0101.DAT.bz2,"[""AHI-L1b-FLDK/2019/08/19/2100/HS_H08_20190819_2100_B13_FLDK_R20_S0101.DAT.bz2""]","[""/workspace/scratch/aa764eb01872/data/raw/himawari/2019/08/19/2100/HS_H08_20190819_2100_B13_FLDK_R20_S0101.DAT.bz2""]",2,1.0,254.72268676757807,188.53126525878903,0.3145995169856476,0.1117457225918769,0.0550798512995243,0.15018817350826,0.637472168875978,70,2.651957144372547,114.10344957793777,430.9872131347656
2019231N13135,BAILU,1,2019-08-22T00:00:00+00:00,first_US_TS_or_34kt,2019-08-20T00:00:00+00:00,-48,13.5,133.8,1,AHI-L1b-FLDK/2019/08/20/0000/HS_H08_20190820_0000_B13_FLDK_R20_S0101.DAT.bz2,/workspace/scratch/aa764eb01872/data/raw/himawari/2019/08/20/0000/HS_H08_20190820_0000_B13_FLDK_R20_S0101.DAT.bz2,"[""AHI-L1b-FLDK/2019/08/20/0000/HS_H08_20190820_0000_B13_FLDK_R20_S0101.DAT.bz2""]","[""/workspace/scratch/aa764eb01872/data/raw/himawari/2019/08/20/0000/HS_H08_20190820_0000_B13_FLDK_R20_S0101.DAT.bz2""]",2,1.0,254.60519409179688,190.44415283203125,0.3158659451060229,0.1041817739605903,0.0973676294088363,0.2997127864452404,0.4959526688717476,61,2.31528925933517,131.9147217496057,403.2803955078125
2019231N13135,BAILU,1,2019-08-22T00:00:00+00:00,first_US_TS_or_34kt,2019-08-20T03:00:00+00:00,-45,13.6,133.7,1,AHI-L1b-FLDK/2019/08/20/0300/HS_H08_20190820_0300_B13_FLDK_R20_S0101.DAT.bz2,/workspace/scratch/aa764eb01872/data/raw/himawari/2019/08/20/0300/HS_H08_20190820_0300_B13_FLDK_R20_S0101.DAT.bz2,"[""AHI-L1b-FLDK/2019/08/20/0300/HS_H08_20190820_0300_B13_FLDK_R20_S0101.DAT.bz2""]","[""/workspace/scratch/aa764eb01872/data/raw/himawari/2019/08/20/0300/HS_H08_20190820_0300_B13_FLDK_R20_S0101.DAT.bz2""]",2,1.0,250.5868225097656,192.2608795166016,0.3848132832340681,0.0784808546304702,0.0760924443602562,0.3590408877795205,0.904327830109081,75,2.849933881533948,138.7703669300783,388.7600402832031
2019231N13135,BAILU,1,2019-08-22T00:00:00+00:00,first_US_TS_or_34kt,2019-08-20T06:00:00+00:00,-42,13.7,133.6,1,AHI-L1b-FLDK/2019/08/20/0600/HS_H08_20190820_0600_B13_FLDK_R20_S0101.DAT.bz2,/workspace/scratch/aa764eb01872/data/raw/himawari/2019/08/20/0600/HS_H08_20190820_0600_B13_FLDK_R20_S0101.DAT.bz2,"[""AHI-L1b-FLDK/2019/08/20/0600/HS_H08_20190820_0600_B13_FLDK_R20_S0101.DAT.bz2""]","[""/workspace/scratch/aa764eb01872/data/raw/himawari/2019/08/20/0600/HS_H08_20190820_0600_B13_FLDK_R20_S0101.DAT.bz2""]",2,1.0,245.6859741210937,185.20233154296875,0.4504201712571427,0.091866098344326,0.0888993889093399,0.3756973144451169,0.8417594655736976,106,4.032104682566853,153.46302362110893,388.3976745605469
2019231N13135,BAILU,1,2019-08-22T00:00:00+00:00,first_US_TS_or_34kt,2019-08-20T09:00:00+00:00,-39,13.9,133.5,1,AHI-L1b-FLDK/2019/08/20/0900/HS_H08_20190820_0900_B13_FLDK_R20_S0101.DAT.bz2,/workspace/scratch/aa764eb01872/data/raw/himawari/2019/08/20/0900/HS_H08_20190820_0900_B13_FLDK_R20_S0101.DAT.bz2,"[""AHI-L1b-FLDK/2019/08/20/0900/HS_H08_20190820_0900_B13_FLDK_R20_S0101.DAT.bz2""]","[""/workspace/scratch/aa764eb01872/data/raw/himawari/2019/08/20/0900/HS_H08_20190820_0900_B13_FLDK_R20_S0101.DAT.bz2""]",2,1.0,245.41256713867188,186.3480529785156,0.4228044517875485,0.0647528693079948,0.1413695961236953,0.328241697810855,0.6396013192906237,96,3.658829403267792,173.653443016137,385.1574096679688
2019231N13135,BAILU,1,2019-08-22T00:00:00+00:00,first_US_TS_or_34kt,2019-08-20T12:00:00+00:00,-36,14.1,133.3,1,AHI-L1b-FLDK/2019/08/20/1200/HS_H08_20190820_1200_B13_FLDK_R20_S0101.DAT.bz2,/workspace/scratch/aa764eb01872/data/raw/himawari/2019/08/20/1200/HS_H08_20190820_1200_B13_FLDK_R20_S0101.DAT.bz2,"[""AHI-L1b-FLDK/2019/08/20/1200/HS_H08_20190820_1200_B13_FLDK_R20_S0101.DAT.bz2""]","[""/workspace/scratch/aa764eb01872/data/raw/himawari/2019/08/20/1200/HS_H08_20190820_1200_B13_FLDK_R20_S0101.DAT.bz2""]",2,1.0,251.50961303710932,190.3006134033203,0.306595842591384,0.0570369325578212,0.149752676486969,0.295861582980962,0.4584444467349186,93,3.5528728606356967,167.30200387723448,377.3735656738281
2019231N13135,BAILU,1,2019-08-22T00:00:00+00:00,first_US_TS_or_34kt,2019-08-20T15:00:00+00:00,-33,14.2,133.1,1,AHI-L1b-FLDK/2019/08/20/1500/HS_H08_20190820_1500_B13_FLDK_R20_S0101.DAT.bz2,/workspace/scratch/aa764eb01872/data/raw/himawari/2019/08/20/1500/HS_H08_20190820_1500_B13_FLDK_R20_S0101.DAT.bz2,"[""AHI-L1b-FLDK/2019/08/20/1500/HS_H08_20190820_1500_B13_FLDK_R20_S0101.DAT.bz2""]","[""/workspace/scratch/aa764eb01872/data/raw/himawari/2019/08/20/1500/HS_H08_20190820_1500_B13_FLDK_R20_S0101.DAT.bz2""]",2,1.0,255.969970703125,190.5871734619141,0.2640390310658003,0.0671212300658226,0.1565786302089691,0.1989048166340028,0.4502499072607932,90,3.4431836441125387,151.9143655182593,396.445556640625
2019231N13135,BAILU,1,2019-08-22T00:00:00+00:00,first_US_TS_or_34kt,2019-08-20T18:00:00+00:00,-30,14.4,132.9,1,AHI-L1b-FLDK/2019/08/20/1800/HS_H08_20190820_1800_B13_FLDK_R20_S0101.DAT.bz2,/workspace/scratch/aa764eb01872/data/raw/himawari/2019/08/20/1800/HS_H08_20190820_1800_B13_FLDK_R20_S0101.DAT.bz2,"[""AHI-L1b-FLDK/2019/08/20/1800/HS_H08_20190820_1800_B13_FLDK_R20_S0101.DAT.bz2""]","[""/workspace/scratch/aa764eb01872/data/raw/himawari/2019/08/20/1800/HS_H08_20190820_1800_B13_FLDK_R20_S0101.DAT.bz2""]",2,1.0,258.0538024902344,184.5298309326172,0.2702273712393334,0.0940208211541175,0.1987296342849731,0.3062862678645625,0.548943478953566,74,2.837858567264918,124.1366051453688,377.4044189453125
2019231N13135,BAILU,1,2019-08-22T00:00:00+00:00,first_US_TS_or_34kt,2019-08-20T21:00:00+00:00,-27,14.5,132.7,1,AHI-L1b-FLDK/2019/08/20/2100/HS_H08_20190820_2100_B13_FLDK_R20_S0101.DAT.bz2,/workspace/scratch/aa764eb01872/data/raw/himawari/2019/08/20/2100/HS_H08_20190820_2100_B13_FLDK_R20_S0101.DAT.bz2,"[""AHI-L1b-FLDK/2019/08/20/2100/HS_H08_20190820_2100_B13_FLDK_R20_S0101.DAT.bz2""]","[""/workspace/scratch/aa764eb01872/data/raw/himawari/2019/08/20/2100/HS_H08_20190820_2100_B13_FLDK_R20_S0101.DAT.bz2""]",2,1.0,252.07827758789065,185.20233154296875,0.353016218059321,0.1335057467222213,0.2026399075984954,0.3501815879968428,0.5755308116570341,60,2.30467849734962,96.17219805920324,359.034423828125
2019231N13135,BAILU,1,2019-08-22T00:00:00+00:00,first_US_TS_or_34kt,2019-08-21T00:00:00+00:00,-24,14.6,132.4,1,AHI-L1b-FLDK/2019/08/21/0000/HS_H08_20190821_0000_B13_FLDK_R20_S0101.DAT.bz2,/workspace/scratch/aa764eb01872/data/raw/himawari/2019/08/21/0000/HS_H08_20190821_0000_B13_FLDK_R20_S0101.DAT.bz2,"[""AHI-L1b-FLDK/2019/08/21/0000/HS_H08_20190821_0000_B13_FLDK_R20_S0101.DAT.bz2""]","[""/workspace/scratch/aa764eb01872/data/raw/himawari/2019/08/21/0000/HS_H08_20190821_0000_B13_FLDK_R20_S0101.DAT.bz2""]",2,1.0,246.7330017089844,185.20233154296875,0.4468974878990502,0.1536872237920761,0.1741277277469635,0.3511294201909122,0.8873309212740105,86,3.3105317252874578,150.72563081736678,357.4512634277344
2019231N13135,BAILU,1,2019-08-22T00:00:00+00:00,first_US_TS_or_34kt,2019-08-21T03:00:00+00:00,-21,14.8,132.0,1,AHI-L1b-FLDK/2019/08/21/0300/HS_H08_20190821_0300_B13_FLDK_R20_S0101.DAT.bz2,/workspace/scratch/aa764eb01872/data/raw/himawari/2019/08/21/0300/HS_H08_20190821_0300_B13_FLDK_R20_S0101.DAT.bz2,"[""AHI-L1b-FLDK/2019/08/21/0300/HS_H08_20190821_0300_B13_FLDK_R20_S0101.DAT.bz2""]","[""/workspace/scratch/aa764eb01872/data/raw/himawari/2019/08/21/0300/HS_H08_20190821_0300_B13_FLDK_R20_S0101.DAT.bz2""]",2,1.0,244.3604431152344,186.8275604248047,0.468839087786054,0.171536773443222,0.1365892440080642,0.3477923224904791,0.9536051525663484,82,3.167576379151167,153.96455484025884,374.6089782714844
2019231N13135,BAILU,1,2019-08-22T00:00:00+00:00,first_US_TS_or_34kt,2019-08-21T06:00:00+00:00,-18,14.9,131.6,1,AHI-L1b-FLDK/2019/08/21/0600/HS_H08_20190821_0600_B13_FLDK_R20_S0101.DAT.bz2,/workspace/scratch/aa764eb01872/data/raw/himawari/2019/08/21/0600/HS_H08_20190821_0600_B13_FLDK_R20_S0101.DAT.bz2,"[""AHI-L1b-FLDK/2019/08/21/0600/HS_H08_20190821_0600_B13_FLDK_R20_S0101.DAT.bz2""]","[""/workspace/scratch/aa764eb01872/data/raw/himawari/2019/08/21/0600/HS_H08_20190821_0600_B13_FLDK_R20_S0101.DAT.bz2""]",2,1.0,241.0670318603516,186.9859313964844,0.5175267127616344,0.1318838447332382,0.1608095169067382,0.418753209125458,0.7358167809750888,63,2.440129675462753,123.53161891698792,374.5847778320313
2019231N13135,BAILU,1,2019-08-22T00:00:00+00:00,first_US_TS_or_34kt,2019-08-21T09:00:00+00:00,-15,15.1,131.2,1,AHI-L1b-FLDK/2019/08/21/0900/HS_H08_20190821_0900_B13_FLDK_R20_S0101.DAT.bz2,/workspace/scratch/aa764eb01872/data/raw/himawari/2019/08/21/0900/HS_H08_20190821_0900_B13_FLDK_R20_S0101.DAT.bz2,"[""AHI-L1b-FLDK/2019/08/21/0900/HS_H08_20190821_0900_B13_FLDK_R20_S0101.DAT.bz2""]","[""/workspace/scratch/aa764eb01872/data/raw/himawari/2019/08/21/0900/HS_H08_20190821_0900_B13_FLDK_R20_S0101.DAT.bz2""]",2,1.0,240.3269195556641,186.50863647460932,0.5291250124660395,0.0987250506877899,0.1600434631109237,0.4464400236351028,0.9214165584108226,56,2.176938447065409,115.88834638167566,368.738525390625
2019231N13135,BAILU,1,2019-08-22T00:00:00+00:00,first_US_TS_or_34kt,2019-08-21T12:00:00+00:00,-12,15.2,130.7,1,AHI-L1b-FLDK/2019/08/21/1200/HS_H08_20190821_1200_B13_FLDK_R20_S0101.DAT.bz2,/workspace/scratch/aa764eb01872/data/raw/himawari/2019/08/21/1200/HS_H08_20190821_1200_B13_FLDK_R20_S0101.DAT.bz2,"[""AHI-L1b-FLDK/2019/08/21/1200/HS_H08_20190821_1200_B13_FLDK_R20_S0101.DAT.bz2""]","[""/workspace/scratch/aa764eb01872/data/raw/himawari/2019/08/21/1200/HS_H08_20190821_1200_B13_FLDK_R20_S0101.DAT.bz2""]",2,1.0,242.9602203369141,182.786865234375,0.4347892364835101,0.1274293512105941,0.1890715807676315,0.4573098890398158,0.9436996117980604,50,1.950207307036738,81.2763629159713,356.2709045410156
2019231N13135,BAILU,1,2019-08-22T00:00:00+00:00,first_US_TS_or_34kt,2019-08-21T15:00:00+00:00,-9,15.4,130.4,1,AHI-L1b-FLDK/2019/08/21/1500/HS_H08_20190821_1500_B13_FLDK_R20_S0101.DAT.bz2,/workspace/scratch/aa764eb01872/data/raw/himawari/2019/08/21/1500/HS_H08_20190821_1500_B13_FLDK_R20_S0101.DAT.bz2,"[""AHI-L1b-FLDK/2019/08/21/1500/HS_H08_20190821_1500_B13_FLDK_R20_S0101.DAT.bz2""]","[""/workspace/scratch/aa764eb01872/data/raw/himawari/2019/08/21/1500/HS_H08_20190821_1500_B13_FLDK_R20_S0101.DAT.bz2""]",2,1.0,242.75567626953125,183.3194274902344,0.4494983448687504,0.203090101480484,0.198089137673378,0.4282597219815397,0.948582330582625,41,1.6045019978006585,92.93456915856818,352.1957397460937
2019231N13135,BAILU,1,2019-08-22T00:00:00+00:00,first_US_TS_or_34kt,2019-08-21T18:00:00+00:00,-6,15.6,130.1,1,AHI-L1b-FLDK/2019/08/21/1800/HS_H08_20190821_1800_B13_FLDK_R20_S0101.DAT.bz2,/workspace/scratch/aa764eb01872/data/raw/himawari/2019/08/21/1800/HS_H08_20190821_1800_B13_FLDK_R20_S0101.DAT.bz2,"[""AHI-L1b-FLDK/2019/08/21/1800/HS_H08_20190821_1800_B13_FLDK_R20_S0101.DAT.bz2""]","[""/workspace/scratch/aa764eb01872/data/raw/himawari/2019/08/21/1800/HS_H08_20190821_1800_B13_FLDK_R20_S0101.DAT.bz2""]",2,1.0,240.0030517578125,182.4269256591797,0.4797254103073898,0.2429918497800827,0.1609610915184021,0.4286513111881935,0.8765879813550824,66,2.591680704937152,112.56519164661113,377.4778137207031
2019231N13135,BAILU,1,2019-08-22T00:00:00+00:00,first_US_TS_or_34kt,2019-08-21T21:00:00+00:00,-3,15.7,129.6,1,AHI-L1b-FLDK/2019/08/21/2100/HS_H08_20190821_2100_B13_FLDK_R20_S0101.DAT.bz2,/workspace/scratch/aa764eb01872/data/raw/himawari/2019/08/21/2100/HS_H08_20190821_2100_B13_FLDK_R20_S0101.DAT.bz2,"[""AHI-L1b-FLDK/2019/08/21/2100/HS_H08_20190821_2100_B13_FLDK_R20_S0101.DAT.bz2""]","[""/workspace/scratch/aa764eb01872/data/raw/himawari/2019/08/21/2100/HS_H08_20190821_2100_B13_FLDK_R20_S0101.DAT.bz2""]",2,1.0,235.76470947265625,181.32264709472656,0.5095620194621453,0.284940093755722,0.1660684049129486,0.4244074164697951,0.7788629615460854,74,2.916911385020477,148.1626350719933,373.5504760742188
2019236N08143,PODUL,1,2019-08-28T00:00:00+00:00,first_US_TS_or_34kt,2019-08-25T00:00:00+00:00,-72,11.1,137.7,1,AHI-L1b-FLDK/2019/08/25/0000/HS_H08_20190825_0000_B13_FLDK_R20_S0101.DAT.bz2,/workspace/scratch/aa764eb01872/data/raw/himawari/2019/08/25/0000/HS_H08_20190825_0000_B13_FLDK_R20_S0101.DAT.bz2,"[""AHI-L1b-FLDK/2019/08/25/0000/HS_H08_20190825_0000_B13_FLDK_R20_S0101.DAT.bz2""]","[""/workspace/scratch/aa764eb01872/data/raw/himawari/2019/08/25/0000/HS_H08_20190825_0000_B13_FLDK_R20_S0101.DAT.bz2""]",3,1.0,241.3209381103516,185.368392944336,0.4714455243536963,0.1546242386102676,0.1846700757741928,0.4106142613186853,0.8320258144248702,84,3.105429325604265,157.672018906871,375.8918151855469
2019236N08143,PODUL,1,2019-08-28T00:00:00+00:00,first_US_TS_or_34kt,2019-08-25T03:00:00+00:00,-69,11.7,137.3,1,AHI-L1b-FLDK/2019/08/25/0300/HS_H08_20190825_0300_B13_FLDK_R20_S0101.DAT.bz2,/workspace/scratch/aa764eb01872/data/raw/himawari/2019/08/25/0300/HS_H08_20190825_0300_B13_FLDK_R20_S0101.DAT.bz2,"[""AHI-L1b-FLDK/2019/08/25/0300/HS_H08_20190825_0300_B13_FLDK_R20_S0101.DAT.bz2""]","[""/workspace/scratch/aa764eb01872/data/raw/himawari/2019/08/25/0300/HS_H08_20190825_0300_B13_FLDK_R20_S0101.DAT.bz2""]",3,1.0,238.4289703369141,188.22760009765625,0.473075701007404,0.1672433614730835,0.1754345446825027,0.4241584379947762,0.6784568638297658,127,4.715667526873735,149.18133686730746,371.9225769042969
2019236N08143,PODUL,1,2019-08-28T00:00:00+00:00,first_US_TS_or_34kt,2019-08-25T06:00:00+00:00,-66,12.1,136.8,1,AHI-L1b-FLDK/2019/08/25/0600/HS_H08_20190825_0600_B13_FLDK_R20_S0101.DAT.bz2,/workspace/scratch/aa764eb01872/data/raw/himawari/2019/08/25/0600/HS_H08_20190825_0600_B13_FLDK_R20_S0101.DAT.bz2,"[""AHI-L1b-FLDK/2019/08/25/0600/HS_H08_20190825_0600_B13_FLDK_R20_S0101.DAT.bz2""]","[""/workspace/scratch/aa764eb01872/data/raw/himawari/2019/08/25/0600/HS_H08_20190825_0600_B13_FLDK_R20_S0101.DAT.bz2""]",3,1.0,238.19395446777344,189.27919006347656,0.5307818681155608,0.1087251082062721,0.1447388529777526,0.4409072421857418,0.922332479369878,59,2.198457353653538,148.2904270353905,371.1349182128906
2019236N08143,PODUL,1,2019-08-28T00:00:00+00:00,first_US_TS_or_34kt,2019-08-25T09:00:00+00:00,-63,12.4,136.2,1,AHI-L1b-FLDK/2019/08/25/0900/HS_H08_20190825_0900_B13_FLDK_R20_S0101.DAT.bz2,/workspace/scratch/aa764eb01872/data/raw/himawari/2019/08/25/0900/HS_H08_20190825_0900_B13_FLDK_R20_S0101.DAT.bz2,"[""AHI-L1b-FLDK/2019/08/25/0900/HS_H08_20190825_0900_B13_FLDK_R20_S0101.DAT.bz2""]","[""/workspace/scratch/aa764eb01872/data/raw/himawari/2019/08/25/0900/HS_H08_20190825_0900_B13_FLDK_R20_S0101.DAT.bz2""]",3,1.0,236.4716796875,187.14358520507807,0.5123324972690309,0.0803825408220291,0.1232523769140243,0.5555304818924738,0.9647701759236978,59,2.2060363136011487,125.02143578563071,389.1735229492188
2019236N08143,PODUL,1,2019-08-28T00:00:00+00:00,first_US_TS_or_34kt,2019-08-25T12:00:00+00:00,-60,12.5,135.5,1,AHI-L1b-FLDK/2019/08/25/1200/HS_H08_20190825_1200_B13_FLDK_R20_S0101.DAT.bz2,/workspace/scratch/aa764eb01872/data/raw/himawari/2019/08/25/1200/HS_H08_20190825_1200_B13_FLDK_R20_S0101.DAT.bz2,"[""AHI-L1b-FLDK/2019/08/25/1200/HS_H08_20190825_1200_B13_FLDK_R20_S0101.DAT.bz2""]","[""/workspace/scratch/aa764eb01872/data/raw/himawari/2019/08/25/1200/HS_H08_20190825_1200_B13_FLDK_R20_S0101.DAT.bz2""]",3,1.0,241.2797698974609,187.456771850586,0.3777978085425401,0.0746593847870826,0.0703745484352111,0.4081032266037825,0.5546856163516382,63,2.3613989977173144,151.3972252211416,411.0643005371094
2019236N08143,PODUL,1,2019-08-28T00:00:00+00:00,first_US_TS_or_34kt,2019-08-25T15:00:00+00:00,-57,12.6,134.7,1,AHI-L1b-FLDK/2019/08/25/1500/HS_H08_20190825_1500_B13_FLDK_R20_S0101.DAT.bz2,/workspace/scratch/aa764eb01872/data/raw/himawari/2019/08/25/1500/HS_H08_20190825_1500_B13_FLDK_R20_S0101.DAT.bz2,"[""AHI-L1b-FLDK/2019/08/25/1500/HS_H08_20190825_1500_B13_FLDK_R20_S0101.DAT.bz2""]","[""/workspace/scratch/aa764eb01872/data/raw/himawari/2019/08/25/1500/HS_H08_20190825_1500_B13_FLDK_R20_S0101.DAT.bz2""]",3,1.0,245.77012634277344,186.8275604248047,0.3224248894713908,0.0644214525818824,0.1052500829100608,0.4132040791872585,0.3523513092445463,60,2.256063169768753,95.82940989872576,408.4321594238281
2019236N08143,PODUL,1,2019-08-28T00:00:00+00:00,first_US_TS_or_34kt,2019-08-25T18:00:00+00:00,-54,12.6,133.9,1,AHI-L1b-FLDK/2019/08/25/1800/HS_H08_20190825_1800_B13_FLDK_R20_S0101.DAT.bz2,/workspace/scratch/aa764eb01872/data/raw/himawari/2019/08/25/1800/HS_H08_20190825_1800_B13_FLDK_R20_S0101.DAT.bz2,"[""AHI-L1b-FLDK/2019/08/25/1800/HS_H08_20190825_1800_B13_FLDK_R20_S0101.DAT.bz2""]","[""/workspace/scratch/aa764eb01872/data/raw/himawari/2019/08/25/1800/HS_H08_20190825_1800_B13_FLDK_R20_S0101.DAT.bz2""]",3,1.0,250.1693725585937,189.27919006347656,0.2873856081127945,0.1046619340777397,0.2207409739494323,0.3209991133024328,0.4429291409987476,62,2.337629040893427,68.88991803719433,351.38897705078125
2019236N08143,PODUL,1,2019-08-28T00:00:00+00:00,first_US_TS_or_34kt,2019-08-25T21:00:00+00:00,-51,12.7,133.2,1,AHI-L1b-FLDK/2019/08/25/2100/HS_H08_20190825_2100_B13_FLDK_R20_S0101.DAT.bz2,/workspace/scratch/aa764eb01872/data/raw/himawari/2019/08/25/2100/HS_H08_20190825_2100_B13_FLDK_R20_S0101.DAT.bz2,"[""AHI-L1b-FLDK/2019/08/25/2100/HS_H08_20190825_2100_B13_FLDK_R20_S0101.DAT.bz2""]","[""/workspace/scratch/aa764eb01872/data/raw/himawari/2019/08/25/2100/HS_H08_20190825_2100_B13_FLDK_R20_S0101.DAT.bz2""]",3,1.0,252.220947265625,187.92127990722656,0.3259357751484235,0.0884615629911422,0.2395126968622207,0.3977860464220579,0.5704075755547383,76,2.875542001831266,126.6148143049194,341.4715576171875
2019236N08143,PODUL,1,2019-08-28T00:00:00+00:00,first_US_TS_or_34kt,2019-08-26T00:00:00+00:00,-48,12.9,132.5,1,AHI-L1b-FLDK/2019/08/26/0000/HS_H08_20190826_0000_B13_FLDK_R20_S0101.DAT.bz2,/workspace/scratch/aa764eb01872/data/raw/himawari/2019/08/26/0000/HS_H08_20190826_0000_B13_FLDK_R20_S0101.DAT.bz2,"[""AHI-L1b-FLDK/2019/08/26/0000/HS_H08_20190826_0000_B13_FLDK_R20_S0101.DAT.bz2""]","[""/workspace/scratch/aa764eb01872/data/raw/himawari/2019/08/26/0000/HS_H08_20190826_0000_B13_FLDK_R20_S0101.DAT.bz2""]",3,1.0,254.49082946777344,190.1564483642578,0.304086733356498,0.0981905534863472,0.2312627881765365,0.399778864247437,0.2853137572604652,91,3.4577489674249646,196.0869981358956,364.8888854980469
2019236N08143,PODUL,1,2019-08-28T00:00:00+00:00,first_US_TS_or_34kt,2019-08-26T03:00:00+00:00,-45,13.0,131.8,1,AHI-L1b-FLDK/2019/08/26/0300/HS_H08_20190826_0300_B13_FLDK_R20_S0101.DAT.bz2,/workspace/scratch/aa764eb01872/data/raw/himawari/2019/08/26/0300/HS_H08_20190826_0300_B13_FLDK_R20_S0101.DAT.bz2,"[""AHI-L1b-FLDK/2019/08/26/0300/HS_H08_20190826_0300_B13_FLDK_R20_S0101.DAT.bz2""]","[""/workspace/scratch/aa764eb01872/data/raw/himawari/2019/08/26/0300/HS_H08_20190826_0300_B13_FLDK_R20_S0101.DAT.bz2""]",3,1.0,254.01318359375,191.57278442382807,0.3121443531027159,0.0563369244337081,0.1514702290296554,0.3427431369077561,0.7415618914210562,62,2.365238622057757,202.73559065595,395.02734375
2019236N08143,PODUL,1,2019-08-28T00:00:00+00:00,first_US_TS_or_34kt,2019-08-26T06:00:00+00:00,-42,13.2,131.1,1,AHI-L1b-FLDK/2019/08/26/0600/HS_H08_20190826_0600_B13_FLDK_R20_S0101.DAT.bz2,/workspace/scratch/aa764eb01872/data/raw/himawari/2019/08/26/0600/HS_H08_20190826_0600_B13_FLDK_R20_S0101.DAT.bz2,"[""AHI-L1b-FLDK/2019/08/26/0600/HS_H08_20190826_0600_B13_FLDK_R20_S0101.DAT.bz2""]","[""/workspace/scratch/aa764eb01872/data/raw/himawari/2019/08/26/0600/HS_H08_20190826_0600_B13_FLDK_R20_S0101.DAT.bz2""]",3,1.0,255.15304565429688,191.2938842773437,0.2761232413040356,0.0466244481503963,0.1522693186998367,0.345960143233704,0.4952399860483384,123,4.71573329652761,150.0191294425128,380.53466796875
2019236N08143,PODUL,1,2019-08-28T00:00:00+00:00,first_US_TS_or_34kt,2019-08-26T09:00:00+00:00,-39,13.4,130.3,1,AHI-L1b-FLDK/2019/08/26/0900/HS_H08_20190826_0900_B13_FLDK_R20_S0101.DAT.bz2,/workspace/scratch/aa764eb01872/data/raw/himawari/2019/08/26/0900/HS_H08_20190826_0900_B13_FLDK_R20_S0101.DAT.bz2,"[""AHI-L1b-FLDK/2019/08/26/0900/HS_H08_20190826_0900_B13_FLDK_R20_S0101.DAT.bz2""]","[""/workspace/scratch/aa764eb01872/data/raw/himawari/2019/08/26/0900/HS_H08_20190826_0900_B13_FLDK_R20_S0101.DAT.bz2""]",3,1.0,258.341064453125,186.18670654296875,0.2223306482107103,0.0435752086341381,0.1851113140583038,0.1236960722626455,0.6549811036942366,46,1.7737812002329052,220.46511283757584,359.3944396972656
2019236N08143,PODUL,1,2019-08-28T00:00:00+00:00,first_US_TS_or_34kt,2019-08-26T12:00:00+00:00,-36,13.5,129.5,1,AHI-L1b-FLDK/2019/08/26/1200/HS_H08_20190826_1200_B13_FLDK_R20_S0101.DAT.bz2,/workspace/scratch/aa764eb01872/data/raw/himawari/2019/08/26/1200/HS_H08_20190826_1200_B13_FLDK_R20_S0101.DAT.bz2,"[""AHI-L1b-FLDK/2019/08/26/1200/HS_H08_20190826_1200_B13_FLDK_R20_S0101.DAT.bz2""]","[""/workspace/scratch/aa764eb01872/data/raw/himawari/2019/08/26/1200/HS_H08_20190826_1200_B13_FLDK_R20_S0101.DAT.bz2""]",3,1.0,255.175537109375,185.5336456298828,0.2598767732099962,0.1040468737483024,0.1125978976488113,0.024342179926486,0.6734646108756276,55,2.13230362452847,227.8878234121485,377.7473449707031
2019236N08143,PODUL,1,2019-08-28T00:00:00+00:00,first_US_TS_or_34kt,2019-08-26T15:00:00+00:00,-33,13.7,128.8,1,AHI-L1b-FLDK/2019/08/26/1500/HS_H08_20190826_1500_B13_FLDK_R20_S0101.DAT.bz2,/workspace/scratch/aa764eb01872/data/raw/himawari/2019/08/26/1500/HS_H08_20190826_1500_B13_FLDK_R20_S0101.DAT.bz2,"[""AHI-L1b-FLDK/2019/08/26/1500/HS_H08_20190826_1500_B13_FLDK_R20_S0101.DAT.bz2""]","[""/workspace/scratch/aa764eb01872/data/raw/himawari/2019/08/26/1500/HS_H08_20190826_1500_B13_FLDK_R20_S0101.DAT.bz2""]",3,1.0,251.9951934814453,182.4269256591797,0.3200602918788321,0.1258751004934311,0.1194811090826988,0.0057635430949251,0.697666756204272,39,1.5210193169453252,224.67593369752285,394.2482299804688
2019236N08143,PODUL,1,2019-08-28T00:00:00+00:00,first_US_TS_or_34kt,2019-08-26T18:00:00+00:00,-30,14.0,128.1,1,AHI-L1b-FLDK/2019/08/26/1800/HS_H08_20190826_1800_B13_FLDK_R20_S0101.DAT.bz2,/workspace/scratch/aa764eb01872/data/raw/himawari/2019/08/26/1800/HS_H08_20190826_1800_B13_FLDK_R20_S0101.DAT.bz2,"[""AHI-L1b-FLDK/2019/08/26/1800/HS_H08_20190826_1800_B13_FLDK_R20_S0101.DAT.bz2""]","[""/workspace/scratch/aa764eb01872/data/raw/himawari/2019/08/26/1800/HS_H08_20190826_1800_B13_FLDK_R20_S0101.DAT.bz2""]",3,1.0,248.83425903320312,184.5298309326172,0.3690790058302018,0.1382299810647964,0.1448018252849578,0.2275544475267844,0.4203186628859447,69,2.70977167228257,180.51278059789087,388.76849365234375
2019236N08143,PODUL,1,2019-08-28T00:00:00+00:00,first_US_TS_or_34kt,2019-08-26T21:00:00+00:00,-27,14.3,127.3,1,AHI-L1b-FLDK/2019/08/26/2100/HS_H08_20190826_2100_B13_FLDK_R20_S0101.DAT.bz2,/workspace/scratch/aa764eb01872/data/raw/himawari/2019/08/26/2100/HS_H08_20190826_2100_B13_FLDK_R20_S0101.DAT.bz2,"[""AHI-L1b-FLDK/2019/08/26/2100/HS_H08_20190826_2100_B13_FLDK_R20_S0101.DAT.bz2""]","[""/workspace/scratch/aa764eb01872/data/raw/himawari/2019/08/26/2100/HS_H08_20190826_2100_B13_FLDK_R20_S0101.DAT.bz2""]",3,1.0,247.5388336181641,180.37261962890625,0.3836942119212549,0.1550877541303634,0.1569268107414245,0.2525864739203619,0.962563065558236,53,2.0979713013359724,200.3096831931805,376.9618225097656
2019236N08143,PODUL,1,2019-08-28T00:00:00+00:00,first_US_TS_or_34kt,2019-08-27T00:00:00+00:00,-24,14.6,126.5,1,AHI-L1b-FLDK/2019/08/27/0000/HS_H08_20190827_0000_B13_FLDK_R20_S0101.DAT.bz2,/workspace/scratch/aa764eb01872/data/raw/himawari/2019/08/27/0000/HS_H08_20190827_0000_B13_FLDK_R20_S0101.DAT.bz2,"[""AHI-L1b-FLDK/2019/08/27/0000/HS_H08_20190827_0000_B13_FLDK_R20_S0101.DAT.bz2""]","[""/workspace/scratch/aa764eb01872/data/raw/himawari/2019/08/27/0000/HS_H08_20190827_0000_B13_FLDK_R20_S0101.DAT.bz2""]",3,1.0,250.3890380859375,185.86170959472656,0.3730374086131907,0.1550271809101104,0.1612512320280075,0.0932132918428761,0.923840033996194,66,2.634183722341071,240.80425948818413,361.7632751464844
2019236N08143,PODUL,1,2019-08-28T00:00:00+00:00,first_US_TS_or_34kt,2019-08-27T03:00:00+00:00,-21,14.9,125.6,1,AHI-L1b-FLDK/2019/08/27/0300/HS_H08_20190827_0300_B13_FLDK_R20_S0101.DAT.bz2,/workspace/scratch/aa764eb01872/data/raw/himawari/2019/08/27/0300/HS_H08_20190827_0300_B13_FLDK_R20_S0101.DAT.bz2,"[""AHI-L1b-FLDK/2019/08/27/0300/HS_H08_20190827_0300_B13_FLDK_R20_S0101.DAT.bz2""]","[""/workspace/scratch/aa764eb01872/data/raw/himawari/2019/08/27/0300/HS_H08_20190827_0300_B13_FLDK_R20_S0101.DAT.bz2""]",3,1.0,252.0234222412109,188.0747833251953,0.3779813864794473,0.1205083355307579,0.1290963143110275,0.0718701942884011,0.929979587007455,42,1.6925451446118631,253.8488634289366,370.9712219238281
2019236N08143,PODUL,1,2019-08-28T00:00:00+00:00,first_US_TS_or_34kt,2019-08-27T06:00:00+00:00,-18,15.2,124.6,1,AHI-L1b-FLDK/2019/08/27/0600/HS_H08_20190827_0600_B13_FLDK_R20_S0101.DAT.bz2,/workspace/scratch/aa764eb01872/data/raw/himawari/2019/08/27/0600/HS_H08_20190827_0600_B13_FLDK_R20_S0101.DAT.bz2,"[""AHI-L1b-FLDK/2019/08/27/0600/HS_H08_20190827_0600_B13_FLDK_R20_S0101.DAT.bz2""]","[""/workspace/scratch/aa764eb01872/data/raw/himawari/2019/08/27/0600/HS_H08_20190827_0600_B13_FLDK_R20_S0101.DAT.bz2""]",3,1.0,252.0034027099609,183.8435516357422,0.4071125322165204,0.0941178277134895,0.1600981950759887,0.1570617125605865,0.9591079235695288,45,1.8336063369435005,236.32836056705435,367.1319274902344
2019236N08143,PODUL,1,2019-08-28T00:00:00+00:00,first_US_TS_or_34kt,2019-08-27T09:00:00+00:00,-15,15.6,123.7,1,AHI-L1b-FLDK/2019/08/27/0900/HS_H08_20190827_0900_B13_FLDK_R20_S0101.DAT.bz2,/workspace/scratch/aa764eb01872/data/raw/himawari/2019/08/27/0900/HS_H08_20190827_0900_B13_FLDK_R20_S0101.DAT.bz2,"[""AHI-L1b-FLDK/2019/08/27/0900/HS_H08_20190827_0900_B13_FLDK_R20_S0101.DAT.bz2""]","[""/workspace/scratch/aa764eb01872/data/raw/himawari/2019/08/27/0900/HS_H08_20190827_0900_B13_FLDK_R20_S0101.DAT.bz2""]",3,1.0,251.5489044189453,186.02459716796875,0.3950843739344867,0.1191674619913101,0.1222031116485595,0.1578369640248386,0.9698082358615714,33,1.360056380519047,229.3644963924953,376.2973937988281
2019236N08143,PODUL,1,2019-08-28T00:00:00+00:00,first_US_TS_or_34kt,2019-08-27T12:00:00+00:00,-12,15.9,122.8,1,AHI-L1b-FLDK/2019/08/27/1200/HS_H08_20190827_1200_B13_FLDK_R20_S0101.DAT.bz2,/workspace/scratch/aa764eb01872/data/raw/himawari/2019/08/27/1200/HS_H08_20190827_1200_B13_FLDK_R20_S0101.DAT.bz2,"[""AHI-L1b-FLDK/2019/08/27/1200/HS_H08_20190827_1200_B13_FLDK_R20_S0101.DAT.bz2""]","[""/workspace/scratch/aa764eb01872/data/raw/himawari/2019/08/27/1200/HS_H08_20190827_1200_B13_FLDK_R20_S0101.DAT.bz2""]",3,1.0,251.7105865478516,184.5298309326172,0.3481774225283633,0.1396011561155319,0.146711453795433,0.081175361631763,0.6987247653220837,36,1.5002687981596703,242.53869830112885,384.9875793457031
2019236N08143,PODUL,1,2019-08-28T00:00:00+00:00,first_US_TS_or_34kt,2019-08-27T15:00:00+00:00,-9,16.1,121.9,1,AHI-L1b-FLDK/2019/08/27/1500/HS_H08_20190827_1500_B13_FLDK_R20_S0101.DAT.bz2,/workspace/scratch/aa764eb01872/data/raw/himawari/2019/08/27/1500/HS_H08_20190827_1500_B13_FLDK_R20_S0101.DAT.bz2,"[""AHI-L1b-FLDK/2019/08/27/1500/HS_H08_20190827_1500_B13_FLDK_R20_S0101.DAT.bz2""]","[""/workspace/scratch/aa764eb01872/data/raw/himawari/2019/08/27/1500/HS_H08_20190827_1500_B13_FLDK_R20_S0101.DAT.bz2""]",3,1.0,252.65301513671875,186.9859313964844,0.343431774931034,0.153642326593399,0.2070552110671997,0.1000185815826214,0.7424801667877788,32,1.3480552197119375,228.918598678456,370.091552734375
2019236N08143,PODUL,1,2019-08-28T00:00:00+00:00,first_US_TS_or_34kt,2019-08-27T18:00:00+00:00,-6,16.3,120.6,1,AHI-L1b-FLDK/2019/08/27/1800/HS_H08_20190827_1800_B13_FLDK_R20_S0101.DAT.bz2,/workspace/scratch/aa764eb01872/data/raw/himawari/2019/08/27/1800/HS_H08_20190827_1800_B13_FLDK_R20_S0101.DAT.bz2,"[""AHI-L1b-FLDK/2019/08/27/1800/HS_H08_20190827_1800_B13_FLDK_R20_S0101.DAT.bz2""]","[""/workspace/scratch/aa764eb01872/data/raw/himawari/2019/08/27/1800/HS_H08_20190827_1800_B13_FLDK_R20_S0101.DAT.bz2""]",3,1.0,247.7294921875,182.24545288085932,0.419051769416651,0.213572010397911,0.2193221896886825,0.3770166844142217,0.983011215178156,31,1.3266345421399044,184.878272477786,362.2271423339844
2019236N08143,PODUL,1,2019-08-28T00:00:00+00:00,first_US_TS_or_34kt,2019-08-27T21:00:00+00:00,-3,16.5,119.2,1,AHI-L1b-FLDK/2019/08/27/2100/HS_H08_20190827_2100_B13_FLDK_R20_S0101.DAT.bz2,/workspace/scratch/aa764eb01872/data/raw/himawari/2019/08/27/2100/HS_H08_20190827_2100_B13_FLDK_R20_S0101.DAT.bz2,"[""AHI-L1b-FLDK/2019/08/27/2100/HS_H08_20190827_2100_B13_FLDK_R20_S0101.DAT.bz2""]","[""/workspace/scratch/aa764eb01872/data/raw/himawari/2019/08/27/2100/HS_H08_20190827_2100_B13_FLDK_R20_S0101.DAT.bz2""]",3,1.0,241.8582000732422,179.78866577148438,0.4745206498634975,0.2306818515062332,0.1840208917856216,0.4611042876040973,0.8089909699144001,44,1.9169858012347127,157.0738891930247,361.4020385742188
2019243N06136,LINGLING,1,2019-09-02T06:00:00+00:00,first_US_TS_or_34kt,2019-08-30T06:00:00+00:00,-72,6.4,136.0,1,AHI-L1b-FLDK/2019/08/30/0600/HS_H08_20190830_0600_B13_FLDK_R20_S0101.DAT.bz2,/workspace/scratch/aa764eb01872/data/raw/himawari/2019/08/30/0600/HS_H08_20190830_0600_B13_FLDK_R20_S0101.DAT.bz2,"[""AHI-L1b-FLDK/2019/08/30/0600/HS_H08_20190830_0600_B13_FLDK_R20_S0101.DAT.bz2""]","[""/workspace/scratch/aa764eb01872/data/raw/himawari/2019/08/30/0600/HS_H08_20190830_0600_B13_FLDK_R20_S0101.DAT.bz2""]",4,1.0,249.18560791015625,193.731201171875,0.3467814022352414,0.0387708581984043,0.1805846244096756,0.829038110595904,0.554754088567624,115,4.174834821752705,40.53720629602766,327.9417724609375
2019243N06136,LINGLING,1,2019-09-02T06:00:00+00:00,first_US_TS_or_34kt,2019-08-30T09:00:00+00:00,-69,6.4,136.0,1,AHI-L1b-FLDK/2019/08/30/0900/HS_H08_20190830_0900_B13_FLDK_R20_S0101.DAT.bz2,/workspace/scratch/aa764eb01872/data/raw/himawari/2019/08/30/0900/HS_H08_20190830_0900_B13_FLDK_R20_S0101.DAT.bz2,"[""AHI-L1b-FLDK/2019/08/30/0900/HS_H08_20190830_0900_B13_FLDK_R20_S0101.DAT.bz2""]","[""/workspace/scratch/aa764eb01872/data/raw/himawari/2019/08/30/0900/HS_H08_20190830_0900_B13_FLDK_R20_S0101.DAT.bz2""]",4,1.0,249.189208984375,192.53257751464844,0.2748297182275634,0.0405419506132602,0.2027881145477295,0.6885407515941679,0.2589679974139202,97,3.5213824148696724,16.594515693221982,313.32763671875
2019243N06136,LINGLING,1,2019-09-02T06:00:00+00:00,first_US_TS_or_34kt,2019-08-30T12:00:00+00:00,-66,6.4,136.0,1,AHI-L1b-FLDK/2019/08/30/1200/HS_H08_20190830_1200_B13_FLDK_R20_S0101.DAT.bz2,/workspace/scratch/aa764eb01872/data/raw/himawari/2019/08/30/1200/HS_H08_20190830_1200_B13_FLDK_R20_S0101.DAT.bz2,"[""AHI-L1b-FLDK/2019/08/30/1200/HS_H08_20190830_1200_B13_FLDK_R20_S0101.DAT.bz2""]","[""/workspace/scratch/aa764eb01872/data/raw/himawari/2019/08/30/1200/HS_H08_20190830_1200_B13_FLDK_R20_S0101.DAT.bz2""]",4,1.0,248.4008636474609,188.3797607421875,0.2867455568693637,0.0693510174751281,0.2048957198858261,0.4916847364136718,0.4014511778826456,88,3.1946562114281565,117.43434143670594,333.8636169433594
2019243N06136,LINGLING,1,2019-09-02T06:00:00+00:00,first_US_TS_or_34kt,2019-08-30T15:00:00+00:00,-63,6.4,135.3,1,AHI-L1b-FLDK/2019/08/30/1500/HS_H08_20190830_1500_B13_FLDK_R20_S0101.DAT.bz2,/workspace/scratch/aa764eb01872/data/raw/himawari/2019/08/30/1500/HS_H08_20190830_1500_B13_FLDK_R20_S0101.DAT.bz2,"[""AHI-L1b-FLDK/2019/08/30/1500/HS_H08_20190830_1500_B13_FLDK_R20_S0101.DAT.bz2""]","[""/workspace/scratch/aa764eb01872/data/raw/himawari/2019/08/30/1500/HS_H08_20190830_1500_B13_FLDK_R20_S0101.DAT.bz2""]",4,1.0,245.6490020751953,186.8275604248047,0.35106243139888,0.1129223704338073,0.196525901556015,0.4147963822935427,0.8190584552580212,51,1.8550918634215896,124.47962828117636,330.4059753417969
2019243N06136,LINGLING,1,2019-09-02T06:00:00+00:00,first_US_TS_or_34kt,2019-08-30T18:00:00+00:00,-60,6.4,134.7,1,AHI-L1b-FLDK/2019/08/30/1800/HS_H08_20190830_1800_B13_FLDK_R20_S0101.DAT.bz2,/workspace/scratch/aa764eb01872/data/raw/himawari/2019/08/30/1800/HS_H08_20190830_1800_B13_FLDK_R20_S0101.DAT.bz2,"[""AHI-L1b-FLDK/2019/08/30/1800/HS_H08_20190830_1800_B13_FLDK_R20_S0101.DAT.bz2""]","[""/workspace/scratch/aa764eb01872/data/raw/himawari/2019/08/30/1800/HS_H08_20190830_1800_B13_FLDK_R20_S0101.DAT.bz2""]",4,1.0,245.04904174804688,186.50863647460932,0.3942734726625764,0.1393704265356063,0.208062544465065,0.4506868630939158,0.8408828578501389,66,2.4052127520007,135.27722915472378,326.7470397949219
2019243N06136,LINGLING,1,2019-09-02T06:00:00+00:00,first_US_TS_or_34kt,2019-08-30T21:00:00+00:00,-57,6.4,134.1,1,AHI-L1b-FLDK/2019/08/30/2100/HS_H08_20190830_2100_B13_FLDK_R20_S0101.DAT.bz2,/workspace/scratch/aa764eb01872/data/raw/himawari/2019/08/30/2100/HS_H08_20190830_2100_B13_FLDK_R20_S0101.DAT.bz2,"[""AHI-L1b-FLDK/2019/08/30/2100/HS_H08_20190830_2100_B13_FLDK_R20_S0101.DAT.bz2""]","[""/workspace/scratch/aa764eb01872/data/raw/himawari/2019/08/30/2100/HS_H08_20190830_2100_B13_FLDK_R20_S0101.DAT.bz2""]",4,1.0,246.41900634765625,189.573974609375,0.3989062985822112,0.1205416321754455,0.1918004155158996,0.4966635804276665,0.9207697386790156,48,1.7527203680712773,139.19195545281443,331.37237548828125
2019243N06136,LINGLING,1,2019-09-02T06:00:00+00:00,first_US_TS_or_34kt,2019-08-31T00:00:00+00:00,-54,6.4,133.6,1,AHI-L1b-FLDK/2019/08/31/0000/HS_H08_20190831_0000_B13_FLDK_R20_S0101.DAT.bz2,/workspace/scratch/aa764eb01872/data/raw/himawari/2019/08/31/0000/HS_H08_20190831_0000_B13_FLDK_R20_S0101.DAT.bz2,"[""AHI-L1b-FLDK/2019/08/31/0000/HS_H08_20190831_0000_B13_FLDK_R20_S0101.DAT.bz2""]","[""/workspace/scratch/aa764eb01872/data/raw/himawari/2019/08/31/0000/HS_H08_20190831_0000_B13_FLDK_R20_S0101.DAT.bz2""]",4,1.0,249.7011566162109,188.0747833251953,0.3434149387895739,0.08401420712471,0.1882481426000595,0.3687691757161082,0.8528535061880808,73,2.670607947436582,171.05175954045262,337.63037109375
2019243N06136,LINGLING,1,2019-09-02T06:00:00+00:00,first_US_TS_or_34kt,2019-08-31T03:00:00+00:00,-51,6.6,133.2,1,AHI-L1b-FLDK/2019/08/31/0300/HS_H08_20190831_0300_B13_FLDK_R20_S0101.DAT.bz2,/workspace/scratch/aa764eb01872/data/raw/himawari/2019/08/31/0300/HS_H08_20190831_0300_B13_FLDK_R20_S0101.DAT.bz2,"[""AHI-L1b-FLDK/2019/08/31/0300/HS_H08_20190831_0300_B13_FLDK_R20_S0101.DAT.bz2""]","[""/workspace/scratch/aa764eb01872/data/raw/himawari/2019/08/31/0300/HS_H08_20190831_0300_B13_FLDK_R20_S0101.DAT.bz2""]",4,1.0,252.0593719482422,192.9364013671875,0.2995209376725917,0.0668503195047378,0.1721738129854202,0.2699718616359802,0.6242735849456036,99,3.63007018135684,192.67641424644847,345.12872314453125
2019243N06136,LINGLING,1,2019-09-02T06:00:00+00:00,first_US_TS_or_34kt,2019-08-31T06:00:00+00:00,-48,7.0,132.8,1,AHI-L1b-FLDK/2019/08/31/0600/HS_H08_20190831_0600_B13_FLDK_R20_S0101.DAT.bz2,/workspace/scratch/aa764eb01872/data/raw/himawari/2019/08/31/0600/HS_H08_20190831_0600_B13_FLDK_R20_S0101.DAT.bz2,"[""AHI-L1b-FLDK/2019/08/31/0600/HS_H08_20190831_0600_B13_FLDK_R20_S0101.DAT.bz2""]","[""/workspace/scratch/aa764eb01872/data/raw/himawari/2019/08/31/0600/HS_H08_20190831_0600_B13_FLDK_R20_S0101.DAT.bz2""]",4,1.0,251.0997009277344,191.2938842773437,0.3040592931264316,0.0455035641789436,0.1700686067342758,0.2875557629931068,0.8112865661476724,76,2.795669654845153,168.33120450083334,318.7755432128906
2019243N06136,LINGLING,1,2019-09-02T06:00:00+00:00,first_US_TS_or_34kt,2019-08-31T09:00:00+00:00,-45,7.5,132.3,1,AHI-L1b-FLDK/2019/08/31/0900/HS_H08_20190831_0900_B13_FLDK_R20_S0101.DAT.bz2,/workspace/scratch/aa764eb01872/data/raw/himawari/2019/08/31/0900/HS_H08_20190831_0900_B13_FLDK_R20_S0101.DAT.bz2,"[""AHI-L1b-FLDK/2019/08/31/0900/HS_H08_20190831_0900_B13_FLDK_R20_S0101.DAT.bz2""]","[""/workspace/scratch/aa764eb01872/data/raw/himawari/2019/08/31/0900/HS_H08_20190831_0900_B13_FLDK_R20_S0101.DAT.bz2""]",4,1.0,252.4486694335937,194.6377716064453,0.2617850475022842,0.0392220802605152,0.1325185298919677,0.3384675153035491,0.7511706393036427,50,1.8468243854691857,174.3234904863988,322.40753173828125
2019243N06136,LINGLING,1,2019-09-02T06:00:00+00:00,first_US_TS_or_34kt,2019-08-31T12:00:00+00:00,-42,8.0,131.9,1,AHI-L1b-FLDK/2019/08/31/1200/HS_H08_20190831_1200_B13_FLDK_R20_S0101.DAT.bz2,/workspace/scratch/aa764eb01872/data/raw/himawari/2019/08/31/1200/HS_H08_20190831_1200_B13_FLDK_R20_S0101.DAT.bz2,"[""AHI-L1b-FLDK/2019/08/31/1200/HS_H08_20190831_1200_B13_FLDK_R20_S0101.DAT.bz2""]","[""/workspace/scratch/aa764eb01872/data/raw/himawari/2019/08/31/1200/HS_H08_20190831_1200_B13_FLDK_R20_S0101.DAT.bz2""]",4,1.0,256.34063720703125,189.27919006347656,0.2187398592614859,0.0603383295238018,0.2077968567609787,0.2805572004816711,0.554410412460891,59,2.188045852540544,162.79765407689897,319.994384765625
2019243N06136,LINGLING,1,2019-09-02T06:00:00+00:00,first_US_TS_or_34kt,2019-08-31T15:00:00+00:00,-39,8.6,131.4,1,AHI-L1b-FLDK/2019/08/31/1500/HS_H08_20190831_1500_B13_FLDK_R20_S0101.DAT.bz2,/workspace/scratch/aa764eb01872/data/raw/himawari/2019/08/31/1500/HS_H08_20190831_1500_B13_FLDK_R20_S0101.DAT.bz2,"[""AHI-L1b-FLDK/2019/08/31/1500/HS_H08_20190831_1500_B13_FLDK_R20_S0101.DAT.bz2""]","[""/workspace/scratch/aa764eb01872/data/raw/himawari/2019/08/31/1500/HS_H08_20190831_1500_B13_FLDK_R20_S0101.DAT.bz2""]",4,1.0,249.7255096435547,190.44415283203125,0.3142530472705455,0.0909592509269714,0.2227197885513305,0.3618744573492569,0.6329827569079218,69,2.5718247282811264,126.51925436794934,331.2467346191406
2019243N06136,LINGLING,1,2019-09-02T06:00:00+00:00,first_US_TS_or_34kt,2019-08-31T18:00:00+00:00,-36,9.3,130.9,1,AHI-L1b-FLDK/2019/08/31/1800/HS_H08_20190831_1800_B13_FLDK_R20_S0101.DAT.bz2,/workspace/scratch/aa764eb01872/data/raw/himawari/2019/08/31/1800/HS_H08_20190831_1800_B13_FLDK_R20_S0101.DAT.bz2,"[""AHI-L1b-FLDK/2019/08/31/1800/HS_H08_20190831_1800_B13_FLDK_R20_S0101.DAT.bz2""]","[""/workspace/scratch/aa764eb01872/data/raw/himawari/2019/08/31/1800/HS_H08_20190831_1800_B13_FLDK_R20_S0101.DAT.bz2""]",4,1.0,245.8602752685547,188.3797607421875,0.3806113440794018,0.091495506465435,0.1955598890781402,0.5663339976771221,0.5546757914362895,74,2.774621957758255,65.1252780495066,356.54962158203125
2019243N06136,LINGLING,1,2019-09-02T06:00:00+00:00,first_US_TS_or_34kt,2019-08-31T21:00:00+00:00,-33,10.0,130.4,1,AHI-L1b-FLDK/2019/08/31/2100/HS_H08_20190831_2100_B13_FLDK_R20_S0101.DAT.bz2,/workspace/scratch/aa764eb01872/data/raw/himawari/2019/08/31/2100/HS_H08_20190831_2100_B13_FLDK_R20_S0101.DAT.bz2,"[""AHI-L1b-FLDK/2019/08/31/2100/HS_H08_20190831_2100_B13_FLDK_R20_S0101.DAT.bz2""]","[""/workspace/scratch/aa764eb01872/data/raw/himawari/2019/08/31/2100/HS_H08_20190831_2100_B13_FLDK_R20_S0101.DAT.bz2""]",4,1.0,247.45407104492188,188.6820831298828,0.3755464368726619,0.1289951503276825,0.1797026097774505,0.405204663775082,0.5491059325245947,92,3.471252744930839,53.32036954944411,365.7196350097656
2019243N06136,LINGLING,1,2019-09-02T06:00:00+00:00,first_US_TS_or_34kt,2019-09-01T00:00:00+00:00,-30,10.8,129.8,1,AHI-L1b-FLDK/2019/09/01/0000/HS_H08_20190901_0000_B13_FLDK_R20_S0101.DAT.bz2,/workspace/scratch/aa764eb01872/data/raw/himawari/2019/09/01/0000/HS_H08_20190901_0000_B13_FLDK_R20_S0101.DAT.bz2,"[""AHI-L1b-FLDK/2019/09/01/0000/HS_H08_20190901_0000_B13_FLDK_R20_S0101.DAT.bz2""]","[""/workspace/scratch/aa764eb01872/data/raw/himawari/2019/09/01/0000/HS_H08_20190901_0000_B13_FLDK_R20_S0101.DAT.bz2""]",4,1.0,248.7637481689453,189.86639404296875,0.3696358918892473,0.1332966387271881,0.1700090020895004,0.3145872129511884,0.7690980743133459,74,2.814223236356721,104.68190499858004,361.78326416015625
2019243N06136,LINGLING,1,2019-09-02T06:00:00+00:00,first_US_TS_or_34kt,2019-09-01T03:00:00+00:00,-27,11.5,129.3,1,AHI-L1b-FLDK/2019/09/01/0300/HS_H08_20190901_0300_B13_FLDK_R20_S0101.DAT.bz2,/workspace/scratch/aa764eb01872/data/raw/himawari/2019/09/01/0300/HS_H08_20190901_0300_B13_FLDK_R20_S0101.DAT.bz2,"[""AHI-L1b-FLDK/2019/09/01/0300/HS_H08_20190901_0300_B13_FLDK_R20_S0101.DAT.bz2""]","[""/workspace/scratch/aa764eb01872/data/raw/himawari/2019/09/01/0300/HS_H08_20190901_0300_B13_FLDK_R20_S0101.DAT.bz2""]",4,1.0,246.83834838867188,189.573974609375,0.4232383741189272,0.1028764173388481,0.2165790051221847,0.3232935689305348,0.886431821234934,66,2.5281157110900008,159.3821896680937,344.843505859375
2019243N06136,LINGLING,1,2019-09-02T06:00:00+00:00,first_US_TS_or_34kt,2019-09-01T06:00:00+00:00,-24,12.2,128.8,1,AHI-L1b-FLDK/2019/09/01/0600/HS_H08_20190901_0600_B13_FLDK_R20_S0101.DAT.bz2,/workspace/scratch/aa764eb01872/data/raw/himawari/2019/09/01/0600/HS_H08_20190901_0600_B13_FLDK_R20_S0101.DAT.bz2,"[""AHI-L1b-FLDK/2019/09/01/0600/HS_H08_20190901_0600_B13_FLDK_R20_S0101.DAT.bz2""]","[""/workspace/scratch/aa764eb01872/data/raw/himawari/2019/09/01/0600/HS_H08_20190901_0600_B13_FLDK_R20_S0101.DAT.bz2""]",4,1.0,245.3926239013672,188.9818878173828,0.4382205420296678,0.0727742090821266,0.233725294470787,0.4751680847617163,0.9107863037354932,70,2.7018890063996173,129.3127781442545,328.1639709472656
2019243N06136,LINGLING,1,2019-09-02T06:00:00+00:00,first_US_TS_or_34kt,2019-09-01T09:00:00+00:00,-21,12.9,128.2,1,AHI-L1b-FLDK/2019/09/01/0900/HS_H08_20190901_0900_B13_FLDK_R20_S0101.DAT.bz2,/workspace/scratch/aa764eb01872/data/raw/himawari/2019/09/01/0900/HS_H08_20190901_0900_B13_FLDK_R20_S0101.DAT.bz2,"[""AHI-L1b-FLDK/2019/09/01/0900/HS_H08_20190901_0900_B13_FLDK_R20_S0101.DAT.bz2""]","[""/workspace/scratch/aa764eb01872/data/raw/himawari/2019/09/01/0900/HS_H08_20190901_0900_B13_FLDK_R20_S0101.DAT.bz2""]",4,1.0,244.72927856445312,191.43359375,0.3875464480806041,0.0749974027276039,0.2362817674875259,0.408700190078759,0.8722497746855917,70,2.7258036253188216,126.0391078773914,319.20928955078125
2019243N06136,LINGLING,1,2019-09-02T06:00:00+00:00,first_US_TS_or_34kt,2019-09-01T12:00:00+00:00,-18,13.4,127.6,1,AHI-L1b-FLDK/2019/09/01/1200/HS_H08_20190901_1200_B13_FLDK_R20_S0101.DAT.bz2,/workspace/scratch/aa764eb01872/data/raw/himawari/2019/09/01/1200/HS_H08_20190901_1200_B13_FLDK_R20_S0101.DAT.bz2,"[""AHI-L1b-FLDK/2019/09/01/1200/HS_H08_20190901_1200_B13_FLDK_R20_S0101.DAT.bz2""]","[""/workspace/scratch/aa764eb01872/data/raw/himawari/2019/09/01/1200/HS_H08_20190901_1200_B13_FLDK_R20_S0101.DAT.bz2""]",4,1.0,248.5906524658203,191.57278442382807,0.3303358532169625,0.0570269972085952,0.1353843212127685,0.2818504889025889,0.6982720172812863,69,2.707336882952802,140.8452255342984,356.12408447265625
2019243N06136,LINGLING,1,2019-09-02T06:00:00+00:00,first_US_TS_or_34kt,2019-09-01T15:00:00+00:00,-15,13.9,127.2,1,AHI-L1b-FLDK/2019/09/01/1500/HS_H08_20190901_1500_B13_FLDK_R20_S0101.DAT.bz2,/workspace/scratch/aa764eb01872/data/raw/himawari/2019/09/01/1500/HS_H08_20190901_1500_B13_FLDK_R20_S0101.DAT.bz2,"[""AHI-L1b-FLDK/2019/09/01/1500/HS_H08_20190901_1500_B13_FLDK_R20_S0101.DAT.bz2""]","[""/workspace/scratch/aa764eb01872/data/raw/himawari/2019/09/01/1500/HS_H08_20190901_1500_B13_FLDK_R20_S0101.DAT.bz2""]",4,1.0,251.345443725586,193.20323181152344,0.3204022589935235,0.0642569959163665,0.1513782143592834,0.3817778220654886,0.319945609812851,81,3.199153211791842,125.95438338884232,363.1594848632813
2019243N06136,LINGLING,1,2019-09-02T06:00:00+00:00,first_US_TS_or_34kt,2019-09-01T18:00:00+00:00,-12,14.3,126.7,1,AHI-L1b-FLDK/2019/09/01/1800/HS_H08_20190901_1800_B13_FLDK_R20_S0101.DAT.bz2,/workspace/scratch/aa764eb01872/data/raw/himawari/2019/09/01/1800/HS_H08_20190901_1800_B13_FLDK_R20_S0101.DAT.bz2,"[""AHI-L1b-FLDK/2019/09/01/1800/HS_H08_20190901_1800_B13_FLDK_R20_S0101.DAT.bz2""]","[""/workspace/scratch/aa764eb01872/data/raw/himawari/2019/09/01/1800/HS_H08_20190901_1800_B13_FLDK_R20_S0101.DAT.bz2""]",4,1.0,251.1451568603516,192.124267578125,0.3055554771293902,0.054068773984909,0.2071031033992767,0.5551946948955395,0.5133847059051679,103,4.095590281919758,94.8941548813221,350.1446228027344
2019243N06136,LINGLING,1,2019-09-02T06:00:00+00:00,first_US_TS_or_34kt,2019-09-01T21:00:00+00:00,-9,14.8,126.3,1,AHI-L1b-FLDK/2019/09/01/2100/HS_H08_20190901_2100_B13_FLDK_R20_S0101.DAT.bz2,/workspace/scratch/aa764eb01872/data/raw/himawari/2019/09/01/2100/HS_H08_20190901_2100_B13_FLDK_R20_S0101.DAT.bz2,"[""AHI-L1b-FLDK/2019/09/01/2100/HS_H08_20190901_2100_B13_FLDK_R20_S0101.DAT.bz2""]","[""/workspace/scratch/aa764eb01872/data/raw/himawari/2019/09/01/2100/HS_H08_20190901_2100_B13_FLDK_R20_S0101.DAT.bz2""]",4,1.0,253.1130828857422,192.80230712890625,0.2682567226742191,0.0781489089131355,0.2751354873180389,0.7425942233889921,0.7174255963006558,93,3.7237386335881215,31.807930442564583,293.4484558105469
2019243N06136,LINGLING,1,2019-09-02T06:00:00+00:00,first_US_TS_or_34kt,2019-09-02T00:00:00+00:00,-6,15.4,125.8,1,AHI-L1b-FLDK/2019/09/02/0000/HS_H08_20190902_0000_B13_FLDK_R20_S0101.DAT.bz2,/workspace/scratch/aa764eb01872/data/raw/himawari/2019/09/02/0000/HS_H08_20190902_0000_B13_FLDK_R20_S0101.DAT.bz2,"[""AHI-L1b-FLDK/2019/09/02/0000/HS_H08_20190902_0000_B13_FLDK_R20_S0101.DAT.bz2""]","[""/workspace/scratch/aa764eb01872/data/raw/himawari/2019/09/02/0000/HS_H08_20190902_0000_B13_FLDK_R20_S0101.DAT.bz2""]",4,1.0,253.2740478515625,187.76712036132807,0.3109441559728877,0.1090335845947265,0.2490459978580474,0.7173035654529409,0.7600199600028554,88,3.554679452740941,45.52523095365918,300.1039428710937
2019243N06136,LINGLING,1,2019-09-02T06:00:00+00:00,first_US_TS_or_34kt,2019-09-02T03:00:00+00:00,-3,16.1,125.4,1,AHI-L1b-FLDK/2019/09/02/0300/HS_H08_20190902_0300_B13_FLDK_R20_S0101.DAT.bz2,/workspace/scratch/aa764eb01872/data/raw/himawari/2019/09/02/0300/HS_H08_20190902_0300_B13_FLDK_R20_S0101.DAT.bz2,"[""AHI-L1b-FLDK/2019/09/02/0300/HS_H08_20190902_0300_B13_FLDK_R20_S0101.DAT.bz2""]","[""/workspace/scratch/aa764eb01872/data/raw/himawari/2019/09/02/0300/HS_H08_20190902_0300_B13_FLDK_R20_S0101.DAT.bz2""]",4,1.0,248.08773803710932,191.43359375,0.3834702455915531,0.1314738690853119,0.218348741531372,0.6959515424016848,0.8384500912743855,68,2.772047972736093,81.99594330847775,310.7233581542969
2019268N10155,MITAG,1,2019-09-27T12:00:00+00:00,first_US_TS_or_34kt,2019-09-24T12:00:00+00:00,-72,9.6,155.0,1,AHI-L1b-FLDK/2019/09/24/1200/HS_H08_20190924_1200_B13_FLDK_R20_S0101.DAT.bz2,/workspace/scratch/aa764eb01872/data/raw/himawari/2019/09/24/1200/HS_H08_20190924_1200_B13_FLDK_R20_S0101.DAT.bz2,"[""AHI-L1b-FLDK/2019/09/24/1200/HS_H08_20190924_1200_B13_FLDK_R20_S0101.DAT.bz2""]","[""/workspace/scratch/aa764eb01872/data/raw/himawari/2019/09/24/1200/HS_H08_20190924_1200_B13_FLDK_R20_S0101.DAT.bz2""]",5,1.0,267.2434997558594,191.98719787597656,0.1913217126562729,0.0363967902958393,0.1137807369232177,0.0377753239094255,0.7037191025563145,42,1.6249342288526418,220.16708096076428,368.0645446777344
2019268N10155,MITAG,1,2019-09-27T12:00:00+00:00,first_US_TS_or_34kt,2019-09-24T15:00:00+00:00,-69,9.6,154.5,1,AHI-L1b-FLDK/2019/09/24/1500/HS_H08_20190924_1500_B13_FLDK_R20_S0101.DAT.bz2,/workspace/scratch/aa764eb01872/data/raw/himawari/2019/09/24/1500/HS_H08_20190924_1500_B13_FLDK_R20_S0101.DAT.bz2,"[""AHI-L1b-FLDK/2019/09/24/1500/HS_H08_20190924_1500_B13_FLDK_R20_S0101.DAT.bz2""]","[""/workspace/scratch/aa764eb01872/data/raw/himawari/2019/09/24/1500/HS_H08_20190924_1500_B13_FLDK_R20_S0101.DAT.bz2""]",5,1.0,264.1027526855469,189.72048950195312,0.2094087106903148,0.0694595202803611,0.1618076860904693,0.1886950525945659,0.7225588302871381,60,2.312308030260404,164.1261285531853,319.4467163085937
2019268N10155,MITAG,1,2019-09-27T12:00:00+00:00,first_US_TS_or_34kt,2019-09-24T18:00:00+00:00,-66,9.7,154.1,1,AHI-L1b-FLDK/2019/09/24/1800/HS_H08_20190924_1800_B13_FLDK_R20_S0101.DAT.bz2,/workspace/scratch/aa764eb01872/data/raw/himawari/2019/09/24/1800/HS_H08_20190924_1800_B13_FLDK_R20_S0101.DAT.bz2,"[""AHI-L1b-FLDK/2019/09/24/1800/HS_H08_20190924_1800_B13_FLDK_R20_S0101.DAT.bz2""]","[""/workspace/scratch/aa764eb01872/data/raw/himawari/2019/09/24/1800/HS_H08_20190924_1800_B13_FLDK_R20_S0101.DAT.bz2""]",5,1.0,259.35302734375,186.50863647460932,0.2559575060129203,0.0969698280096054,0.2789020836353302,0.2998769469007445,0.8038238861532689,53,2.037419320117017,135.280799122241,289.716552734375
2019268N10155,MITAG,1,2019-09-27T12:00:00+00:00,first_US_TS_or_34kt,2019-09-24T21:00:00+00:00,-63,9.8,153.7,1,AHI-L1b-FLDK/2019/09/24/2100/HS_H08_20190924_2100_B13_FLDK_R20_S0101.DAT.bz2,/workspace/scratch/aa764eb01872/data/raw/himawari/2019/09/24/2100/HS_H08_20190924_2100_B13_FLDK_R20_S0101.DAT.bz2,"[""AHI-L1b-FLDK/2019/09/24/2100/HS_H08_20190924_2100_B13_FLDK_R20_S0101.DAT.bz2""]","[""/workspace/scratch/aa764eb01872/data/raw/himawari/2019/09/24/2100/HS_H08_20190924_2100_B13_FLDK_R20_S0101.DAT.bz2""]",5,1.0,257.8861694335937,186.50863647460932,0.2782229384994241,0.1199229881167411,0.3320520222187042,0.4923659409273768,0.8622163826418731,38,1.457329022707487,92.11449059763576,260.4487609863281
2019268N10155,MITAG,1,2019-09-27T12:00:00+00:00,first_US_TS_or_34kt,2019-09-25T00:00:00+00:00,-60,9.9,153.2,1,AHI-L1b-FLDK/2019/09/25/0000/HS_H08_20190925_0000_B13_FLDK_R20_S0101.DAT.bz2,/workspace/scratch/aa764eb01872/data/raw/himawari/2019/09/25/0000/HS_H08_20190925_0000_B13_FLDK_R20_S0101.DAT.bz2,"[""AHI-L1b-FLDK/2019/09/25/0000/HS_H08_20190925_0000_B13_FLDK_R20_S0101.DAT.bz2""]","[""/workspace/scratch/aa764eb01872/data/raw/himawari/2019/09/25/0000/HS_H08_20190925_0000_B13_FLDK_R20_S0101.DAT.bz2""]",5,1.0,255.5145874023437,186.3480529785156,0.3274460741379984,0.1123993694782257,0.2959403395652771,0.6663886384072125,0.916753047500421,31,1.1853143377151727,42.79662945303535,264.4566955566406
2019268N10155,MITAG,1,2019-09-27T12:00:00+00:00,first_US_TS_or_34kt,2019-09-25T03:00:00+00:00,-57,10.1,152.7,1,AHI-L1b-FLDK/2019/09/25/0300/HS_H08_20190925_0300_B13_FLDK_R20_S0101.DAT.bz2,/workspace/scratch/aa764eb01872/data/raw/himawari/2019/09/25/0300/HS_H08_20190925_0300_B13_FLDK_R20_S0101.DAT.bz2,"[""AHI-L1b-FLDK/2019/09/25/0300/HS_H08_20190925_0300_B13_FLDK_R20_S0101.DAT.bz2""]","[""/workspace/scratch/aa764eb01872/data/raw/himawari/2019/09/25/0300/HS_H08_20190925_0300_B13_FLDK_R20_S0101.DAT.bz2""]",5,1.0,247.23898315429688,182.4269256591797,0.3789118017159106,0.1634387224912643,0.2561326026916504,0.6731782414776456,0.8439012989829568,85,3.24257926198896,42.98368554676529,280.943603515625
2019268N10155,MITAG,1,2019-09-27T12:00:00+00:00,first_US_TS_or_34kt,2019-09-25T06:00:00+00:00,-54,10.3,152.2,1,AHI-L1b-FLDK/2019/09/25/0600/HS_H08_20190925_0600_B13_FLDK_R20_S0101.DAT.bz2,/workspace/scratch/aa764eb01872/data/raw/himawari/2019/09/25/0600/HS_H08_20190925_0600_B13_FLDK_R20_S0101.DAT.bz2,"[""AHI-L1b-FLDK/2019/09/25/0600/HS_H08_20190925_0600_B13_FLDK_R20_S0101.DAT.bz2""]","[""/workspace/scratch/aa764eb01872/data/raw/himawari/2019/09/25/0600/HS_H08_20190925_0600_B13_FLDK_R20_S0101.DAT.bz2""]",5,1.0,241.80772399902344,185.86170959472656,0.4353929402333504,0.1335419118404388,0.2460309416055679,0.5792689424403041,0.9114757918639904,56,2.131757862760474,99.4427666521145,300.86688232421875
2019268N10155,MITAG,1,2019-09-27T12:00:00+00:00,first_US_TS_or_34kt,2019-09-25T09:00:00+00:00,-51,10.5,151.6,1,AHI-L1b-FLDK/2019/09/25/0900/HS_H08_20190925_0900_B13_FLDK_R20_S0101.DAT.bz2,/workspace/scratch/aa764eb01872/data/raw/himawari/2019/09/25/0900/HS_H08_20190925_0900_B13_FLDK_R20_S0101.DAT.bz2,"[""AHI-L1b-FLDK/2019/09/25/0900/HS_H08_20190925_0900_B13_FLDK_R20_S0101.DAT.bz2""]","[""/workspace/scratch/aa764eb01872/data/raw/himawari/2019/09/25/0900/HS_H08_20190925_0900_B13_FLDK_R20_S0101.DAT.bz2""]",5,1.0,243.80604553222656,185.0354461669922,0.376272511788517,0.1443371772766113,0.1947567015886306,0.3794084807054581,0.8958397319280819,43,1.632752250729992,154.62159624377944,318.2720947265625
2019268N10155,MITAG,1,2019-09-27T12:00:00+00:00,first_US_TS_or_34kt,2019-09-25T12:00:00+00:00,-48,10.7,151.0,1,AHI-L1b-FLDK/2019/09/25/1200/HS_H08_20190925_1200_B13_FLDK_R20_S0101.DAT.bz2,/workspace/scratch/aa764eb01872/data/raw/himawari/2019/09/25/1200/HS_H08_20190925_1200_B13_FLDK_R20_S0101.DAT.bz2,"[""AHI-L1b-FLDK/2019/09/25/1200/HS_H08_20190925_1200_B13_FLDK_R20_S0101.DAT.bz2""]","[""/workspace/scratch/aa764eb01872/data/raw/himawari/2019/09/25/1200/HS_H08_20190925_1200_B13_FLDK_R20_S0101.DAT.bz2""]",5,1.0,245.9589080810547,182.60739135742188,0.3877684058512077,0.1429135054349899,0.1358571201562881,0.151776944162452,0.9174413701155352,37,1.4016054064087462,231.2270139242513,361.7371826171875
2019268N10155,MITAG,1,2019-09-27T12:00:00+00:00,first_US_TS_or_34kt,2019-09-25T15:00:00+00:00,-45,10.8,150.3,1,AHI-L1b-FLDK/2019/09/25/1500/HS_H08_20190925_1500_B13_FLDK_R20_S0101.DAT.bz2,/workspace/scratch/aa764eb01872/data/raw/himawari/2019/09/25/1500/HS_H08_20190925_1500_B13_FLDK_R20_S0101.DAT.bz2,"[""AHI-L1b-FLDK/2019/09/25/1500/HS_H08_20190925_1500_B13_FLDK_R20_S0101.DAT.bz2""]","[""/workspace/scratch/aa764eb01872/data/raw/himawari/2019/09/25/1500/HS_H08_20190925_1500_B13_FLDK_R20_S0101.DAT.bz2""]",5,1.0,248.1559600830078,191.71144104003903,0.3644887741870325,0.1632312387228012,0.1319591253995895,0.0867813936965581,0.7956300652486427,27,1.0194642149181596,257.6754901170305,376.89935302734375
2019268N10155,MITAG,1,2019-09-27T12:00:00+00:00,first_US_TS_or_34kt,2019-09-25T18:00:00+00:00,-42,11.2,149.4,1,AHI-L1b-FLDK/2019/09/25/1800/HS_H08_20190925_1800_B13_FLDK_R20_S0101.DAT.bz2,/workspace/scratch/aa764eb01872/data/raw/himawari/2019/09/25/1800/HS_H08_20190925_1800_B13_FLDK_R20_S0101.DAT.bz2,"[""AHI-L1b-FLDK/2019/09/25/1800/HS_H08_20190925_1800_B13_FLDK_R20_S0101.DAT.bz2""]","[""/workspace/scratch/aa764eb01872/data/raw/himawari/2019/09/25/1800/HS_H08_20190925_1800_B13_FLDK_R20_S0101.DAT.bz2""]",5,1.0,251.04898071289065,187.6123046875,0.3386615084642824,0.128587320446968,0.1428172141313552,0.089332454709433,0.7208696439880967,37,1.393885739041986,264.08614270795306,371.2802429199219
2019268N10155,MITAG,1,2019-09-27T12:00:00+00:00,first_US_TS_or_34kt,2019-09-25T21:00:00+00:00,-39,11.5,148.3,1,AHI-L1b-FLDK/2019/09/25/2100/HS_H08_20190925_2100_B13_FLDK_R20_S0101.DAT.bz2,/workspace/scratch/aa764eb01872/data/raw/himawari/2019/09/25/2100/HS_H08_20190925_2100_B13_FLDK_R20_S0101.DAT.bz2,"[""AHI-L1b-FLDK/2019/09/25/2100/HS_H08_20190925_2100_B13_FLDK_R20_S0101.DAT.bz2""]","[""/workspace/scratch/aa764eb01872/data/raw/himawari/2019/09/25/2100/HS_H08_20190925_2100_B13_FLDK_R20_S0101.DAT.bz2""]",5,1.0,256.0107727050781,186.66848754882807,0.3002138802670908,0.1232566535472869,0.1450220644474029,0.1818536510543413,0.7352041702731179,24,0.9013915231638844,264.5192981280931,376.5836791992188
2019268N10155,MITAG,1,2019-09-27T12:00:00+00:00,first_US_TS_or_34kt,2019-09-26T00:00:00+00:00,-36,11.7,147.2,1,AHI-L1b-FLDK/2019/09/26/0000/HS_H08_20190926_0000_B13_FLDK_R20_S0101.DAT.bz2,/workspace/scratch/aa764eb01872/data/raw/himawari/2019/09/26/0000/HS_H08_20190926_0000_B13_FLDK_R20_S0101.DAT.bz2,"[""AHI-L1b-FLDK/2019/09/26/0000/HS_H08_20190926_0000_B13_FLDK_R20_S0101.DAT.bz2""]","[""/workspace/scratch/aa764eb01872/data/raw/himawari/2019/09/26/0000/HS_H08_20190926_0000_B13_FLDK_R20_S0101.DAT.bz2""]",5,1.0,256.8743896484375,186.02459716796875,0.2912542715642605,0.0964202135801315,0.1989345252513885,0.1861657456233052,0.8215788810333029,30,1.1233514817006045,217.18005083958093,346.50146484375
2019268N10155,MITAG,1,2019-09-27T12:00:00+00:00,first_US_TS_or_34kt,2019-09-26T03:00:00+00:00,-33,11.9,146.1,1,AHI-L1b-FLDK/2019/09/26/0300/HS_H08_20190926_0300_B13_FLDK_R20_S0101.DAT.bz2,/workspace/scratch/aa764eb01872/data/raw/himawari/2019/09/26/0300/HS_H08_20190926_0300_B13_FLDK_R20_S0101.DAT.bz2,"[""AHI-L1b-FLDK/2019/09/26/0300/HS_H08_20190926_0300_B13_FLDK_R20_S0101.DAT.bz2""]","[""/workspace/scratch/aa764eb01872/data/raw/himawari/2019/09/26/0300/HS_H08_20190926_0300_B13_FLDK_R20_S0101.DAT.bz2""]",5,1.0,256.0962829589844,188.3797607421875,0.3159327324300878,0.0825709998607635,0.1485946625471115,0.2785868249967616,0.9568288541247136,42,1.5689673206520929,141.96139819216486,338.8627624511719
2019268N10155,MITAG,1,2019-09-27T12:00:00+00:00,first_US_TS_or_34kt,2019-09-26T06:00:00+00:00,-30,12.0,145.1,1,AHI-L1b-FLDK/2019/09/26/0600/HS_H08_20190926_0600_B13_FLDK_R20_S0101.DAT.bz2,/workspace/scratch/aa764eb01872/data/raw/himawari/2019/09/26/0600/HS_H08_20190926_0600_B13_FLDK_R20_S0101.DAT.bz2,"[""AHI-L1b-FLDK/2019/09/26/0600/HS_H08_20190926_0600_B13_FLDK_R20_S0101.DAT.bz2""]","[""/workspace/scratch/aa764eb01872/data/raw/himawari/2019/09/26/0600/HS_H08_20190926_0600_B13_FLDK_R20_S0101.DAT.bz2""]",5,1.0,249.93606567382807,186.50863647460932,0.3306404599452941,0.1293728500604629,0.1530247330665588,0.2286302080555801,0.8884690823376086,60,2.236952971792023,130.25051138781714,334.6174011230469
2019268N10155,MITAG,1,2019-09-27T12:00:00+00:00,first_US_TS_or_34kt,2019-09-26T09:00:00+00:00,-27,12.2,144.1,1,AHI-L1b-FLDK/2019/09/26/0900/HS_H08_20190926_0900_B13_FLDK_R20_S0101.DAT.bz2,/workspace/scratch/aa764eb01872/data/raw/himawari/2019/09/26/0900/HS_H08_20190926_0900_B13_FLDK_R20_S0101.DAT.bz2,"[""AHI-L1b-FLDK/2019/09/26/0900/HS_H08_20190926_0900_B13_FLDK_R20_S0101.DAT.bz2""]","[""/workspace/scratch/aa764eb01872/data/raw/himawari/2019/09/26/0900/HS_H08_20190926_0900_B13_FLDK_R20_S0101.DAT.bz2""]",5,1.0,247.3503875732422,185.20233154296875,0.3490397257840913,0.108139157295227,0.2280168533325195,0.2501438137536766,0.9495425636519662,43,1.6017940092904053,162.94620595913534,310.0723571777344
2019268N10155,MITAG,1,2019-09-27T12:00:00+00:00,first_US_TS_or_34kt,2019-09-26T12:00:00+00:00,-24,12.3,143.2,1,AHI-L1b-FLDK/2019/09/26/1200/HS_H08_20190926_1200_B13_FLDK_R20_S0101.DAT.bz2,/workspace/scratch/aa764eb01872/data/raw/himawari/2019/09/26/1200/HS_H08_20190926_1200_B13_FLDK_R20_S0101.DAT.bz2,"[""AHI-L1b-FLDK/2019/09/26/1200/HS_H08_20190926_1200_B13_FLDK_R20_S0101.DAT.bz2""]","[""/workspace/scratch/aa764eb01872/data/raw/himawari/2019/09/26/1200/HS_H08_20190926_1200_B13_FLDK_R20_S0101.DAT.bz2""]",5,1.0,247.55062866210932,185.368392944336,0.3599829749367667,0.1398270279169082,0.1962160617113113,0.1584939969896416,0.9356863139856813,43,1.600559823715085,221.16653692674305,348.23016357421875
2019268N10155,MITAG,1,2019-09-27T12:00:00+00:00,first_US_TS_or_34kt,2019-09-26T15:00:00+00:00,-21,12.6,142.3,1,AHI-L1b-FLDK/2019/09/26/1500/HS_H08_20190926_1500_B13_FLDK_R20_S0101.DAT.bz2,/workspace/scratch/aa764eb01872/data/raw/himawari/2019/09/26/1500/HS_H08_20190926_1500_B13_FLDK_R20_S0101.DAT.bz2,"[""AHI-L1b-FLDK/2019/09/26/1500/HS_H08_20190926_1500_B13_FLDK_R20_S0101.DAT.bz2""]","[""/workspace/scratch/aa764eb01872/data/raw/himawari/2019/09/26/1500/HS_H08_20190926_1500_B13_FLDK_R20_S0101.DAT.bz2""]",5,1.0,248.57867431640625,185.0354461669922,0.3725325018291253,0.1831029653549194,0.0574686266481876,0.209059506083735,0.9374927192886174,25,0.9315046034957504,226.7613183543789,408.3407287597656
2019268N10155,MITAG,1,2019-09-27T12:00:00+00:00,first_US_TS_or_34kt,2019-09-26T18:00:00+00:00,-18,12.9,141.3,1,AHI-L1b-FLDK/2019/09/26/1800/HS_H08_20190926_1800_B13_FLDK_R20_S0101.DAT.bz2,/workspace/scratch/aa764eb01872/data/raw/himawari/2019/09/26/1800/HS_H08_20190926_1800_B13_FLDK_R20_S0101.DAT.bz2,"[""AHI-L1b-FLDK/2019/09/26/1800/HS_H08_20190926_1800_B13_FLDK_R20_S0101.DAT.bz2""]","[""/workspace/scratch/aa764eb01872/data/raw/himawari/2019/09/26/1800/HS_H08_20190926_1800_B13_FLDK_R20_S0101.DAT.bz2""]",5,1.0,245.92108154296875,183.3194274902344,0.4498188965800941,0.1773679703474044,0.0629025548696518,0.2599357475344952,0.9732803237742932,25,0.9328114564171832,208.3690817869052,416.0844421386719
2019268N10155,MITAG,1,2019-09-27T12:00:00+00:00,first_US_TS_or_34kt,2019-09-26T21:00:00+00:00,-15,13.2,140.3,1,AHI-L1b-FLDK/2019/09/26/2100/HS_H08_20190926_2100_B13_FLDK_R20_S0101.DAT.bz2,/workspace/scratch/aa764eb01872/data/raw/himawari/2019/09/26/2100/HS_H08_20190926_2100_B13_FLDK_R20_S0101.DAT.bz2,"[""AHI-L1b-FLDK/2019/09/26/2100/HS_H08_20190926_2100_B13_FLDK_R20_S0101.DAT.bz2""]","[""/workspace/scratch/aa764eb01872/data/raw/himawari/2019/09/26/2100/HS_H08_20190926_2100_B13_FLDK_R20_S0101.DAT.bz2""]",5,1.0,247.17510986328125,186.18670654296875,0.4102490380613611,0.1709142923355102,0.1497718542814254,0.3810991365435021,0.4227558177467561,31,1.1590518208330218,159.08063719054567,382.41510009765625
2019268N10155,MITAG,1,2019-09-27T12:00:00+00:00,first_US_TS_or_34kt,2019-09-27T00:00:00+00:00,-12,13.4,139.2,1,AHI-L1b-FLDK/2019/09/27/0000/HS_H08_20190927_0000_B13_FLDK_R20_S0101.DAT.bz2,/workspace/scratch/aa764eb01872/data/raw/himawari/2019/09/27/0000/HS_H08_20190927_0000_B13_FLDK_R20_S0101.DAT.bz2,"[""AHI-L1b-FLDK/2019/09/27/0000/HS_H08_20190927_0000_B13_FLDK_R20_S0101.DAT.bz2""]","[""/workspace/scratch/aa764eb01872/data/raw/himawari/2019/09/27/0000/HS_H08_20190927_0000_B13_FLDK_R20_S0101.DAT.bz2""]",5,1.0,249.30416870117188,185.5336456298828,0.3745219908882279,0.1085266321897506,0.2562523484230041,0.3502874639032785,0.9715614596467012,49,1.835618491046677,122.68310755496309,342.237060546875
2019268N10155,MITAG,1,2019-09-27T12:00:00+00:00,first_US_TS_or_34kt,2019-09-27T03:00:00+00:00,-9,13.6,138.2,1,AHI-L1b-FLDK/2019/09/27/0300/HS_H08_20190927_0300_B13_FLDK_R20_S0101.DAT.bz2,/workspace/scratch/aa764eb01872/data/raw/himawari/2019/09/27/0300/HS_H08_20190927_0300_B13_FLDK_R20_S0101.DAT.bz2,"[""AHI-L1b-FLDK/2019/09/27/0300/HS_H08_20190927_0300_B13_FLDK_R20_S0101.DAT.bz2""]","[""/workspace/scratch/aa764eb01872/data/raw/himawari/2019/09/27/0300/HS_H08_20190927_0300_B13_FLDK_R20_S0101.DAT.bz2""]",5,1.0,251.3301696777344,191.98719787597656,0.3359406867633449,0.0698310732841491,0.2747782766819,0.4576216848374225,0.7516698420230987,74,2.779467994801644,94.51735593669216,332.3798217773437
2019268N10155,MITAG,1,2019-09-27T12:00:00+00:00,first_US_TS_or_34kt,2019-09-27T06:00:00+00:00,-6,13.8,137.3,1,AHI-L1b-FLDK/2019/09/27/0600/HS_H08_20190927_0600_B13_FLDK_R20_S0101.DAT.bz2,/workspace/scratch/aa764eb01872/data/raw/himawari/2019/09/27/0600/HS_H08_20190927_0600_B13_FLDK_R20_S0101.DAT.bz2,"[""AHI-L1b-FLDK/2019/09/27/0600/HS_H08_20190927_0600_B13_FLDK_R20_S0101.DAT.bz2""]","[""/workspace/scratch/aa764eb01872/data/raw/himawari/2019/09/27/0600/HS_H08_20190927_0600_B13_FLDK_R20_S0101.DAT.bz2""]",5,1.0,247.7645568847656,189.86639404296875,0.3538259968625221,0.0571619942784309,0.216905727982521,0.5007230719302871,0.5927477307014644,60,2.260031715778412,81.22318438338023,344.1770935058594
2019268N10155,MITAG,1,2019-09-27T12:00:00+00:00,first_US_TS_or_34kt,2019-09-27T09:00:00+00:00,-3,14.0,136.6,1,AHI-L1b-FLDK/2019/09/27/0900/HS_H08_20190927_0900_B13_FLDK_R20_S0101.DAT.bz2,/workspace/scratch/aa764eb01872/data/raw/himawari/2019/09/27/0900/HS_H08_20190927_0900_B13_FLDK_R20_S0101.DAT.bz2,"[""AHI-L1b-FLDK/2019/09/27/0900/HS_H08_20190927_0900_B13_FLDK_R20_S0101.DAT.bz2""]","[""/workspace/scratch/aa764eb01872/data/raw/himawari/2019/09/27/0900/HS_H08_20190927_0900_B13_FLDK_R20_S0101.DAT.bz2""]",5,1.0,248.9956817626953,185.69808959960932,0.3162968603756131,0.0672980993986129,0.2349372059106826,0.3851824259604104,0.9443731599993916,54,2.0402611534276387,112.0731529731222,316.4656982421875
2020293N23139,UNNAMED,0,2020-10-22T06:00:00+00:00,72h_after_first_track,2020-10-19T06:00:00+00:00,-72,22.6,139.4,10,AHI-L1b-FLDK/2020/10/19/0600/HS_H08_20201019_0600_B13_FLDK_R20_S0110.DAT.bz2,/workspace/scratch/aa764eb01872/data/raw/himawari/2020/10/19/0600/HS_H08_20201019_0600_B13_FLDK_R20_S0110.DAT.bz2,"[""AHI-L1b-FLDK/2020/10/19/0600/HS_H08_20201019_0600_B13_FLDK_R20_S0110.DAT.bz2"", ""AHI-L1b-FLDK/2020/10/19/0600/HS_H08_20201019_0600_B13_FLDK_R20_S0210.DAT.bz2"", ""AHI-L1b-FLDK/2020/10/19/0600/HS_H08_20201019_0600_B13_FLDK_R20_S0310.DAT.bz2"", ""AHI-L1b-FLDK/2020/10/19/0600/HS_H08_20201019_0600_B13_FLDK_R20_S0410.DAT.bz2"", ""AHI-L1b-FLDK/2020/10/19/0600/HS_H08_20201019_0600_B13_FLDK_R20_S0510.DAT.bz2"", ""AHI-L1b-FLDK/2020/10/19/0600/HS_H08_20201019_0600_B13_FLDK_R20_S0610.DAT.bz2"", ""AHI-L1b-FLDK/2020/10/19/0600/HS_H08_20201019_0600_B13_FLDK_R20_S0710.DAT.bz2"", ""AHI-L1b-FLDK/2020/10/19/0600/HS_H08_20201019_0600_B13_FLDK_R20_S0810.DAT.bz2"", ""AHI-L1b-FLDK/2020/10/19/0600/HS_H08_20201019_0600_B13_FLDK_R20_S0910.DAT.bz2"", ""AHI-L1b-FLDK/2020/10/19/0600/HS_H08_20201019_0600_B13_FLDK_R20_S1010.DAT.bz2""]","[""/workspace/scratch/aa764eb01872/data/raw/himawari/2020/10/19/0600/HS_H08_20201019_0600_B13_FLDK_R20_S0110.DAT.bz2"", ""/workspace/scratch/aa764eb01872/data/raw/himawari/2020/10/19/0600/HS_H08_20201019_0600_B13_FLDK_R20_S0210.DAT.bz2"", ""/workspace/scratch/aa764eb01872/data/raw/himawari/2020/10/19/0600/HS_H08_20201019_0600_B13_FLDK_R20_S0310.DAT.bz2"", ""/workspace/scratch/aa764eb01872/data/raw/himawari/2020/10/19/0600/HS_H08_20201019_0600_B13_FLDK_R20_S0410.DAT.bz2"", ""/workspace/scratch/aa764eb01872/data/raw/himawari/2020/10/19/0600/HS_H08_20201019_0600_B13_FLDK_R20_S0510.DAT.bz2"", ""/workspace/scratch/aa764eb01872/data/raw/himawari/2020/10/19/0600/HS_H08_20201019_0600_B13_FLDK_R20_S0610.DAT.bz2"", ""/workspace/scratch/aa764eb01872/data/raw/himawari/2020/10/19/0600/HS_H08_20201019_0600_B13_FLDK_R20_S0710.DAT.bz2"", ""/workspace/scratch/aa764eb01872/data/raw/himawari/2020/10/19/0600/HS_H08_20201019_0600_B13_FLDK_R20_S0810.DAT.bz2"", ""/workspace/scratch/aa764eb01872/data/raw/himawari/2020/10/19/0600/HS_H08_20201019_0600_B13_FLDK_R20_S0910.DAT.bz2"", ""/workspace/scratch/aa764eb01872/data/raw/himawari/2020/10/19/0600/HS_H08_20201019_0600_B13_FLDK_R20_S1010.DAT.bz2""]",5,1.0,263.3899230957031,186.98593139648438,0.15913344137539248,0.04521987959742546,0.3989892601966858,0.19685670170512837,0.6938888170452908,62,2.5400362979380637,140.754760941641,264.96923828125
2020293N23139,UNNAMED,0,2020-10-22T06:00:00+00:00,72h_after_first_track,2020-10-19T09:00:00+00:00,-69,22.9,139.2,10,AHI-L1b-FLDK/2020/10/19/0900/HS_H08_20201019_0900_B13_FLDK_R20_S0110.DAT.bz2,/workspace/scratch/aa764eb01872/data/raw/himawari/2020/10/19/0900/HS_H08_20201019_0900_B13_FLDK_R20_S0110.DAT.bz2,"[""AHI-L1b-FLDK/2020/10/19/0900/HS_H08_20201019_0900_B13_FLDK_R20_S0110.DAT.bz2"", ""AHI-L1b-FLDK/2020/10/19/0900/HS_H08_20201019_0900_B13_FLDK_R20_S0210.DAT.bz2"", ""AHI-L1b-FLDK/2020/10/19/0900/HS_H08_20201019_0900_B13_FLDK_R20_S0310.DAT.bz2"", ""AHI-L1b-FLDK/2020/10/19/0900/HS_H08_20201019_0900_B13_FLDK_R20_S0410.DAT.bz2"", ""AHI-L1b-FLDK/2020/10/19/0900/HS_H08_20201019_0900_B13_FLDK_R20_S0510.DAT.bz2"", ""AHI-L1b-FLDK/2020/10/19/0900/HS_H08_20201019_0900_B13_FLDK_R20_S0610.DAT.bz2"", ""AHI-L1b-FLDK/2020/10/19/0900/HS_H08_20201019_0900_B13_FLDK_R20_S0710.DAT.bz2"", ""AHI-L1b-FLDK/2020/10/19/0900/HS_H08_20201019_0900_B13_FLDK_R20_S0810.DAT.bz2"", ""AHI-L1b-FLDK/2020/10/19/0900/HS_H08_20201019_0900_B13_FLDK_R20_S0910.DAT.bz2"", ""AHI-L1b-FLDK/2020/10/19/0900/HS_H08_20201019_0900_B13_FLDK_R20_S1010.DAT.bz2""]","[""/workspace/scratch/aa764eb01872/data/raw/himawari/2020/10/19/0900/HS_H08_20201019_0900_B13_FLDK_R20_S0110.DAT.bz2"", ""/workspace/scratch/aa764eb01872/data/raw/himawari/2020/10/19/0900/HS_H08_20201019_0900_B13_FLDK_R20_S0210.DAT.bz2"", ""/workspace/scratch/aa764eb01872/data/raw/himawari/2020/10/19/0900/HS_H08_20201019_0900_B13_FLDK_R20_S0310.DAT.bz2"", ""/workspace/scratch/aa764eb01872/data/raw/himawari/2020/10/19/0900/HS_H08_20201019_0900_B13_FLDK_R20_S0410.DAT.bz2"", ""/workspace/scratch/aa764eb01872/data/raw/himawari/2020/10/19/0900/HS_H08_20201019_0900_B13_FLDK_R20_S0510.DAT.bz2"", ""/workspace/scratch/aa764eb01872/data/raw/himawari/2020/10/19/0900/HS_H08_20201019_0900_B13_FLDK_R20_S0610.DAT.bz2"", ""/workspace/scratch/aa764eb01872/data/raw/himawari/2020/10/19/0900/HS_H08_20201019_0900_B13_FLDK_R20_S0710.DAT.bz2"", ""/workspace/scratch/aa764eb01872/data/raw/himawari/2020/10/19/0900/HS_H08_20201019_0900_B13_FLDK_R20_S0810.DAT.bz2"", ""/workspace/scratch/aa764eb01872/data/raw/himawari/2020/10/19/0900/HS_H08_20201019_0900_B13_FLDK_R20_S0910.DAT.bz2"", ""/workspace/scratch/aa764eb01872/data/raw/himawari/2020/10/19/0900/HS_H08_20201019_0900_B13_FLDK_R20_S1010.DAT.bz2""]",5,1.0,260.5504150390625,190.3006134033203,0.1520667895830333,0.03433428332209587,0.274640291929245,0.28184360897660365,0.5692966222685936,70,2.8788931889499856,93.40392205377671,315.5710144042969
2020293N23139,UNNAMED,0,2020-10-22T06:00:00+00:00,72h_after_first_track,2020-10-19T12:00:00+00:00,-66,23.2,139.0,10,AHI-L1b-FLDK/2020/10/19/1200/HS_H08_20201019_1200_B13_FLDK_R20_S0110.DAT.bz2,/workspace/scratch/aa764eb01872/data/raw/himawari/2020/10/19/1200/HS_H08_20201019_1200_B13_FLDK_R20_S0110.DAT.bz2,"[""AHI-L1b-FLDK/2020/10/19/1200/HS_H08_20201019_1200_B13_FLDK_R20_S0110.DAT.bz2"", ""AHI-L1b-FLDK/2020/10/19/1200/HS_H08_20201019_1200_B13_FLDK_R20_S0210.DAT.bz2"", ""AHI-L1b-FLDK/2020/10/19/1200/HS_H08_20201019_1200_B13_FLDK_R20_S0310.DAT.bz2"", ""AHI-L1b-FLDK/2020/10/19/1200/HS_H08_20201019_1200_B13_FLDK_R20_S0410.DAT.bz2"", ""AHI-L1b-FLDK/2020/10/19/1200/HS_H08_20201019_1200_B13_FLDK_R20_S0510.DAT.bz2"", ""AHI-L1b-FLDK/2020/10/19/1200/HS_H08_20201019_1200_B13_FLDK_R20_S0610.DAT.bz2"", ""AHI-L1b-FLDK/2020/10/19/1200/HS_H08_20201019_1200_B13_FLDK_R20_S0710.DAT.bz2"", ""AHI-L1b-FLDK/2020/10/19/1200/HS_H08_20201019_1200_B13_FLDK_R20_S0810.DAT.bz2"", ""AHI-L1b-FLDK/2020/10/19/1200/HS_H08_20201019_1200_B13_FLDK_R20_S0910.DAT.bz2"", ""AHI-L1b-FLDK/2020/10/19/1200/HS_H08_20201019_1200_B13_FLDK_R20_S1010.DAT.bz2""]","[""/workspace/scratch/aa764eb01872/data/raw/himawari/2020/10/19/1200/HS_H08_20201019_1200_B13_FLDK_R20_S0110.DAT.bz2"", ""/workspace/scratch/aa764eb01872/data/raw/himawari/2020/10/19/1200/HS_H08_20201019_1200_B13_FLDK_R20_S0210.DAT.bz2"", ""/workspace/scratch/aa764eb01872/data/raw/himawari/2020/10/19/1200/HS_H08_20201019_1200_B13_FLDK_R20_S0310.DAT.bz2"", ""/workspace/scratch/aa764eb01872/data/raw/himawari/2020/10/19/1200/HS_H08_20201019_1200_B13_FLDK_R20_S0410.DAT.bz2"", ""/workspace/scratch/aa764eb01872/data/raw/himawari/2020/10/19/1200/HS_H08_20201019_1200_B13_FLDK_R20_S0510.DAT.bz2"", ""/workspace/scratch/aa764eb01872/data/raw/himawari/2020/10/19/1200/HS_H08_20201019_1200_B13_FLDK_R20_S0610.DAT.bz2"", ""/workspace/scratch/aa764eb01872/data/raw/himawari/2020/10/19/1200/HS_H08_20201019_1200_B13_FLDK_R20_S0710.DAT.bz2"", ""/workspace/scratch/aa764eb01872/data/raw/himawari/2020/10/19/1200/HS_H08_20201019_1200_B13_FLDK_R20_S0810.DAT.bz2"", ""/workspace/scratch/aa764eb01872/data/raw/himawari/2020/10/19/1200/HS_H08_20201019_1200_B13_FLDK_R20_S0910.DAT.bz2"", ""/workspace/scratch/aa764eb01872/data/raw/himawari/2020/10/19/1200/HS_H08_20201019_1200_B13_FLDK_R20_S1010.DAT.bz2""]",5,1.0,263.2819519042969,189.42691040039062,0.1585741704032852,0.04879686236381531,0.22718511521816254,0.22435567349871566,0.532453357797144,50,2.0646312155722746,67.63527085342372,338.9864807128906
2020293N23139,UNNAMED,0,2020-10-22T06:00:00+00:00,72h_after_first_track,2020-10-19T15:00:00+00:00,-63,23.4,138.8,10,AHI-L1b-FLDK/2020/10/19/1500/HS_H08_20201019_1500_B13_FLDK_R20_S0110.DAT.bz2,/workspace/scratch/aa764eb01872/data/raw/himawari/2020/10/19/1500/HS_H08_20201019_1500_B13_FLDK_R20_S0110.DAT.bz2,"[""AHI-L1b-FLDK/2020/10/19/1500/HS_H08_20201019_1500_B13_FLDK_R20_S0110.DAT.bz2"", ""AHI-L1b-FLDK/2020/10/19/1500/HS_H08_20201019_1500_B13_FLDK_R20_S0210.DAT.bz2"", ""AHI-L1b-FLDK/2020/10/19/1500/HS_H08_20201019_1500_B13_FLDK_R20_S0310.DAT.bz2"", ""AHI-L1b-FLDK/2020/10/19/1500/HS_H08_20201019_1500_B13_FLDK_R20_S0410.DAT.bz2"", ""AHI-L1b-FLDK/2020/10/19/1500/HS_H08_20201019_1500_B13_FLDK_R20_S0510.DAT.bz2"", ""AHI-L1b-FLDK/2020/10/19/1500/HS_H08_20201019_1500_B13_FLDK_R20_S0610.DAT.bz2"", ""AHI-L1b-FLDK/2020/10/19/1500/HS_H08_20201019_1500_B13_FLDK_R20_S0710.DAT.bz2"", ""AHI-L1b-FLDK/2020/10/19/1500/HS_H08_20201019_1500_B13_FLDK_R20_S0810.DAT.bz2"", ""AHI-L1b-FLDK/2020/10/19/1500/HS_H08_20201019_1500_B13_FLDK_R20_S0910.DAT.bz2"", ""AHI-L1b-FLDK/2020/10/19/1500/HS_H08_20201019_1500_B13_FLDK_R20_S1010.DAT.bz2""]","[""/workspace/scratch/aa764eb01872/data/raw/himawari/2020/10/19/1500/HS_H08_20201019_1500_B13_FLDK_R20_S0110.DAT.bz2"", ""/workspace/scratch/aa764eb01872/data/raw/himawari/2020/10/19/1500/HS_H08_20201019_1500_B13_FLDK_R20_S0210.DAT.bz2"", ""/workspace/scratch/aa764eb01872/data/raw/himawari/2020/10/19/1500/HS_H08_20201019_1500_B13_FLDK_R20_S0310.DAT.bz2"", ""/workspace/scratch/aa764eb01872/data/raw/himawari/2020/10/19/1500/HS_H08_20201019_1500_B13_FLDK_R20_S0410.DAT.bz2"", ""/workspace/scratch/aa764eb01872/data/raw/himawari/2020/10/19/1500/HS_H08_20201019_1500_B13_FLDK_R20_S0510.DAT.bz2"", ""/workspace/scratch/aa764eb01872/data/raw/himawari/2020/10/19/1500/HS_H08_20201019_1500_B13_FLDK_R20_S0610.DAT.bz2"", ""/workspace/scratch/aa764eb01872/data/raw/himawari/2020/10/19/1500/HS_H08_20201019_1500_B13_FLDK_R20_S0710.DAT.bz2"", ""/workspace/scratch/aa764eb01872/data/raw/himawari/2020/10/19/1500/HS_H08_20201019_1500_B13_FLDK_R20_S0810.DAT.bz2"", ""/workspace/scratch/aa764eb01872/data/raw/himawari/2020/10/19/1500/HS_H08_20201019_1500_B13_FLDK_R20_S0910.DAT.bz2"", ""/workspace/scratch/aa764eb01872/data/raw/himawari/2020/10/19/1500/HS_H08_20201019_1500_B13_FLDK_R20_S1010.DAT.bz2""]",5,1.0,260.2727966308594,189.72048950195312,0.183311497135418,0.05789802223443985,0.28929027915000916,0.21895471341749773,0.7060635592679857,23,0.9523257450913819,121.34788421495583,291.3287048339844
2020293N23139,UNNAMED,0,2020-10-22T06:00:00+00:00,72h_after_first_track,2020-10-19T18:00:00+00:00,-60,23.7,138.7,10,AHI-L1b-FLDK/2020/10/19/1800/HS_H08_20201019_1800_B13_FLDK_R20_S0110.DAT.bz2,/workspace/scratch/aa764eb01872/data/raw/himawari/2020/10/19/1800/HS_H08_20201019_1800_B13_FLDK_R20_S0110.DAT.bz2,"[""AHI-L1b-FLDK/2020/10/19/1800/HS_H08_20201019_1800_B13_FLDK_R20_S0110.DAT.bz2"", ""AHI-L1b-FLDK/2020/10/19/1800/HS_H08_20201019_1800_B13_FLDK_R20_S0210.DAT.bz2"", ""AHI-L1b-FLDK/2020/10/19/1800/HS_H08_20201019_1800_B13_FLDK_R20_S0310.DAT.bz2"", ""AHI-L1b-FLDK/2020/10/19/1800/HS_H08_20201019_1800_B13_FLDK_R20_S0410.DAT.bz2"", ""AHI-L1b-FLDK/2020/10/19/1800/HS_H08_20201019_1800_B13_FLDK_R20_S0510.DAT.bz2"", ""AHI-L1b-FLDK/2020/10/19/1800/HS_H08_20201019_1800_B13_FLDK_R20_S0610.DAT.bz2"", ""AHI-L1b-FLDK/2020/10/19/1800/HS_H08_20201019_1800_B13_FLDK_R20_S0710.DAT.bz2"", ""AHI-L1b-FLDK/2020/10/19/1800/HS_H08_20201019_1800_B13_FLDK_R20_S0810.DAT.bz2"", ""AHI-L1b-FLDK/2020/10/19/1800/HS_H08_20201019_1800_B13_FLDK_R20_S0910.DAT.bz2"", ""AHI-L1b-FLDK/2020/10/19/1800/HS_H08_20201019_1800_B13_FLDK_R20_S1010.DAT.bz2""]","[""/workspace/scratch/aa764eb01872/data/raw/himawari/2020/10/19/1800/HS_H08_20201019_1800_B13_FLDK_R20_S0110.DAT.bz2"", ""/workspace/scratch/aa764eb01872/data/raw/himawari/2020/10/19/1800/HS_H08_20201019_1800_B13_FLDK_R20_S0210.DAT.bz2"", ""/workspace/scratch/aa764eb01872/data/raw/himawari/2020/10/19/1800/HS_H08_20201019_1800_B13_FLDK_R20_S0310.DAT.bz2"", ""/workspace/scratch/aa764eb01872/data/raw/himawari/2020/10/19/1800/HS_H08_20201019_1800_B13_FLDK_R20_S0410.DAT.bz2"", ""/workspace/scratch/aa764eb01872/data/raw/himawari/2020/10/19/1800/HS_H08_20201019_1800_B13_FLDK_R20_S0510.DAT.bz2"", ""/workspace/scratch/aa764eb01872/data/raw/himawari/2020/10/19/1800/HS_H08_20201019_1800_B13_FLDK_R20_S0610.DAT.bz2"", ""/workspace/scratch/aa764eb01872/data/raw/himawari/2020/10/19/1800/HS_H08_20201019_1800_B13_FLDK_R20_S0710.DAT.bz2"", ""/workspace/scratch/aa764eb01872/data/raw/himawari/2020/10/19/1800/HS_H08_20201019_1800_B13_FLDK_R20_S0810.DAT.bz2"", ""/workspace/scratch/aa764eb01872/data/raw/himawari/2020/10/19/1800/HS_H08_20201019_1800_B13_FLDK_R20_S0910.DAT.bz2"", ""/workspace/scratch/aa764eb01872/data/raw/himawari/2020/10/19/1800/HS_H08_20201019_1800_B13_FLDK_R20_S1010.DAT.bz2""]",5,1.0,261.45892333984375,188.3797607421875,0.17369422975437615,0.04928703233599663,0.29423415660858154,0.2323991567498198,0.7468024234587894,37,1.5381417584701726,127.88000691448553,271.6686706542969
2020293N23139,UNNAMED,0,2020-10-22T06:00:00+00:00,72h_after_first_track,2020-10-19T21:00:00+00:00,-57,24.1,138.5,10,AHI-L1b-FLDK/2020/10/19/2100/HS_H08_20201019_2100_B13_FLDK_R20_S0110.DAT.bz2,/workspace/scratch/aa764eb01872/data/raw/himawari/2020/10/19/2100/HS_H08_20201019_2100_B13_FLDK_R20_S0110.DAT.bz2,"[""AHI-L1b-FLDK/2020/10/19/2100/HS_H08_20201019_2100_B13_FLDK_R20_S0110.DAT.bz2"", ""AHI-L1b-FLDK/2020/10/19/2100/HS_H08_20201019_2100_B13_FLDK_R20_S0210.DAT.bz2"", ""AHI-L1b-FLDK/2020/10/19/2100/HS_H08_20201019_2100_B13_FLDK_R20_S0310.DAT.bz2"", ""AHI-L1b-FLDK/2020/10/19/2100/HS_H08_20201019_2100_B13_FLDK_R20_S0410.DAT.bz2"", ""AHI-L1b-FLDK/2020/10/19/2100/HS_H08_20201019_2100_B13_FLDK_R20_S0510.DAT.bz2"", ""AHI-L1b-FLDK/2020/10/19/2100/HS_H08_20201019_2100_B13_FLDK_R20_S0610.DAT.bz2"", ""AHI-L1b-FLDK/2020/10/19/2100/HS_H08_20201019_2100_B13_FLDK_R20_S0710.DAT.bz2"", ""AHI-L1b-FLDK/2020/10/19/2100/HS_H08_20201019_2100_B13_FLDK_R20_S0810.DAT.bz2"", ""AHI-L1b-FLDK/2020/10/19/2100/HS_H08_20201019_2100_B13_FLDK_R20_S0910.DAT.bz2"", ""AHI-L1b-FLDK/2020/10/19/2100/HS_H08_20201019_2100_B13_FLDK_R20_S1010.DAT.bz2""]","[""/workspace/scratch/aa764eb01872/data/raw/himawari/2020/10/19/2100/HS_H08_20201019_2100_B13_FLDK_R20_S0110.DAT.bz2"", ""/workspace/scratch/aa764eb01872/data/raw/himawari/2020/10/19/2100/HS_H08_20201019_2100_B13_FLDK_R20_S0210.DAT.bz2"", ""/workspace/scratch/aa764eb01872/data/raw/himawari/2020/10/19/2100/HS_H08_20201019_2100_B13_FLDK_R20_S0310.DAT.bz2"", ""/workspace/scratch/aa764eb01872/data/raw/himawari/2020/10/19/2100/HS_H08_20201019_2100_B13_FLDK_R20_S0410.DAT.bz2"", ""/workspace/scratch/aa764eb01872/data/raw/himawari/2020/10/19/2100/HS_H08_20201019_2100_B13_FLDK_R20_S0510.DAT.bz2"", ""/workspace/scratch/aa764eb01872/data/raw/himawari/2020/10/19/2100/HS_H08_20201019_2100_B13_FLDK_R20_S0610.DAT.bz2"", ""/workspace/scratch/aa764eb01872/data/raw/himawari/2020/10/19/2100/HS_H08_20201019_2100_B13_FLDK_R20_S0710.DAT.bz2"", ""/workspace/scratch/aa764eb01872/data/raw/himawari/2020/10/19/2100/HS_H08_20201019_2100_B13_FLDK_R20_S0810.DAT.bz2"", ""/workspace/scratch/aa764eb01872/data/raw/himawari/2020/10/19/2100/HS_H08_20201019_2100_B13_FLDK_R20_S0910.DAT.bz2"", ""/workspace/scratch/aa764eb01872/data/raw/himawari/2020/10/19/2100/HS_H08_20201019_2100_B13_FLDK_R20_S1010.DAT.bz2""]",5,1.0,260.79315185546875,193.731201171875,0.20294414152684354,0.042355235666036606,0.15038710832595825,0.14432589434805077,0.715493745232232,45,1.8811372101481083,160.57210321243645,331.91461181640625
2020293N23139,UNNAMED,0,2020-10-22T06:00:00+00:00,72h_after_first_track,2020-10-20T00:00:00+00:00,-54,24.5,138.5,10,AHI-L1b-FLDK/2020/10/20/0000/HS_H08_20201020_0000_B13_FLDK_R20_S0110.DAT.bz2,/workspace/scratch/aa764eb01872/data/raw/himawari/2020/10/20/0000/HS_H08_20201020_0000_B13_FLDK_R20_S0110.DAT.bz2,"[""AHI-L1b-FLDK/2020/10/20/0000/HS_H08_20201020_0000_B13_FLDK_R20_S0110.DAT.bz2"", ""AHI-L1b-FLDK/2020/10/20/0000/HS_H08_20201020_0000_B13_FLDK_R20_S0210.DAT.bz2"", ""AHI-L1b-FLDK/2020/10/20/0000/HS_H08_20201020_0000_B13_FLDK_R20_S0310.DAT.bz2"", ""AHI-L1b-FLDK/2020/10/20/0000/HS_H08_20201020_0000_B13_FLDK_R20_S0410.DAT.bz2"", ""AHI-L1b-FLDK/2020/10/20/0000/HS_H08_20201020_0000_B13_FLDK_R20_S0510.DAT.bz2"", ""AHI-L1b-FLDK/2020/10/20/0000/HS_H08_20201020_0000_B13_FLDK_R20_S0610.DAT.bz2"", ""AHI-L1b-FLDK/2020/10/20/0000/HS_H08_20201020_0000_B13_FLDK_R20_S0710.DAT.bz2"", ""AHI-L1b-FLDK/2020/10/20/0000/HS_H08_20201020_0000_B13_FLDK_R20_S0810.DAT.bz2"", ""AHI-L1b-FLDK/2020/10/20/0000/HS_H08_20201020_0000_B13_FLDK_R20_S0910.DAT.bz2"", ""AHI-L1b-FLDK/2020/10/20/0000/HS_H08_20201020_0000_B13_FLDK_R20_S1010.DAT.bz2""]","[""/workspace/scratch/aa764eb01872/data/raw/himawari/2020/10/20/0000/HS_H08_20201020_0000_B13_FLDK_R20_S0110.DAT.bz2"", ""/workspace/scratch/aa764eb01872/data/raw/himawari/2020/10/20/0000/HS_H08_20201020_0000_B13_FLDK_R20_S0210.DAT.bz2"", ""/workspace/scratch/aa764eb01872/data/raw/himawari/2020/10/20/0000/HS_H08_20201020_0000_B13_FLDK_R20_S0310.DAT.bz2"", ""/workspace/scratch/aa764eb01872/data/raw/himawari/2020/10/20/0000/HS_H08_20201020_0000_B13_FLDK_R20_S0410.DAT.bz2"", ""/workspace/scratch/aa764eb01872/data/raw/himawari/2020/10/20/0000/HS_H08_20201020_0000_B13_FLDK_R20_S0510.DAT.bz2"", ""/workspace/scratch/aa764eb01872/data/raw/himawari/2020/10/20/0000/HS_H08_20201020_0000_B13_FLDK_R20_S0610.DAT.bz2"", ""/workspace/scratch/aa764eb01872/data/raw/himawari/2020/10/20/0000/HS_H08_20201020_0000_B13_FLDK_R20_S0710.DAT.bz2"", ""/workspace/scratch/aa764eb01872/data/raw/himawari/2020/10/20/0000/HS_H08_20201020_0000_B13_FLDK_R20_S0810.DAT.bz2"", ""/workspace/scratch/aa764eb01872/data/raw/himawari/2020/10/20/0000/HS_H08_20201020_0000_B13_FLDK_R20_S0910.DAT.bz2"", ""/workspace/scratch/aa764eb01872/data/raw/himawari/2020/10/20/0000/HS_H08_20201020_0000_B13_FLDK_R20_S1010.DAT.bz2""]",5,1.0,260.3814697265625,195.6480712890625,0.19861633302543083,0.01712813973426819,0.12874151766300201,0.3779771100075292,0.5948490415346801,62,2.6054142188379856,140.4951426592703,380.7051696777344
2020293N23139,UNNAMED,0,2020-10-22T06:00:00+00:00,72h_after_first_track,2020-10-20T03:00:00+00:00,-51,24.8,138.7,10,AHI-L1b-FLDK/2020/10/20/0300/HS_H08_20201020_0300_B13_FLDK_R20_S0110.DAT.bz2,/workspace/scratch/aa764eb01872/data/raw/himawari/2020/10/20/0300/HS_H08_20201020_0300_B13_FLDK_R20_S0110.DAT.bz2,"[""AHI-L1b-FLDK/2020/10/20/0300/HS_H08_20201020_0300_B13_FLDK_R20_S0110.DAT.bz2"", ""AHI-L1b-FLDK/2020/10/20/0300/HS_H08_20201020_0300_B13_FLDK_R20_S0210.DAT.bz2"", ""AHI-L1b-FLDK/2020/10/20/0300/HS_H08_20201020_0300_B13_FLDK_R20_S0310.DAT.bz2"", ""AHI-L1b-FLDK/2020/10/20/0300/HS_H08_20201020_0300_B13_FLDK_R20_S0410.DAT.bz2"", ""AHI-L1b-FLDK/2020/10/20/0300/HS_H08_20201020_0300_B13_FLDK_R20_S0510.DAT.bz2"", ""AHI-L1b-FLDK/2020/10/20/0300/HS_H08_20201020_0300_B13_FLDK_R20_S0610.DAT.bz2"", ""AHI-L1b-FLDK/2020/10/20/0300/HS_H08_20201020_0300_B13_FLDK_R20_S0710.DAT.bz2"", ""AHI-L1b-FLDK/2020/10/20/0300/HS_H08_20201020_0300_B13_FLDK_R20_S0810.DAT.bz2"", ""AHI-L1b-FLDK/2020/10/20/0300/HS_H08_20201020_0300_B13_FLDK_R20_S0910.DAT.bz2"", ""AHI-L1b-FLDK/2020/10/20/0300/HS_H08_20201020_0300_B13_FLDK_R20_S1010.DAT.bz2""]","[""/workspace/scratch/aa764eb01872/data/raw/himawari/2020/10/20/0300/HS_H08_20201020_0300_B13_FLDK_R20_S0110.DAT.bz2"", ""/workspace/scratch/aa764eb01872/data/raw/himawari/2020/10/20/0300/HS_H08_20201020_0300_B13_FLDK_R20_S0210.DAT.bz2"", ""/workspace/scratch/aa764eb01872/data/raw/himawari/2020/10/20/0300/HS_H08_20201020_0300_B13_FLDK_R20_S0310.DAT.bz2"", ""/workspace/scratch/aa764eb01872/data/raw/himawari/2020/10/20/0300/HS_H08_20201020_0300_B13_FLDK_R20_S0410.DAT.bz2"", ""/workspace/scratch/aa764eb01872/data/raw/himawari/2020/10/20/0300/HS_H08_20201020_0300_B13_FLDK_R20_S0510.DAT.bz2"", ""/workspace/scratch/aa764eb01872/data/raw/himawari/2020/10/20/0300/HS_H08_20201020_0300_B13_FLDK_R20_S0610.DAT.bz2"", ""/workspace/scratch/aa764eb01872/data/raw/himawari/2020/10/20/0300/HS_H08_20201020_0300_B13_FLDK_R20_S0710.DAT.bz2"", ""/workspace/scratch/aa764eb01872/data/raw/himawari/2020/10/20/0300/HS_H08_20201020_0300_B13_FLDK_R20_S0810.DAT.bz2"", ""/workspace/scratch/aa764eb01872/data/raw/himawari/2020/10/20/0300/HS_H08_20201020_0300_B13_FLDK_R20_S0910.DAT.bz2"", ""/workspace/scratch/aa764eb01872/data/raw/himawari/2020/10/20/0300/HS_H08_20201020_0300_B13_FLDK_R20_S1010.DAT.bz2""]",5,1.0,258.010498046875,191.29388427734375,0.2135609872596318,0.011972972191870213,0.16101646423339844,0.4454361201189959,0.43606876819642865,91,3.8386906268455245,83.86511598174265,365.57000732421875
2020293N23139,UNNAMED,0,2020-10-22T06:00:00+00:00,72h_after_first_track,2020-10-20T06:00:00+00:00,-48,24.9,139.0,10,AHI-L1b-FLDK/2020/10/20/0600/HS_H08_20201020_0600_B13_FLDK_R20_S0110.DAT.bz2,/workspace/scratch/aa764eb01872/data/raw/himawari/2020/10/20/0600/HS_H08_20201020_0600_B13_FLDK_R20_S0110.DAT.bz2,"[""AHI-L1b-FLDK/2020/10/20/0600/HS_H08_20201020_0600_B13_FLDK_R20_S0110.DAT.bz2"", ""AHI-L1b-FLDK/2020/10/20/0600/HS_H08_20201020_0600_B13_FLDK_R20_S0210.DAT.bz2"", ""AHI-L1b-FLDK/2020/10/20/0600/HS_H08_20201020_0600_B13_FLDK_R20_S0310.DAT.bz2"", ""AHI-L1b-FLDK/2020/10/20/0600/HS_H08_20201020_0600_B13_FLDK_R20_S0410.DAT.bz2"", ""AHI-L1b-FLDK/2020/10/20/0600/HS_H08_20201020_0600_B13_FLDK_R20_S0510.DAT.bz2"", ""AHI-L1b-FLDK/2020/10/20/0600/HS_H08_20201020_0600_B13_FLDK_R20_S0610.DAT.bz2"", ""AHI-L1b-FLDK/2020/10/20/0600/HS_H08_20201020_0600_B13_FLDK_R20_S0710.DAT.bz2"", ""AHI-L1b-FLDK/2020/10/20/0600/HS_H08_20201020_0600_B13_FLDK_R20_S0810.DAT.bz2"", ""AHI-L1b-FLDK/2020/10/20/0600/HS_H08_20201020_0600_B13_FLDK_R20_S0910.DAT.bz2"", ""AHI-L1b-FLDK/2020/10/20/0600/HS_H08_20201020_0600_B13_FLDK_R20_S1010.DAT.bz2""]","[""/workspace/scratch/aa764eb01872/data/raw/himawari/2020/10/20/0600/HS_H08_20201020_0600_B13_FLDK_R20_S0110.DAT.bz2"", ""/workspace/scratch/aa764eb01872/data/raw/himawari/2020/10/20/0600/HS_H08_20201020_0600_B13_FLDK_R20_S0210.DAT.bz2"", ""/workspace/scratch/aa764eb01872/data/raw/himawari/2020/10/20/0600/HS_H08_20201020_0600_B13_FLDK_R20_S0310.DAT.bz2"", ""/workspace/scratch/aa764eb01872/data/raw/himawari/2020/10/20/0600/HS_H08_20201020_0600_B13_FLDK_R20_S0410.DAT.bz2"", ""/workspace/scratch/aa764eb01872/data/raw/himawari/2020/10/20/0600/HS_H08_20201020_0600_B13_FLDK_R20_S0510.DAT.bz2"", ""/workspace/scratch/aa764eb01872/data/raw/himawari/2020/10/20/0600/HS_H08_20201020_0600_B13_FLDK_R20_S0610.DAT.bz2"", ""/workspace/scratch/aa764eb01872/data/raw/himawari/2020/10/20/0600/HS_H08_20201020_0600_B13_FLDK_R20_S0710.DAT.bz2"", ""/workspace/scratch/aa764eb01872/data/raw/himawari/2020/10/20/0600/HS_H08_20201020_0600_B13_FLDK_R20_S0810.DAT.bz2"", ""/workspace/scratch/aa764eb01872/data/raw/himawari/2020/10/20/0600/HS_H08_20201020_0600_B13_FLDK_R20_S0910.DAT.bz2"", ""/workspace/scratch/aa764eb01872/data/raw/himawari/2020/10/20/0600/HS_H08_20201020_0600_B13_FLDK_R20_S1010.DAT.bz2""]",5,1.0,256.2005310058594,185.36839294433594,0.21685057802566202,0.022094689309597015,0.21034026145935059,0.306931303953607,0.41741014118341024,93,3.9273151100281667,109.24225924930529,333.5982971191406
2020293N23139,UNNAMED,0,2020-10-22T06:00:00+00:00,72h_after_first_track,2020-10-20T09:00:00+00:00,-45,25.0,139.2,10,AHI-L1b-FLDK/2020/10/20/0900/HS_H08_20201020_0900_B13_FLDK_R20_S0110.DAT.bz2,/workspace/scratch/aa764eb01872/data/raw/himawari/2020/10/20/0900/HS_H08_20201020_0900_B13_FLDK_R20_S0110.DAT.bz2,"[""AHI-L1b-FLDK/2020/10/20/0900/HS_H08_20201020_0900_B13_FLDK_R20_S0110.DAT.bz2"", ""AHI-L1b-FLDK/2020/10/20/0900/HS_H08_20201020_0900_B13_FLDK_R20_S0210.DAT.bz2"", ""AHI-L1b-FLDK/2020/10/20/0900/HS_H08_20201020_0900_B13_FLDK_R20_S0310.DAT.bz2"", ""AHI-L1b-FLDK/2020/10/20/0900/HS_H08_20201020_0900_B13_FLDK_R20_S0410.DAT.bz2"", ""AHI-L1b-FLDK/2020/10/20/0900/HS_H08_20201020_0900_B13_FLDK_R20_S0510.DAT.bz2"", ""AHI-L1b-FLDK/2020/10/20/0900/HS_H08_20201020_0900_B13_FLDK_R20_S0610.DAT.bz2"", ""AHI-L1b-FLDK/2020/10/20/0900/HS_H08_20201020_0900_B13_FLDK_R20_S0710.DAT.bz2"", ""AHI-L1b-FLDK/2020/10/20/0900/HS_H08_20201020_0900_B13_FLDK_R20_S0810.DAT.bz2"", ""AHI-L1b-FLDK/2020/10/20/0900/HS_H08_20201020_0900_B13_FLDK_R20_S0910.DAT.bz2"", ""AHI-L1b-FLDK/2020/10/20/0900/HS_H08_20201020_0900_B13_FLDK_R20_S1010.DAT.bz2""]","[""/workspace/scratch/aa764eb01872/data/raw/himawari/2020/10/20/0900/HS_H08_20201020_0900_B13_FLDK_R20_S0110.DAT.bz2"", ""/workspace/scratch/aa764eb01872/data/raw/himawari/2020/10/20/0900/HS_H08_20201020_0900_B13_FLDK_R20_S0210.DAT.bz2"", ""/workspace/scratch/aa764eb01872/data/raw/himawari/2020/10/20/0900/HS_H08_20201020_0900_B13_FLDK_R20_S0310.DAT.bz2"", ""/workspace/scratch/aa764eb01872/data/raw/himawari/2020/10/20/0900/HS_H08_20201020_0900_B13_FLDK_R20_S0410.DAT.bz2"", ""/workspace/scratch/aa764eb01872/data/raw/himawari/2020/10/20/0900/HS_H08_20201020_0900_B13_FLDK_R20_S0510.DAT.bz2"", ""/workspace/scratch/aa764eb01872/data/raw/himawari/2020/10/20/0900/HS_H08_20201020_0900_B13_FLDK_R20_S0610.DAT.bz2"", ""/workspace/scratch/aa764eb01872/data/raw/himawari/2020/10/20/0900/HS_H08_20201020_0900_B13_FLDK_R20_S0710.DAT.bz2"", ""/workspace/scratch/aa764eb01872/data/raw/himawari/2020/10/20/0900/HS_H08_20201020_0900_B13_FLDK_R20_S0810.DAT.bz2"", ""/workspace/scratch/aa764eb01872/data/raw/himawari/2020/10/20/0900/HS_H08_20201020_0900_B13_FLDK_R20_S0910.DAT.bz2"", ""/workspace/scratch/aa764eb01872/data/raw/himawari/2020/10/20/0900/HS_H08_20201020_0900_B13_FLDK_R20_S1010.DAT.bz2""]",5,1.0,257.0005798339844,186.8275604248047,0.18678413727654003,0.03502264618873596,0.27819254994392395,0.19754318279057237,0.6613850048625959,48,2.0292636732209064,157.74930177218295,300.5318908691406
2020293N23139,UNNAMED,0,2020-10-22T06:00:00+00:00,72h_after_first_track,2020-10-20T12:00:00+00:00,-42,25.1,139.4,10,AHI-L1b-FLDK/2020/10/20/1200/HS_H08_20201020_1200_B13_FLDK_R20_S0110.DAT.bz2,/workspace/scratch/aa764eb01872/data/raw/himawari/2020/10/20/1200/HS_H08_20201020_1200_B13_FLDK_R20_S0110.DAT.bz2,"[""AHI-L1b-FLDK/2020/10/20/1200/HS_H08_20201020_1200_B13_FLDK_R20_S0110.DAT.bz2"", ""AHI-L1b-FLDK/2020/10/20/1200/HS_H08_20201020_1200_B13_FLDK_R20_S0210.DAT.bz2"", ""AHI-L1b-FLDK/2020/10/20/1200/HS_H08_20201020_1200_B13_FLDK_R20_S0310.DAT.bz2"", ""AHI-L1b-FLDK/2020/10/20/1200/HS_H08_20201020_1200_B13_FLDK_R20_S0410.DAT.bz2"", ""AHI-L1b-FLDK/2020/10/20/1200/HS_H08_20201020_1200_B13_FLDK_R20_S0510.DAT.bz2"", ""AHI-L1b-FLDK/2020/10/20/1200/HS_H08_20201020_1200_B13_FLDK_R20_S0610.DAT.bz2"", ""AHI-L1b-FLDK/2020/10/20/1200/HS_H08_20201020_1200_B13_FLDK_R20_S0710.DAT.bz2"", ""AHI-L1b-FLDK/2020/10/20/1200/HS_H08_20201020_1200_B13_FLDK_R20_S0810.DAT.bz2"", ""AHI-L1b-FLDK/2020/10/20/1200/HS_H08_20201020_1200_B13_FLDK_R20_S0910.DAT.bz2"", ""AHI-L1b-FLDK/2020/10/20/1200/HS_H08_20201020_1200_B13_FLDK_R20_S1010.DAT.bz2""]","[""/workspace/scratch/aa764eb01872/data/raw/himawari/2020/10/20/1200/HS_H08_20201020_1200_B13_FLDK_R20_S0110.DAT.bz2"", ""/workspace/scratch/aa764eb01872/data/raw/himawari/2020/10/20/1200/HS_H08_20201020_1200_B13_FLDK_R20_S0210.DAT.bz2"", ""/workspace/scratch/aa764eb01872/data/raw/himawari/2020/10/20/1200/HS_H08_20201020_1200_B13_FLDK_R20_S0310.DAT.bz2"", ""/workspace/scratch/aa764eb01872/data/raw/himawari/2020/10/20/1200/HS_H08_20201020_1200_B13_FLDK_R20_S0410.DAT.bz2"", ""/workspace/scratch/aa764eb01872/data/raw/himawari/2020/10/20/1200/HS_H08_20201020_1200_B13_FLDK_R20_S0510.DAT.bz2"", ""/workspace/scratch/aa764eb01872/data/raw/himawari/2020/10/20/1200/HS_H08_20201020_1200_B13_FLDK_R20_S0610.DAT.bz2"", ""/workspace/scratch/aa764eb01872/data/raw/himawari/2020/10/20/1200/HS_H08_20201020_1200_B13_FLDK_R20_S0710.DAT.bz2"", ""/workspace/scratch/aa764eb01872/data/raw/himawari/2020/10/20/1200/HS_H08_20201020_1200_B13_FLDK_R20_S0810.DAT.bz2"", ""/workspace/scratch/aa764eb01872/data/raw/himawari/2020/10/20/1200/HS_H08_20201020_1200_B13_FLDK_R20_S0910.DAT.bz2"", ""/workspace/scratch/aa764eb01872/data/raw/himawari/2020/10/20/1200/HS_H08_20201020_1200_B13_FLDK_R20_S1010.DAT.bz2""]",5,1.0,259.1841125488281,184.35958862304688,0.2141182354658187,0.040100619196891785,0.2777228057384491,0.27799923302877905,0.6592080100911992,47,1.989662223087702,144.81574281107305,307.4772033691406
2020293N23139,UNNAMED,0,2020-10-22T06:00:00+00:00,72h_after_first_track,2020-10-20T15:00:00+00:00,-39,25.1,139.6,10,AHI-L1b-FLDK/2020/10/20/1500/HS_H08_20201020_1500_B13_FLDK_R20_S0110.DAT.bz2,/workspace/scratch/aa764eb01872/data/raw/himawari/2020/10/20/1500/HS_H08_20201020_1500_B13_FLDK_R20_S0110.DAT.bz2,"[""AHI-L1b-FLDK/2020/10/20/1500/HS_H08_20201020_1500_B13_FLDK_R20_S0110.DAT.bz2"", ""AHI-L1b-FLDK/2020/10/20/1500/HS_H08_20201020_1500_B13_FLDK_R20_S0210.DAT.bz2"", ""AHI-L1b-FLDK/2020/10/20/1500/HS_H08_20201020_1500_B13_FLDK_R20_S0310.DAT.bz2"", ""AHI-L1b-FLDK/2020/10/20/1500/HS_H08_20201020_1500_B13_FLDK_R20_S0410.DAT.bz2"", ""AHI-L1b-FLDK/2020/10/20/1500/HS_H08_20201020_1500_B13_FLDK_R20_S0510.DAT.bz2"", ""AHI-L1b-FLDK/2020/10/20/1500/HS_H08_20201020_1500_B13_FLDK_R20_S0610.DAT.bz2"", ""AHI-L1b-FLDK/2020/10/20/1500/HS_H08_20201020_1500_B13_FLDK_R20_S0710.DAT.bz2"", ""AHI-L1b-FLDK/2020/10/20/1500/HS_H08_20201020_1500_B13_FLDK_R20_S0810.DAT.bz2"", ""AHI-L1b-FLDK/2020/10/20/1500/HS_H08_20201020_1500_B13_FLDK_R20_S0910.DAT.bz2"", ""AHI-L1b-FLDK/2020/10/20/1500/HS_H08_20201020_1500_B13_FLDK_R20_S1010.DAT.bz2""]","[""/workspace/scratch/aa764eb01872/data/raw/himawari/2020/10/20/1500/HS_H08_20201020_1500_B13_FLDK_R20_S0110.DAT.bz2"", ""/workspace/scratch/aa764eb01872/data/raw/himawari/2020/10/20/1500/HS_H08_20201020_1500_B13_FLDK_R20_S0210.DAT.bz2"", ""/workspace/scratch/aa764eb01872/data/raw/himawari/2020/10/20/1500/HS_H08_20201020_1500_B13_FLDK_R20_S0310.DAT.bz2"", ""/workspace/scratch/aa764eb01872/data/raw/himawari/2020/10/20/1500/HS_H08_20201020_1500_B13_FLDK_R20_S0410.DAT.bz2"", ""/workspace/scratch/aa764eb01872/data/raw/himawari/2020/10/20/1500/HS_H08_20201020_1500_B13_FLDK_R20_S0510.DAT.bz2"", ""/workspace/scratch/aa764eb01872/data/raw/himawari/2020/10/20/1500/HS_H08_20201020_1500_B13_FLDK_R20_S0610.DAT.bz2"", ""/workspace/scratch/aa764eb01872/data/raw/himawari/2020/10/20/1500/HS_H08_20201020_1500_B13_FLDK_R20_S0710.DAT.bz2"", ""/workspace/scratch/aa764eb01872/data/raw/himawari/2020/10/20/1500/HS_H08_20201020_1500_B13_FLDK_R20_S0810.DAT.bz2"", ""/workspace/scratch/aa764eb01872/data/raw/himawari/2020/10/20/1500/HS_H08_20201020_1500_B13_FLDK_R20_S0910.DAT.bz2"", ""/workspace/scratch/aa764eb01872/data/raw/himawari/2020/10/20/1500/HS_H08_20201020_1500_B13_FLDK_R20_S1010.DAT.bz2""]",5,1.0,260.3944396972656,191.84957885742188,0.22355934084955123,0.03337075561285019,0.268900603055954,0.183163954205956,0.8952425021587733,31,1.3121248804273296,174.03311021980974,289.5085144042969
2020293N23139,UNNAMED,0,2020-10-22T06:00:00+00:00,72h_after_first_track,2020-10-20T18:00:00+00:00,-36,25.1,139.7,10,AHI-L1b-FLDK/2020/10/20/1800/HS_H08_20201020_1800_B13_FLDK_R20_S0110.DAT.bz2,/workspace/scratch/aa764eb01872/data/raw/himawari/2020/10/20/1800/HS_H08_20201020_1800_B13_FLDK_R20_S0110.DAT.bz2,"[""AHI-L1b-FLDK/2020/10/20/1800/HS_H08_20201020_1800_B13_FLDK_R20_S0110.DAT.bz2"", ""AHI-L1b-FLDK/2020/10/20/1800/HS_H08_20201020_1800_B13_FLDK_R20_S0210.DAT.bz2"", ""AHI-L1b-FLDK/2020/10/20/1800/HS_H08_20201020_1800_B13_FLDK_R20_S0310.DAT.bz2"", ""AHI-L1b-FLDK/2020/10/20/1800/HS_H08_20201020_1800_B13_FLDK_R20_S0410.DAT.bz2"", ""AHI-L1b-FLDK/2020/10/20/1800/HS_H08_20201020_1800_B13_FLDK_R20_S0510.DAT.bz2"", ""AHI-L1b-FLDK/2020/10/20/1800/HS_H08_20201020_1800_B13_FLDK_R20_S0610.DAT.bz2"", ""AHI-L1b-FLDK/2020/10/20/1800/HS_H08_20201020_1800_B13_FLDK_R20_S0710.DAT.bz2"", ""AHI-L1b-FLDK/2020/10/20/1800/HS_H08_20201020_1800_B13_FLDK_R20_S0810.DAT.bz2"", ""AHI-L1b-FLDK/2020/10/20/1800/HS_H08_20201020_1800_B13_FLDK_R20_S0910.DAT.bz2"", ""AHI-L1b-FLDK/2020/10/20/1800/HS_H08_20201020_1800_B13_FLDK_R20_S1010.DAT.bz2""]","[""/workspace/scratch/aa764eb01872/data/raw/himawari/2020/10/20/1800/HS_H08_20201020_1800_B13_FLDK_R20_S0110.DAT.bz2"", ""/workspace/scratch/aa764eb01872/data/raw/himawari/2020/10/20/1800/HS_H08_20201020_1800_B13_FLDK_R20_S0210.DAT.bz2"", ""/workspace/scratch/aa764eb01872/data/raw/himawari/2020/10/20/1800/HS_H08_20201020_1800_B13_FLDK_R20_S0310.DAT.bz2"", ""/workspace/scratch/aa764eb01872/data/raw/himawari/2020/10/20/1800/HS_H08_20201020_1800_B13_FLDK_R20_S0410.DAT.bz2"", ""/workspace/scratch/aa764eb01872/data/raw/himawari/2020/10/20/1800/HS_H08_20201020_1800_B13_FLDK_R20_S0510.DAT.bz2"", ""/workspace/scratch/aa764eb01872/data/raw/himawari/2020/10/20/1800/HS_H08_20201020_1800_B13_FLDK_R20_S0610.DAT.bz2"", ""/workspace/scratch/aa764eb01872/data/raw/himawari/2020/10/20/1800/HS_H08_20201020_1800_B13_FLDK_R20_S0710.DAT.bz2"", ""/workspace/scratch/aa764eb01872/data/raw/himawari/2020/10/20/1800/HS_H08_20201020_1800_B13_FLDK_R20_S0810.DAT.bz2"", ""/workspace/scratch/aa764eb01872/data/raw/himawari/2020/10/20/1800/HS_H08_20201020_1800_B13_FLDK_R20_S0910.DAT.bz2"", ""/workspace/scratch/aa764eb01872/data/raw/himawari/2020/10/20/1800/HS_H08_20201020_1800_B13_FLDK_R20_S1010.DAT.bz2""]",5,1.0,264.16851806640625,184.86773681640625,0.17359092157289485,0.031327132135629654,0.20677004754543304,0.11751009667977197,0.4408434757951111,41,1.7353542450574149,171.35144083374144,324.0150451660156
2020293N23139,UNNAMED,0,2020-10-22T06:00:00+00:00,72h_after_first_track,2020-10-20T21:00:00+00:00,-33,25.1,139.8,10,AHI-L1b-FLDK/2020/10/20/2100/HS_H08_20201020_2100_B13_FLDK_R20_S0110.DAT.bz2,/workspace/scratch/aa764eb01872/data/raw/himawari/2020/10/20/2100/HS_H08_20201020_2100_B13_FLDK_R20_S0110.DAT.bz2,"[""AHI-L1b-FLDK/2020/10/20/2100/HS_H08_20201020_2100_B13_FLDK_R20_S0110.DAT.bz2"", ""AHI-L1b-FLDK/2020/10/20/2100/HS_H08_20201020_2100_B13_FLDK_R20_S0210.DAT.bz2"", ""AHI-L1b-FLDK/2020/10/20/2100/HS_H08_20201020_2100_B13_FLDK_R20_S0310.DAT.bz2"", ""AHI-L1b-FLDK/2020/10/20/2100/HS_H08_20201020_2100_B13_FLDK_R20_S0410.DAT.bz2"", ""AHI-L1b-FLDK/2020/10/20/2100/HS_H08_20201020_2100_B13_FLDK_R20_S0510.DAT.bz2"", ""AHI-L1b-FLDK/2020/10/20/2100/HS_H08_20201020_2100_B13_FLDK_R20_S0610.DAT.bz2"", ""AHI-L1b-FLDK/2020/10/20/2100/HS_H08_20201020_2100_B13_FLDK_R20_S0710.DAT.bz2"", ""AHI-L1b-FLDK/2020/10/20/2100/HS_H08_20201020_2100_B13_FLDK_R20_S0810.DAT.bz2"", ""AHI-L1b-FLDK/2020/10/20/2100/HS_H08_20201020_2100_B13_FLDK_R20_S0910.DAT.bz2"", ""AHI-L1b-FLDK/2020/10/20/2100/HS_H08_20201020_2100_B13_FLDK_R20_S1010.DAT.bz2""]","[""/workspace/scratch/aa764eb01872/data/raw/himawari/2020/10/20/2100/HS_H08_20201020_2100_B13_FLDK_R20_S0110.DAT.bz2"", ""/workspace/scratch/aa764eb01872/data/raw/himawari/2020/10/20/2100/HS_H08_20201020_2100_B13_FLDK_R20_S0210.DAT.bz2"", ""/workspace/scratch/aa764eb01872/data/raw/himawari/2020/10/20/2100/HS_H08_20201020_2100_B13_FLDK_R20_S0310.DAT.bz2"", ""/workspace/scratch/aa764eb01872/data/raw/himawari/2020/10/20/2100/HS_H08_20201020_2100_B13_FLDK_R20_S0410.DAT.bz2"", ""/workspace/scratch/aa764eb01872/data/raw/himawari/2020/10/20/2100/HS_H08_20201020_2100_B13_FLDK_R20_S0510.DAT.bz2"", ""/workspace/scratch/aa764eb01872/data/raw/himawari/2020/10/20/2100/HS_H08_20201020_2100_B13_FLDK_R20_S0610.DAT.bz2"", ""/workspace/scratch/aa764eb01872/data/raw/himawari/2020/10/20/2100/HS_H08_20201020_2100_B13_FLDK_R20_S0710.DAT.bz2"", ""/workspace/scratch/aa764eb01872/data/raw/himawari/2020/10/20/2100/HS_H08_20201020_2100_B13_FLDK_R20_S0810.DAT.bz2"", ""/workspace/scratch/aa764eb01872/data/raw/himawari/2020/10/20/2100/HS_H08_20201020_2100_B13_FLDK_R20_S0910.DAT.bz2"", ""/workspace/scratch/aa764eb01872/data/raw/himawari/2020/10/20/2100/HS_H08_20201020_2100_B13_FLDK_R20_S1010.DAT.bz2""]",5,1.0,267.4458923339844,197.47402954101562,0.11879223842665285,0.012900548055768013,0.25968480110168457,0.003781157681556846,0.5845294949071849,50,2.1161871386610462,152.95291747477543,299.1002502441406
2020293N23139,UNNAMED,0,2020-10-22T06:00:00+00:00,72h_after_first_track,2020-10-21T00:00:00+00:00,-30,25.0,139.9,10,AHI-L1b-FLDK/2020/10/21/0000/HS_H08_20201021_0000_B13_FLDK_R20_S0110.DAT.bz2,/workspace/scratch/aa764eb01872/data/raw/himawari/2020/10/21/0000/HS_H08_20201021_0000_B13_FLDK_R20_S0110.DAT.bz2,"[""AHI-L1b-FLDK/2020/10/21/0000/HS_H08_20201021_0000_B13_FLDK_R20_S0110.DAT.bz2"", ""AHI-L1b-FLDK/2020/10/21/0000/HS_H08_20201021_0000_B13_FLDK_R20_S0210.DAT.bz2"", ""AHI-L1b-FLDK/2020/10/21/0000/HS_H08_20201021_0000_B13_FLDK_R20_S0310.DAT.bz2"", ""AHI-L1b-FLDK/2020/10/21/0000/HS_H08_20201021_0000_B13_FLDK_R20_S0410.DAT.bz2"", ""AHI-L1b-FLDK/2020/10/21/0000/HS_H08_20201021_0000_B13_FLDK_R20_S0510.DAT.bz2"", ""AHI-L1b-FLDK/2020/10/21/0000/HS_H08_20201021_0000_B13_FLDK_R20_S0610.DAT.bz2"", ""AHI-L1b-FLDK/2020/10/21/0000/HS_H08_20201021_0000_B13_FLDK_R20_S0710.DAT.bz2"", ""AHI-L1b-FLDK/2020/10/21/0000/HS_H08_20201021_0000_B13_FLDK_R20_S0810.DAT.bz2"", ""AHI-L1b-FLDK/2020/10/21/0000/HS_H08_20201021_0000_B13_FLDK_R20_S0910.DAT.bz2"", ""AHI-L1b-FLDK/2020/10/21/0000/HS_H08_20201021_0000_B13_FLDK_R20_S1010.DAT.bz2""]","[""/workspace/scratch/aa764eb01872/data/raw/himawari/2020/10/21/0000/HS_H08_20201021_0000_B13_FLDK_R20_S0110.DAT.bz2"", ""/workspace/scratch/aa764eb01872/data/raw/himawari/2020/10/21/0000/HS_H08_20201021_0000_B13_FLDK_R20_S0210.DAT.bz2"", ""/workspace/scratch/aa764eb01872/data/raw/himawari/2020/10/21/0000/HS_H08_20201021_0000_B13_FLDK_R20_S0310.DAT.bz2"", ""/workspace/scratch/aa764eb01872/data/raw/himawari/2020/10/21/0000/HS_H08_20201021_0000_B13_FLDK_R20_S0410.DAT.bz2"", ""/workspace/scratch/aa764eb01872/data/raw/himawari/2020/10/21/0000/HS_H08_20201021_0000_B13_FLDK_R20_S0510.DAT.bz2"", ""/workspace/scratch/aa764eb01872/data/raw/himawari/2020/10/21/0000/HS_H08_20201021_0000_B13_FLDK_R20_S0610.DAT.bz2"", ""/workspace/scratch/aa764eb01872/data/raw/himawari/2020/10/21/0000/HS_H08_20201021_0000_B13_FLDK_R20_S0710.DAT.bz2"", ""/workspace/scratch/aa764eb01872/data/raw/himawari/2020/10/21/0000/HS_H08_20201021_0000_B13_FLDK_R20_S0810.DAT.bz2"", ""/workspace/scratch/aa764eb01872/data/raw/himawari/2020/10/21/0000/HS_H08_20201021_0000_B13_FLDK_R20_S0910.DAT.bz2"", ""/workspace/scratch/aa764eb01872/data/raw/himawari/2020/10/21/0000/HS_H08_20201021_0000_B13_FLDK_R20_S1010.DAT.bz2""]",5,1.0,272.2940979003906,200.56246948242188,0.05101194803165855,0.00029011358856223524,0.47375059127807617,0.0,0.6705184524919597,37,1.5637745290714136,175.20088000885187,246.05349731445312
2020293N23139,UNNAMED,0,2020-10-22T06:00:00+00:00,72h_after_first_track,2020-10-21T03:00:00+00:00,-27,24.8,139.8,10,AHI-L1b-FLDK/2020/10/21/0300/HS_H08_20201021_0300_B13_FLDK_R20_S0110.DAT.bz2,/workspace/scratch/aa764eb01872/data/raw/himawari/2020/10/21/0300/HS_H08_20201021_0300_B13_FLDK_R20_S0110.DAT.bz2,"[""AHI-L1b-FLDK/2020/10/21/0300/HS_H08_20201021_0300_B13_FLDK_R20_S0110.DAT.bz2"", ""AHI-L1b-FLDK/2020/10/21/0300/HS_H08_20201021_0300_B13_FLDK_R20_S0210.DAT.bz2"", ""AHI-L1b-FLDK/2020/10/21/0300/HS_H08_20201021_0300_B13_FLDK_R20_S0310.DAT.bz2"", ""AHI-L1b-FLDK/2020/10/21/0300/HS_H08_20201021_0300_B13_FLDK_R20_S0410.DAT.bz2"", ""AHI-L1b-FLDK/2020/10/21/0300/HS_H08_20201021_0300_B13_FLDK_R20_S0510.DAT.bz2"", ""AHI-L1b-FLDK/2020/10/21/0300/HS_H08_20201021_0300_B13_FLDK_R20_S0610.DAT.bz2"", ""AHI-L1b-FLDK/2020/10/21/0300/HS_H08_20201021_0300_B13_FLDK_R20_S0710.DAT.bz2"", ""AHI-L1b-FLDK/2020/10/21/0300/HS_H08_20201021_0300_B13_FLDK_R20_S0810.DAT.bz2"", ""AHI-L1b-FLDK/2020/10/21/0300/HS_H08_20201021_0300_B13_FLDK_R20_S0910.DAT.bz2"", ""AHI-L1b-FLDK/2020/10/21/0300/HS_H08_20201021_0300_B13_FLDK_R20_S1010.DAT.bz2""]","[""/workspace/scratch/aa764eb01872/data/raw/himawari/2020/10/21/0300/HS_H08_20201021_0300_B13_FLDK_R20_S0110.DAT.bz2"", ""/workspace/scratch/aa764eb01872/data/raw/himawari/2020/10/21/0300/HS_H08_20201021_0300_B13_FLDK_R20_S0210.DAT.bz2"", ""/workspace/scratch/aa764eb01872/data/raw/himawari/2020/10/21/0300/HS_H08_20201021_0300_B13_FLDK_R20_S0310.DAT.bz2"", ""/workspace/scratch/aa764eb01872/data/raw/himawari/2020/10/21/0300/HS_H08_20201021_0300_B13_FLDK_R20_S0410.DAT.bz2"", ""/workspace/scratch/aa764eb01872/data/raw/himawari/2020/10/21/0300/HS_H08_20201021_0300_B13_FLDK_R20_S0510.DAT.bz2"", ""/workspace/scratch/aa764eb01872/data/raw/himawari/2020/10/21/0300/HS_H08_20201021_0300_B13_FLDK_R20_S0610.DAT.bz2"", ""/workspace/scratch/aa764eb01872/data/raw/himawari/2020/10/21/0300/HS_H08_20201021_0300_B13_FLDK_R20_S0710.DAT.bz2"", ""/workspace/scratch/aa764eb01872/data/raw/himawari/2020/10/21/0300/HS_H08_20201021_0300_B13_FLDK_R20_S0810.DAT.bz2"", ""/workspace/scratch/aa764eb01872/data/raw/himawari/2020/10/21/0300/HS_H08_20201021_0300_B13_FLDK_R20_S0910.DAT.bz2"", ""/workspace/scratch/aa764eb01872/data/raw/himawari/2020/10/21/0300/HS_H08_20201021_0300_B13_FLDK_R20_S1010.DAT.bz2""]",5,1.0,273.5065002441406,203.12423706054688,0.04681243336231925,0.002538645174354315,0.35656213760375977,0.17939823198712446,0.4937625505210645,76,3.2034259797846962,102.25893300129202,285.20819091796875
2020293N23139,UNNAMED,0,2020-10-22T06:00:00+00:00,72h_after_first_track,2020-10-21T06:00:00+00:00,-24,24.6,139.7,10,AHI-L1b-FLDK/2020/10/21/0600/HS_H08_20201021_0600_B13_FLDK_R20_S0110.DAT.bz2,/workspace/scratch/aa764eb01872/data/raw/himawari/2020/10/21/0600/HS_H08_20201021_0600_B13_FLDK_R20_S0110.DAT.bz2,"[""AHI-L1b-FLDK/2020/10/21/0600/HS_H08_20201021_0600_B13_FLDK_R20_S0110.DAT.bz2"", ""AHI-L1b-FLDK/2020/10/21/0600/HS_H08_20201021_0600_B13_FLDK_R20_S0210.DAT.bz2"", ""AHI-L1b-FLDK/2020/10/21/0600/HS_H08_20201021_0600_B13_FLDK_R20_S0310.DAT.bz2"", ""AHI-L1b-FLDK/2020/10/21/0600/HS_H08_20201021_0600_B13_FLDK_R20_S0410.DAT.bz2"", ""AHI-L1b-FLDK/2020/10/21/0600/HS_H08_20201021_0600_B13_FLDK_R20_S0510.DAT.bz2"", ""AHI-L1b-FLDK/2020/10/21/0600/HS_H08_20201021_0600_B13_FLDK_R20_S0610.DAT.bz2"", ""AHI-L1b-FLDK/2020/10/21/0600/HS_H08_20201021_0600_B13_FLDK_R20_S0710.DAT.bz2"", ""AHI-L1b-FLDK/2020/10/21/0600/HS_H08_20201021_0600_B13_FLDK_R20_S0810.DAT.bz2"", ""AHI-L1b-FLDK/2020/10/21/0600/HS_H08_20201021_0600_B13_FLDK_R20_S0910.DAT.bz2"", ""AHI-L1b-FLDK/2020/10/21/0600/HS_H08_20201021_0600_B13_FLDK_R20_S1010.DAT.bz2""]","[""/workspace/scratch/aa764eb01872/data/raw/himawari/2020/10/21/0600/HS_H08_20201021_0600_B13_FLDK_R20_S0110.DAT.bz2"", ""/workspace/scratch/aa764eb01872/data/raw/himawari/2020/10/21/0600/HS_H08_20201021_0600_B13_FLDK_R20_S0210.DAT.bz2"", ""/workspace/scratch/aa764eb01872/data/raw/himawari/2020/10/21/0600/HS_H08_20201021_0600_B13_FLDK_R20_S0310.DAT.bz2"", ""/workspace/scratch/aa764eb01872/data/raw/himawari/2020/10/21/0600/HS_H08_20201021_0600_B13_FLDK_R20_S0410.DAT.bz2"", ""/workspace/scratch/aa764eb01872/data/raw/himawari/2020/10/21/0600/HS_H08_20201021_0600_B13_FLDK_R20_S0510.DAT.bz2"", ""/workspace/scratch/aa764eb01872/data/raw/himawari/2020/10/21/0600/HS_H08_20201021_0600_B13_FLDK_R20_S0610.DAT.bz2"", ""/workspace/scratch/aa764eb01872/data/raw/himawari/2020/10/21/0600/HS_H08_20201021_0600_B13_FLDK_R20_S0710.DAT.bz2"", ""/workspace/scratch/aa764eb01872/data/raw/himawari/2020/10/21/0600/HS_H08_20201021_0600_B13_FLDK_R20_S0810.DAT.bz2"", ""/workspace/scratch/aa764eb01872/data/raw/himawari/2020/10/21/0600/HS_H08_20201021_0600_B13_FLDK_R20_S0910.DAT.bz2"", ""/workspace/scratch/aa764eb01872/data/raw/himawari/2020/10/21/0600/HS_H08_20201021_0600_B13_FLDK_R20_S1010.DAT.bz2""]",5,1.0,275.56622314453125,193.731201171875,0.020823617282020396,0.0011640219017863274,0.2374798059463501,0.0,0.385018800063416,35,1.4713733799128106,115.78130568806856,279.9161682128906
2020293N23139,UNNAMED,0,2020-10-22T06:00:00+00:00,72h_after_first_track,2020-10-21T09:00:00+00:00,-21,24.3,139.5,10,AHI-L1b-FLDK/2020/10/21/0900/HS_H08_20201021_0900_B13_FLDK_R20_S0110.DAT.bz2,/workspace/scratch/aa764eb01872/data/raw/himawari/2020/10/21/0900/HS_H08_20201021_0900_B13_FLDK_R20_S0110.DAT.bz2,"[""AHI-L1b-FLDK/2020/10/21/0900/HS_H08_20201021_0900_B13_FLDK_R20_S0110.DAT.bz2"", ""AHI-L1b-FLDK/2020/10/21/0900/HS_H08_20201021_0900_B13_FLDK_R20_S0210.DAT.bz2"", ""AHI-L1b-FLDK/2020/10/21/0900/HS_H08_20201021_0900_B13_FLDK_R20_S0310.DAT.bz2"", ""AHI-L1b-FLDK/2020/10/21/0900/HS_H08_20201021_0900_B13_FLDK_R20_S0410.DAT.bz2"", ""AHI-L1b-FLDK/2020/10/21/0900/HS_H08_20201021_0900_B13_FLDK_R20_S0510.DAT.bz2"", ""AHI-L1b-FLDK/2020/10/21/0900/HS_H08_20201021_0900_B13_FLDK_R20_S0610.DAT.bz2"", ""AHI-L1b-FLDK/2020/10/21/0900/HS_H08_20201021_0900_B13_FLDK_R20_S0710.DAT.bz2"", ""AHI-L1b-FLDK/2020/10/21/0900/HS_H08_20201021_0900_B13_FLDK_R20_S0810.DAT.bz2"", ""AHI-L1b-FLDK/2020/10/21/0900/HS_H08_20201021_0900_B13_FLDK_R20_S0910.DAT.bz2"", ""AHI-L1b-FLDK/2020/10/21/0900/HS_H08_20201021_0900_B13_FLDK_R20_S1010.DAT.bz2""]","[""/workspace/scratch/aa764eb01872/data/raw/himawari/2020/10/21/0900/HS_H08_20201021_0900_B13_FLDK_R20_S0110.DAT.bz2"", ""/workspace/scratch/aa764eb01872/data/raw/himawari/2020/10/21/0900/HS_H08_20201021_0900_B13_FLDK_R20_S0210.DAT.bz2"", ""/workspace/scratch/aa764eb01872/data/raw/himawari/2020/10/21/0900/HS_H08_20201021_0900_B13_FLDK_R20_S0310.DAT.bz2"", ""/workspace/scratch/aa764eb01872/data/raw/himawari/2020/10/21/0900/HS_H08_20201021_0900_B13_FLDK_R20_S0410.DAT.bz2"", ""/workspace/scratch/aa764eb01872/data/raw/himawari/2020/10/21/0900/HS_H08_20201021_0900_B13_FLDK_R20_S0510.DAT.bz2"", ""/workspace/scratch/aa764eb01872/data/raw/himawari/2020/10/21/0900/HS_H08_20201021_0900_B13_FLDK_R20_S0610.DAT.bz2"", ""/workspace/scratch/aa764eb01872/data/raw/himawari/2020/10/21/0900/HS_H08_20201021_0900_B13_FLDK_R20_S0710.DAT.bz2"", ""/workspace/scratch/aa764eb01872/data/raw/himawari/2020/10/21/0900/HS_H08_20201021_0900_B13_FLDK_R20_S0810.DAT.bz2"", ""/workspace/scratch/aa764eb01872/data/raw/himawari/2020/10/21/0900/HS_H08_20201021_0900_B13_FLDK_R20_S0910.DAT.bz2"", ""/workspace/scratch/aa764eb01872/data/raw/himawari/2020/10/21/0900/HS_H08_20201021_0900_B13_FLDK_R20_S1010.DAT.bz2""]",5,1.0,279.652587890625,212.07815551757812,0.01934634840837952,0.0,0.5068935751914978,0.0,0.5294489453363089,23,0.963036159914248,153.7763881622139,192.08433532714844
2020293N23139,UNNAMED,0,2020-10-22T06:00:00+00:00,72h_after_first_track,2020-10-21T12:00:00+00:00,-18,24.3,139.4,10,AHI-L1b-FLDK/2020/10/21/1200/HS_H08_20201021_1200_B13_FLDK_R20_S0110.DAT.bz2,/workspace/scratch/aa764eb01872/data/raw/himawari/2020/10/21/1200/HS_H08_20201021_1200_B13_FLDK_R20_S0110.DAT.bz2,"[""AHI-L1b-FLDK/2020/10/21/1200/HS_H08_20201021_1200_B13_FLDK_R20_S0110.DAT.bz2"", ""AHI-L1b-FLDK/2020/10/21/1200/HS_H08_20201021_1200_B13_FLDK_R20_S0210.DAT.bz2"", ""AHI-L1b-FLDK/2020/10/21/1200/HS_H08_20201021_1200_B13_FLDK_R20_S0310.DAT.bz2"", ""AHI-L1b-FLDK/2020/10/21/1200/HS_H08_20201021_1200_B13_FLDK_R20_S0410.DAT.bz2"", ""AHI-L1b-FLDK/2020/10/21/1200/HS_H08_20201021_1200_B13_FLDK_R20_S0510.DAT.bz2"", ""AHI-L1b-FLDK/2020/10/21/1200/HS_H08_20201021_1200_B13_FLDK_R20_S0610.DAT.bz2"", ""AHI-L1b-FLDK/2020/10/21/1200/HS_H08_20201021_1200_B13_FLDK_R20_S0710.DAT.bz2"", ""AHI-L1b-FLDK/2020/10/21/1200/HS_H08_20201021_1200_B13_FLDK_R20_S0810.DAT.bz2"", ""AHI-L1b-FLDK/2020/10/21/1200/HS_H08_20201021_1200_B13_FLDK_R20_S0910.DAT.bz2"", ""AHI-L1b-FLDK/2020/10/21/1200/HS_H08_20201021_1200_B13_FLDK_R20_S1010.DAT.bz2""]","[""/workspace/scratch/aa764eb01872/data/raw/himawari/2020/10/21/1200/HS_H08_20201021_1200_B13_FLDK_R20_S0110.DAT.bz2"", ""/workspace/scratch/aa764eb01872/data/raw/himawari/2020/10/21/1200/HS_H08_20201021_1200_B13_FLDK_R20_S0210.DAT.bz2"", ""/workspace/scratch/aa764eb01872/data/raw/himawari/2020/10/21/1200/HS_H08_20201021_1200_B13_FLDK_R20_S0310.DAT.bz2"", ""/workspace/scratch/aa764eb01872/data/raw/himawari/2020/10/21/1200/HS_H08_20201021_1200_B13_FLDK_R20_S0410.DAT.bz2"", ""/workspace/scratch/aa764eb01872/data/raw/himawari/2020/10/21/1200/HS_H08_20201021_1200_B13_FLDK_R20_S0510.DAT.bz2"", ""/workspace/scratch/aa764eb01872/data/raw/himawari/2020/10/21/1200/HS_H08_20201021_1200_B13_FLDK_R20_S0610.DAT.bz2"", ""/workspace/scratch/aa764eb01872/data/raw/himawari/2020/10/21/1200/HS_H08_20201021_1200_B13_FLDK_R20_S0710.DAT.bz2"", ""/workspace/scratch/aa764eb01872/data/raw/himawari/2020/10/21/1200/HS_H08_20201021_1200_B13_FLDK_R20_S0810.DAT.bz2"", ""/workspace/scratch/aa764eb01872/data/raw/himawari/2020/10/21/1200/HS_H08_20201021_1200_B13_FLDK_R20_S0910.DAT.bz2"", ""/workspace/scratch/aa764eb01872/data/raw/himawari/2020/10/21/1200/HS_H08_20201021_1200_B13_FLDK_R20_S1010.DAT.bz2""]",5,1.0,281.54254150390625,207.45327758789062,0.007498570064822412,9.129523823503405e-05,0.6872273087501526,0.0,0.29153788217740895,18,0.753718343829559,91.55905744568159,234.61892700195312
2020293N23139,UNNAMED,0,2020-10-22T06:00:00+00:00,72h_after_first_track,2020-10-21T15:00:00+00:00,-15,24.4,139.3,10,AHI-L1b-FLDK/2020/10/21/1500/HS_H08_20201021_1500_B13_FLDK_R20_S0110.DAT.bz2,/workspace/scratch/aa764eb01872/data/raw/himawari/2020/10/21/1500/HS_H08_20201021_1500_B13_FLDK_R20_S0110.DAT.bz2,"[""AHI-L1b-FLDK/2020/10/21/1500/HS_H08_20201021_1500_B13_FLDK_R20_S0110.DAT.bz2"", ""AHI-L1b-FLDK/2020/10/21/1500/HS_H08_20201021_1500_B13_FLDK_R20_S0210.DAT.bz2"", ""AHI-L1b-FLDK/2020/10/21/1500/HS_H08_20201021_1500_B13_FLDK_R20_S0310.DAT.bz2"", ""AHI-L1b-FLDK/2020/10/21/1500/HS_H08_20201021_1500_B13_FLDK_R20_S0410.DAT.bz2"", ""AHI-L1b-FLDK/2020/10/21/1500/HS_H08_20201021_1500_B13_FLDK_R20_S0510.DAT.bz2"", ""AHI-L1b-FLDK/2020/10/21/1500/HS_H08_20201021_1500_B13_FLDK_R20_S0610.DAT.bz2"", ""AHI-L1b-FLDK/2020/10/21/1500/HS_H08_20201021_1500_B13_FLDK_R20_S0710.DAT.bz2"", ""AHI-L1b-FLDK/2020/10/21/1500/HS_H08_20201021_1500_B13_FLDK_R20_S0810.DAT.bz2"", ""AHI-L1b-FLDK/2020/10/21/1500/HS_H08_20201021_1500_B13_FLDK_R20_S0910.DAT.bz2"", ""AHI-L1b-FLDK/2020/10/21/1500/HS_H08_20201021_1500_B13_FLDK_R20_S1010.DAT.bz2""]","[""/workspace/scratch/aa764eb01872/data/raw/himawari/2020/10/21/1500/HS_H08_20201021_1500_B13_FLDK_R20_S0110.DAT.bz2"", ""/workspace/scratch/aa764eb01872/data/raw/himawari/2020/10/21/1500/HS_H08_20201021_1500_B13_FLDK_R20_S0210.DAT.bz2"", ""/workspace/scratch/aa764eb01872/data/raw/himawari/2020/10/21/1500/HS_H08_20201021_1500_B13_FLDK_R20_S0310.DAT.bz2"", ""/workspace/scratch/aa764eb01872/data/raw/himawari/2020/10/21/1500/HS_H08_20201021_1500_B13_FLDK_R20_S0410.DAT.bz2"", ""/workspace/scratch/aa764eb01872/data/raw/himawari/2020/10/21/1500/HS_H08_20201021_1500_B13_FLDK_R20_S0510.DAT.bz2"", ""/workspace/scratch/aa764eb01872/data/raw/himawari/2020/10/21/1500/HS_H08_20201021_1500_B13_FLDK_R20_S0610.DAT.bz2"", ""/workspace/scratch/aa764eb01872/data/raw/himawari/2020/10/21/1500/HS_H08_20201021_1500_B13_FLDK_R20_S0710.DAT.bz2"", ""/workspace/scratch/aa764eb01872/data/raw/himawari/2020/10/21/1500/HS_H08_20201021_1500_B13_FLDK_R20_S0810.DAT.bz2"", ""/workspace/scratch/aa764eb01872/data/raw/himawari/2020/10/21/1500/HS_H08_20201021_1500_B13_FLDK_R20_S0910.DAT.bz2"", ""/workspace/scratch/aa764eb01872/data/raw/himawari/2020/10/21/1500/HS_H08_20201021_1500_B13_FLDK_R20_S1010.DAT.bz2""]",5,1.0,279.2225036621094,203.84280395507812,0.033853991641537406,0.0002783876843750477,0.44378411769866943,0.0,0.44403037214275587,22,0.9225943352707814,29.064329965429017,294.263671875
2020293N23139,UNNAMED,0,2020-10-22T06:00:00+00:00,72h_after_first_track,2020-10-21T18:00:00+00:00,-12,24.6,139.3,10,AHI-L1b-FLDK/2020/10/21/1800/HS_H08_20201021_1800_B13_FLDK_R20_S0110.DAT.bz2,/workspace/scratch/aa764eb01872/data/raw/himawari/2020/10/21/1800/HS_H08_20201021_1800_B13_FLDK_R20_S0110.DAT.bz2,"[""AHI-L1b-FLDK/2020/10/21/1800/HS_H08_20201021_1800_B13_FLDK_R20_S0110.DAT.bz2"", ""AHI-L1b-FLDK/2020/10/21/1800/HS_H08_20201021_1800_B13_FLDK_R20_S0210.DAT.bz2"", ""AHI-L1b-FLDK/2020/10/21/1800/HS_H08_20201021_1800_B13_FLDK_R20_S0310.DAT.bz2"", ""AHI-L1b-FLDK/2020/10/21/1800/HS_H08_20201021_1800_B13_FLDK_R20_S0410.DAT.bz2"", ""AHI-L1b-FLDK/2020/10/21/1800/HS_H08_20201021_1800_B13_FLDK_R20_S0510.DAT.bz2"", ""AHI-L1b-FLDK/2020/10/21/1800/HS_H08_20201021_1800_B13_FLDK_R20_S0610.DAT.bz2"", ""AHI-L1b-FLDK/2020/10/21/1800/HS_H08_20201021_1800_B13_FLDK_R20_S0710.DAT.bz2"", ""AHI-L1b-FLDK/2020/10/21/1800/HS_H08_20201021_1800_B13_FLDK_R20_S0810.DAT.bz2"", ""AHI-L1b-FLDK/2020/10/21/1800/HS_H08_20201021_1800_B13_FLDK_R20_S0910.DAT.bz2"", ""AHI-L1b-FLDK/2020/10/21/1800/HS_H08_20201021_1800_B13_FLDK_R20_S1010.DAT.bz2""]","[""/workspace/scratch/aa764eb01872/data/raw/himawari/2020/10/21/1800/HS_H08_20201021_1800_B13_FLDK_R20_S0110.DAT.bz2"", ""/workspace/scratch/aa764eb01872/data/raw/himawari/2020/10/21/1800/HS_H08_20201021_1800_B13_FLDK_R20_S0210.DAT.bz2"", ""/workspace/scratch/aa764eb01872/data/raw/himawari/2020/10/21/1800/HS_H08_20201021_1800_B13_FLDK_R20_S0310.DAT.bz2"", ""/workspace/scratch/aa764eb01872/data/raw/himawari/2020/10/21/1800/HS_H08_20201021_1800_B13_FLDK_R20_S0410.DAT.bz2"", ""/workspace/scratch/aa764eb01872/data/raw/himawari/2020/10/21/1800/HS_H08_20201021_1800_B13_FLDK_R20_S0510.DAT.bz2"", ""/workspace/scratch/aa764eb01872/data/raw/himawari/2020/10/21/1800/HS_H08_20201021_1800_B13_FLDK_R20_S0610.DAT.bz2"", ""/workspace/scratch/aa764eb01872/data/raw/himawari/2020/10/21/1800/HS_H08_20201021_1800_B13_FLDK_R20_S0710.DAT.bz2"", ""/workspace/scratch/aa764eb01872/data/raw/himawari/2020/10/21/1800/HS_H08_20201021_1800_B13_FLDK_R20_S0810.DAT.bz2"", ""/workspace/scratch/aa764eb01872/data/raw/himawari/2020/10/21/1800/HS_H08_20201021_1800_B13_FLDK_R20_S0910.DAT.bz2"", ""/workspace/scratch/aa764eb01872/data/raw/himawari/2020/10/21/1800/HS_H08_20201021_1800_B13_FLDK_R20_S1010.DAT.bz2""]",5,1.0,279.6969299316406,208.38014221191406,0.026299397098302545,7.187498704297468e-05,0.33338505029678345,0.0,0.517956141577838,29,1.219301970644254,25.00823274334688,312.7822570800781
2020293N23139,UNNAMED,0,2020-10-22T06:00:00+00:00,72h_after_first_track,2020-10-21T21:00:00+00:00,-9,24.8,139.4,10,AHI-L1b-FLDK/2020/10/21/2100/HS_H08_20201021_2100_B13_FLDK_R20_S0110.DAT.bz2,/workspace/scratch/aa764eb01872/data/raw/himawari/2020/10/21/2100/HS_H08_20201021_2100_B13_FLDK_R20_S0110.DAT.bz2,"[""AHI-L1b-FLDK/2020/10/21/2100/HS_H08_20201021_2100_B13_FLDK_R20_S0110.DAT.bz2"", ""AHI-L1b-FLDK/2020/10/21/2100/HS_H08_20201021_2100_B13_FLDK_R20_S0210.DAT.bz2"", ""AHI-L1b-FLDK/2020/10/21/2100/HS_H08_20201021_2100_B13_FLDK_R20_S0310.DAT.bz2"", ""AHI-L1b-FLDK/2020/10/21/2100/HS_H08_20201021_2100_B13_FLDK_R20_S0410.DAT.bz2"", ""AHI-L1b-FLDK/2020/10/21/2100/HS_H08_20201021_2100_B13_FLDK_R20_S0510.DAT.bz2"", ""AHI-L1b-FLDK/2020/10/21/2100/HS_H08_20201021_2100_B13_FLDK_R20_S0610.DAT.bz2"", ""AHI-L1b-FLDK/2020/10/21/2100/HS_H08_20201021_2100_B13_FLDK_R20_S0710.DAT.bz2"", ""AHI-L1b-FLDK/2020/10/21/2100/HS_H08_20201021_2100_B13_FLDK_R20_S0810.DAT.bz2"", ""AHI-L1b-FLDK/2020/10/21/2100/HS_H08_20201021_2100_B13_FLDK_R20_S0910.DAT.bz2"", ""AHI-L1b-FLDK/2020/10/21/2100/HS_H08_20201021_2100_B13_FLDK_R20_S1010.DAT.bz2""]","[""/workspace/scratch/aa764eb01872/data/raw/himawari/2020/10/21/2100/HS_H08_20201021_2100_B13_FLDK_R20_S0110.DAT.bz2"", ""/workspace/scratch/aa764eb01872/data/raw/himawari/2020/10/21/2100/HS_H08_20201021_2100_B13_FLDK_R20_S0210.DAT.bz2"", ""/workspace/scratch/aa764eb01872/data/raw/himawari/2020/10/21/2100/HS_H08_20201021_2100_B13_FLDK_R20_S0310.DAT.bz2"", ""/workspace/scratch/aa764eb01872/data/raw/himawari/2020/10/21/2100/HS_H08_20201021_2100_B13_FLDK_R20_S0410.DAT.bz2"", ""/workspace/scratch/aa764eb01872/data/raw/himawari/2020/10/21/2100/HS_H08_20201021_2100_B13_FLDK_R20_S0510.DAT.bz2"", ""/workspace/scratch/aa764eb01872/data/raw/himawari/2020/10/21/2100/HS_H08_20201021_2100_B13_FLDK_R20_S0610.DAT.bz2"", ""/workspace/scratch/aa764eb01872/data/raw/himawari/2020/10/21/2100/HS_H08_20201021_2100_B13_FLDK_R20_S0710.DAT.bz2"", ""/workspace/scratch/aa764eb01872/data/raw/himawari/2020/10/21/2100/HS_H08_20201021_2100_B13_FLDK_R20_S0810.DAT.bz2"", ""/workspace/scratch/aa764eb01872/data/raw/himawari/2020/10/21/2100/HS_H08_20201021_2100_B13_FLDK_R20_S0910.DAT.bz2"", ""/workspace/scratch/aa764eb01872/data/raw/himawari/2020/10/21/2100/HS_H08_20201021_2100_B13_FLDK_R20_S1010.DAT.bz2""]",5,1.0,283.6241455078125,212.49928283691406,0.008498311239735478,0.0,0.6832109689712524,0.0,0.5584633492561987,16,0.6745419438612468,59.99769941482726,207.5107879638672
2020293N23139,UNNAMED,0,2020-10-22T06:00:00+00:00,72h_after_first_track,2020-10-22T00:00:00+00:00,-6,25.2,139.5,10,AHI-L1b-FLDK/2020/10/22/0000/HS_H08_20201022_0000_B13_FLDK_R20_S0110.DAT.bz2,/workspace/scratch/aa764eb01872/data/raw/himawari/2020/10/22/0000/HS_H08_20201022_0000_B13_FLDK_R20_S0110.DAT.bz2,"[""AHI-L1b-FLDK/2020/10/22/0000/HS_H08_20201022_0000_B13_FLDK_R20_S0110.DAT.bz2"", ""AHI-L1b-FLDK/2020/10/22/0000/HS_H08_20201022_0000_B13_FLDK_R20_S0210.DAT.bz2"", ""AHI-L1b-FLDK/2020/10/22/0000/HS_H08_20201022_0000_B13_FLDK_R20_S0310.DAT.bz2"", ""AHI-L1b-FLDK/2020/10/22/0000/HS_H08_20201022_0000_B13_FLDK_R20_S0410.DAT.bz2"", ""AHI-L1b-FLDK/2020/10/22/0000/HS_H08_20201022_0000_B13_FLDK_R20_S0510.DAT.bz2"", ""AHI-L1b-FLDK/2020/10/22/0000/HS_H08_20201022_0000_B13_FLDK_R20_S0610.DAT.bz2"", ""AHI-L1b-FLDK/2020/10/22/0000/HS_H08_20201022_0000_B13_FLDK_R20_S0710.DAT.bz2"", ""AHI-L1b-FLDK/2020/10/22/0000/HS_H08_20201022_0000_B13_FLDK_R20_S0810.DAT.bz2"", ""AHI-L1b-FLDK/2020/10/22/0000/HS_H08_20201022_0000_B13_FLDK_R20_S0910.DAT.bz2"", ""AHI-L1b-FLDK/2020/10/22/0000/HS_H08_20201022_0000_B13_FLDK_R20_S1010.DAT.bz2""]","[""/workspace/scratch/aa764eb01872/data/raw/himawari/2020/10/22/0000/HS_H08_20201022_0000_B13_FLDK_R20_S0110.DAT.bz2"", ""/workspace/scratch/aa764eb01872/data/raw/himawari/2020/10/22/0000/HS_H08_20201022_0000_B13_FLDK_R20_S0210.DAT.bz2"", ""/workspace/scratch/aa764eb01872/data/raw/himawari/2020/10/22/0000/HS_H08_20201022_0000_B13_FLDK_R20_S0310.DAT.bz2"", ""/workspace/scratch/aa764eb01872/data/raw/himawari/2020/10/22/0000/HS_H08_20201022_0000_B13_FLDK_R20_S0410.DAT.bz2"", ""/workspace/scratch/aa764eb01872/data/raw/himawari/2020/10/22/0000/HS_H08_20201022_0000_B13_FLDK_R20_S0510.DAT.bz2"", ""/workspace/scratch/aa764eb01872/data/raw/himawari/2020/10/22/0000/HS_H08_20201022_0000_B13_FLDK_R20_S0610.DAT.bz2"", ""/workspace/scratch/aa764eb01872/data/raw/himawari/2020/10/22/0000/HS_H08_20201022_0000_B13_FLDK_R20_S0710.DAT.bz2"", ""/workspace/scratch/aa764eb01872/data/raw/himawari/2020/10/22/0000/HS_H08_20201022_0000_B13_FLDK_R20_S0810.DAT.bz2"", ""/workspace/scratch/aa764eb01872/data/raw/himawari/2020/10/22/0000/HS_H08_20201022_0000_B13_FLDK_R20_S0910.DAT.bz2"", ""/workspace/scratch/aa764eb01872/data/raw/himawari/2020/10/22/0000/HS_H08_20201022_0000_B13_FLDK_R20_S1010.DAT.bz2""]",5,1.0,287.8417663574219,209.64637756347656,0.008424110698616453,4.202909167361213e-06,0.5257586240768433,0.0,0.4333098363973871,9,0.38149333446368394,183.34371942865536,359.5673828125
2020293N23139,UNNAMED,0,2020-10-22T06:00:00+00:00,72h_after_first_track,2020-10-22T03:00:00+00:00,-3,25.6,139.3,10,AHI-L1b-FLDK/2020/10/22/0300/HS_H08_20201022_0300_B13_FLDK_R20_S0110.DAT.bz2,/workspace/scratch/aa764eb01872/data/raw/himawari/2020/10/22/0300/HS_H08_20201022_0300_B13_FLDK_R20_S0110.DAT.bz2,"[""AHI-L1b-FLDK/2020/10/22/0300/HS_H08_20201022_0300_B13_FLDK_R20_S0110.DAT.bz2"", ""AHI-L1b-FLDK/2020/10/22/0300/HS_H08_20201022_0300_B13_FLDK_R20_S0210.DAT.bz2"", ""AHI-L1b-FLDK/2020/10/22/0300/HS_H08_20201022_0300_B13_FLDK_R20_S0310.DAT.bz2"", ""AHI-L1b-FLDK/2020/10/22/0300/HS_H08_20201022_0300_B13_FLDK_R20_S0410.DAT.bz2"", ""AHI-L1b-FLDK/2020/10/22/0300/HS_H08_20201022_0300_B13_FLDK_R20_S0510.DAT.bz2"", ""AHI-L1b-FLDK/2020/10/22/0300/HS_H08_20201022_0300_B13_FLDK_R20_S0610.DAT.bz2"", ""AHI-L1b-FLDK/2020/10/22/0300/HS_H08_20201022_0300_B13_FLDK_R20_S0710.DAT.bz2"", ""AHI-L1b-FLDK/2020/10/22/0300/HS_H08_20201022_0300_B13_FLDK_R20_S0810.DAT.bz2"", ""AHI-L1b-FLDK/2020/10/22/0300/HS_H08_20201022_0300_B13_FLDK_R20_S0910.DAT.bz2"", ""AHI-L1b-FLDK/2020/10/22/0300/HS_H08_20201022_0300_B13_FLDK_R20_S1010.DAT.bz2""]","[""/workspace/scratch/aa764eb01872/data/raw/himawari/2020/10/22/0300/HS_H08_20201022_0300_B13_FLDK_R20_S0110.DAT.bz2"", ""/workspace/scratch/aa764eb01872/data/raw/himawari/2020/10/22/0300/HS_H08_20201022_0300_B13_FLDK_R20_S0210.DAT.bz2"", ""/workspace/scratch/aa764eb01872/data/raw/himawari/2020/10/22/0300/HS_H08_20201022_0300_B13_FLDK_R20_S0310.DAT.bz2"", ""/workspace/scratch/aa764eb01872/data/raw/himawari/2020/10/22/0300/HS_H08_20201022_0300_B13_FLDK_R20_S0410.DAT.bz2"", ""/workspace/scratch/aa764eb01872/data/raw/himawari/2020/10/22/0300/HS_H08_20201022_0300_B13_FLDK_R20_S0510.DAT.bz2"", ""/workspace/scratch/aa764eb01872/data/raw/himawari/2020/10/22/0300/HS_H08_20201022_0300_B13_FLDK_R20_S0610.DAT.bz2"", ""/workspace/scratch/aa764eb01872/data/raw/himawari/2020/10/22/0300/HS_H08_20201022_0300_B13_FLDK_R20_S0710.DAT.bz2"", ""/workspace/scratch/aa764eb01872/data/raw/himawari/2020/10/22/0300/HS_H08_20201022_0300_B13_FLDK_R20_S0810.DAT.bz2"", ""/workspace/scratch/aa764eb01872/data/raw/himawari/2020/10/22/0300/HS_H08_20201022_0300_B13_FLDK_R20_S0910.DAT.bz2"", ""/workspace/scratch/aa764eb01872/data/raw/himawari/2020/10/22/0300/HS_H08_20201022_0300_B13_FLDK_R20_S1010.DAT.bz2""]",5,1.0,286.9787902832031,206.12217712402344,0.021406052977401082,0.00040505873039364815,0.06980281323194504,0.0,0.9089982887602214,4,0.17052260916644288,486.5782851452391,520.8470458984375
2021185N13121,UNNAMED,0,2021-07-06T18:00:00+00:00,72h_after_first_track,2021-07-03T18:00:00+00:00,-72,13.0,121.2,10,AHI-L1b-FLDK/2021/07/03/1800/HS_H08_20210703_1800_B13_FLDK_R20_S0110.DAT.bz2,/workspace/scratch/aa764eb01872/data/raw/himawari/2021/07/03/1800/HS_H08_20210703_1800_B13_FLDK_R20_S0110.DAT.bz2,"[""AHI-L1b-FLDK/2021/07/03/1800/HS_H08_20210703_1800_B13_FLDK_R20_S0110.DAT.bz2"", ""AHI-L1b-FLDK/2021/07/03/1800/HS_H08_20210703_1800_B13_FLDK_R20_S0210.DAT.bz2"", ""AHI-L1b-FLDK/2021/07/03/1800/HS_H08_20210703_1800_B13_FLDK_R20_S0310.DAT.bz2"", ""AHI-L1b-FLDK/2021/07/03/1800/HS_H08_20210703_1800_B13_FLDK_R20_S0410.DAT.bz2"", ""AHI-L1b-FLDK/2021/07/03/1800/HS_H08_20210703_1800_B13_FLDK_R20_S0510.DAT.bz2"", ""AHI-L1b-FLDK/2021/07/03/1800/HS_H08_20210703_1800_B13_FLDK_R20_S0610.DAT.bz2"", ""AHI-L1b-FLDK/2021/07/03/1800/HS_H08_20210703_1800_B13_FLDK_R20_S0710.DAT.bz2"", ""AHI-L1b-FLDK/2021/07/03/1800/HS_H08_20210703_1800_B13_FLDK_R20_S0810.DAT.bz2"", ""AHI-L1b-FLDK/2021/07/03/1800/HS_H08_20210703_1800_B13_FLDK_R20_S0910.DAT.bz2"", ""AHI-L1b-FLDK/2021/07/03/1800/HS_H08_20210703_1800_B13_FLDK_R20_S1010.DAT.bz2""]","[""/workspace/scratch/aa764eb01872/data/raw/himawari/2021/07/03/1800/HS_H08_20210703_1800_B13_FLDK_R20_S0110.DAT.bz2"", ""/workspace/scratch/aa764eb01872/data/raw/himawari/2021/07/03/1800/HS_H08_20210703_1800_B13_FLDK_R20_S0210.DAT.bz2"", ""/workspace/scratch/aa764eb01872/data/raw/himawari/2021/07/03/1800/HS_H08_20210703_1800_B13_FLDK_R20_S0310.DAT.bz2"", ""/workspace/scratch/aa764eb01872/data/raw/himawari/2021/07/03/1800/HS_H08_20210703_1800_B13_FLDK_R20_S0410.DAT.bz2"", ""/workspace/scratch/aa764eb01872/data/raw/himawari/2021/07/03/1800/HS_H08_20210703_1800_B13_FLDK_R20_S0510.DAT.bz2"", ""/workspace/scratch/aa764eb01872/data/raw/himawari/2021/07/03/1800/HS_H08_20210703_1800_B13_FLDK_R20_S0610.DAT.bz2"", ""/workspace/scratch/aa764eb01872/data/raw/himawari/2021/07/03/1800/HS_H08_20210703_1800_B13_FLDK_R20_S0710.DAT.bz2"", ""/workspace/scratch/aa764eb01872/data/raw/himawari/2021/07/03/1800/HS_H08_20210703_1800_B13_FLDK_R20_S0810.DAT.bz2"", ""/workspace/scratch/aa764eb01872/data/raw/himawari/2021/07/03/1800/HS_H08_20210703_1800_B13_FLDK_R20_S0910.DAT.bz2"", ""/workspace/scratch/aa764eb01872/data/raw/himawari/2021/07/03/1800/HS_H08_20210703_1800_B13_FLDK_R20_S1010.DAT.bz2""]",1,1.0,254.8730926513672,188.83230590820312,0.2642698795401917,0.07644402235746384,0.26611989736557007,0.40351487649719986,0.4065347307114048,120,4.973474801061008,144.52421764950893,367.1175842285156
2021185N13121,UNNAMED,0,2021-07-06T18:00:00+00:00,72h_after_first_track,2021-07-03T21:00:00+00:00,-69,13.0,120.7,10,AHI-L1b-FLDK/2021/07/03/2100/HS_H08_20210703_2100_B13_FLDK_R20_S0110.DAT.bz2,/workspace/scratch/aa764eb01872/data/raw/himawari/2021/07/03/2100/HS_H08_20210703_2100_B13_FLDK_R20_S0110.DAT.bz2,"[""AHI-L1b-FLDK/2021/07/03/2100/HS_H08_20210703_2100_B13_FLDK_R20_S0110.DAT.bz2"", ""AHI-L1b-FLDK/2021/07/03/2100/HS_H08_20210703_2100_B13_FLDK_R20_S0210.DAT.bz2"", ""AHI-L1b-FLDK/2021/07/03/2100/HS_H08_20210703_2100_B13_FLDK_R20_S0310.DAT.bz2"", ""AHI-L1b-FLDK/2021/07/03/2100/HS_H08_20210703_2100_B13_FLDK_R20_S0410.DAT.bz2"", ""AHI-L1b-FLDK/2021/07/03/2100/HS_H08_20210703_2100_B13_FLDK_R20_S0510.DAT.bz2"", ""AHI-L1b-FLDK/2021/07/03/2100/HS_H08_20210703_2100_B13_FLDK_R20_S0610.DAT.bz2"", ""AHI-L1b-FLDK/2021/07/03/2100/HS_H08_20210703_2100_B13_FLDK_R20_S0710.DAT.bz2"", ""AHI-L1b-FLDK/2021/07/03/2100/HS_H08_20210703_2100_B13_FLDK_R20_S0810.DAT.bz2"", ""AHI-L1b-FLDK/2021/07/03/2100/HS_H08_20210703_2100_B13_FLDK_R20_S0910.DAT.bz2"", ""AHI-L1b-FLDK/2021/07/03/2100/HS_H08_20210703_2100_B13_FLDK_R20_S1010.DAT.bz2""]","[""/workspace/scratch/aa764eb01872/data/raw/himawari/2021/07/03/2100/HS_H08_20210703_2100_B13_FLDK_R20_S0110.DAT.bz2"", ""/workspace/scratch/aa764eb01872/data/raw/himawari/2021/07/03/2100/HS_H08_20210703_2100_B13_FLDK_R20_S0210.DAT.bz2"", ""/workspace/scratch/aa764eb01872/data/raw/himawari/2021/07/03/2100/HS_H08_20210703_2100_B13_FLDK_R20_S0310.DAT.bz2"", ""/workspace/scratch/aa764eb01872/data/raw/himawari/2021/07/03/2100/HS_H08_20210703_2100_B13_FLDK_R20_S0410.DAT.bz2"", ""/workspace/scratch/aa764eb01872/data/raw/himawari/2021/07/03/2100/HS_H08_20210703_2100_B13_FLDK_R20_S0510.DAT.bz2"", ""/workspace/scratch/aa764eb01872/data/raw/himawari/2021/07/03/2100/HS_H08_20210703_2100_B13_FLDK_R20_S0610.DAT.bz2"", ""/workspace/scratch/aa764eb01872/data/raw/himawari/2021/07/03/2100/HS_H08_20210703_2100_B13_FLDK_R20_S0710.DAT.bz2"", ""/workspace/scratch/aa764eb01872/data/raw/himawari/2021/07/03/2100/HS_H08_20210703_2100_B13_FLDK_R20_S0810.DAT.bz2"", ""/workspace/scratch/aa764eb01872/data/raw/himawari/2021/07/03/2100/HS_H08_20210703_2100_B13_FLDK_R20_S0910.DAT.bz2"", ""/workspace/scratch/aa764eb01872/data/raw/himawari/2021/07/03/2100/HS_H08_20210703_2100_B13_FLDK_R20_S1010.DAT.bz2""]",1,1.0,251.9784698486328,185.86170959472656,0.3229591962998759,0.11337736994028091,0.2172403186559677,0.26111985991829967,0.6529054574490635,62,2.583817799170678,180.19533534151213,351.0134582519531
2021185N13121,UNNAMED,0,2021-07-06T18:00:00+00:00,72h_after_first_track,2021-07-04T00:00:00+00:00,-66,13.1,120.1,10,AHI-L1b-FLDK/2021/07/04/0000/HS_H08_20210704_0000_B13_FLDK_R20_S0110.DAT.bz2,/workspace/scratch/aa764eb01872/data/raw/himawari/2021/07/04/0000/HS_H08_20210704_0000_B13_FLDK_R20_S0110.DAT.bz2,"[""AHI-L1b-FLDK/2021/07/04/0000/HS_H08_20210704_0000_B13_FLDK_R20_S0110.DAT.bz2"", ""AHI-L1b-FLDK/2021/07/04/0000/HS_H08_20210704_0000_B13_FLDK_R20_S0210.DAT.bz2"", ""AHI-L1b-FLDK/2021/07/04/0000/HS_H08_20210704_0000_B13_FLDK_R20_S0310.DAT.bz2"", ""AHI-L1b-FLDK/2021/07/04/0000/HS_H08_20210704_0000_B13_FLDK_R20_S0410.DAT.bz2"", ""AHI-L1b-FLDK/2021/07/04/0000/HS_H08_20210704_0000_B13_FLDK_R20_S0510.DAT.bz2"", ""AHI-L1b-FLDK/2021/07/04/0000/HS_H08_20210704_0000_B13_FLDK_R20_S0610.DAT.bz2"", ""AHI-L1b-FLDK/2021/07/04/0000/HS_H08_20210704_0000_B13_FLDK_R20_S0710.DAT.bz2"", ""AHI-L1b-FLDK/2021/07/04/0000/HS_H08_20210704_0000_B13_FLDK_R20_S0810.DAT.bz2"", ""AHI-L1b-FLDK/2021/07/04/0000/HS_H08_20210704_0000_B13_FLDK_R20_S0910.DAT.bz2"", ""AHI-L1b-FLDK/2021/07/04/0000/HS_H08_20210704_0000_B13_FLDK_R20_S1010.DAT.bz2""]","[""/workspace/scratch/aa764eb01872/data/raw/himawari/2021/07/04/0000/HS_H08_20210704_0000_B13_FLDK_R20_S0110.DAT.bz2"", ""/workspace/scratch/aa764eb01872/data/raw/himawari/2021/07/04/0000/HS_H08_20210704_0000_B13_FLDK_R20_S0210.DAT.bz2"", ""/workspace/scratch/aa764eb01872/data/raw/himawari/2021/07/04/0000/HS_H08_20210704_0000_B13_FLDK_R20_S0310.DAT.bz2"", ""/workspace/scratch/aa764eb01872/data/raw/himawari/2021/07/04/0000/HS_H08_20210704_0000_B13_FLDK_R20_S0410.DAT.bz2"", ""/workspace/scratch/aa764eb01872/data/raw/himawari/2021/07/04/0000/HS_H08_20210704_0000_B13_FLDK_R20_S0510.DAT.bz2"", ""/workspace/scratch/aa764eb01872/data/raw/himawari/2021/07/04/0000/HS_H08_20210704_0000_B13_FLDK_R20_S0610.DAT.bz2"", ""/workspace/scratch/aa764eb01872/data/raw/himawari/2021/07/04/0000/HS_H08_20210704_0000_B13_FLDK_R20_S0710.DAT.bz2"", ""/workspace/scratch/aa764eb01872/data/raw/himawari/2021/07/04/0000/HS_H08_20210704_0000_B13_FLDK_R20_S0810.DAT.bz2"", ""/workspace/scratch/aa764eb01872/data/raw/himawari/2021/07/04/0000/HS_H08_20210704_0000_B13_FLDK_R20_S0910.DAT.bz2"", ""/workspace/scratch/aa764eb01872/data/raw/himawari/2021/07/04/0000/HS_H08_20210704_0000_B13_FLDK_R20_S1010.DAT.bz2""]",1,1.0,254.18670654296875,190.1564483642578,0.3234382994557886,0.08664140850305557,0.1832677572965622,0.08478748665648972,0.8208535024191578,63,2.6450583592241164,222.18723935379754,355.9342346191406
2021185N13121,UNNAMED,0,2021-07-06T18:00:00+00:00,72h_after_first_track,2021-07-04T03:00:00+00:00,-63,13.5,119.4,10,AHI-L1b-FLDK/2021/07/04/0300/HS_H08_20210704_0300_B13_FLDK_R20_S0110.DAT.bz2,/workspace/scratch/aa764eb01872/data/raw/himawari/2021/07/04/0300/HS_H08_20210704_0300_B13_FLDK_R20_S0110.DAT.bz2,"[""AHI-L1b-FLDK/2021/07/04/0300/HS_H08_20210704_0300_B13_FLDK_R20_S0110.DAT.bz2"", ""AHI-L1b-FLDK/2021/07/04/0300/HS_H08_20210704_0300_B13_FLDK_R20_S0210.DAT.bz2"", ""AHI-L1b-FLDK/2021/07/04/0300/HS_H08_20210704_0300_B13_FLDK_R20_S0310.DAT.bz2"", ""AHI-L1b-FLDK/2021/07/04/0300/HS_H08_20210704_0300_B13_FLDK_R20_S0410.DAT.bz2"", ""AHI-L1b-FLDK/2021/07/04/0300/HS_H08_20210704_0300_B13_FLDK_R20_S0510.DAT.bz2"", ""AHI-L1b-FLDK/2021/07/04/0300/HS_H08_20210704_0300_B13_FLDK_R20_S0610.DAT.bz2"", ""AHI-L1b-FLDK/2021/07/04/0300/HS_H08_20210704_0300_B13_FLDK_R20_S0710.DAT.bz2"", ""AHI-L1b-FLDK/2021/07/04/0300/HS_H08_20210704_0300_B13_FLDK_R20_S0810.DAT.bz2"", ""AHI-L1b-FLDK/2021/07/04/0300/HS_H08_20210704_0300_B13_FLDK_R20_S0910.DAT.bz2"", ""AHI-L1b-FLDK/2021/07/04/0300/HS_H08_20210704_0300_B13_FLDK_R20_S1010.DAT.bz2""]","[""/workspace/scratch/aa764eb01872/data/raw/himawari/2021/07/04/0300/HS_H08_20210704_0300_B13_FLDK_R20_S0110.DAT.bz2"", ""/workspace/scratch/aa764eb01872/data/raw/himawari/2021/07/04/0300/HS_H08_20210704_0300_B13_FLDK_R20_S0210.DAT.bz2"", ""/workspace/scratch/aa764eb01872/data/raw/himawari/2021/07/04/0300/HS_H08_20210704_0300_B13_FLDK_R20_S0310.DAT.bz2"", ""/workspace/scratch/aa764eb01872/data/raw/himawari/2021/07/04/0300/HS_H08_20210704_0300_B13_FLDK_R20_S0410.DAT.bz2"", ""/workspace/scratch/aa764eb01872/data/raw/himawari/2021/07/04/0300/HS_H08_20210704_0300_B13_FLDK_R20_S0510.DAT.bz2"", ""/workspace/scratch/aa764eb01872/data/raw/himawari/2021/07/04/0300/HS_H08_20210704_0300_B13_FLDK_R20_S0610.DAT.bz2"", ""/workspace/scratch/aa764eb01872/data/raw/himawari/2021/07/04/0300/HS_H08_20210704_0300_B13_FLDK_R20_S0710.DAT.bz2"", ""/workspace/scratch/aa764eb01872/data/raw/himawari/2021/07/04/0300/HS_H08_20210704_0300_B13_FLDK_R20_S0810.DAT.bz2"", ""/workspace/scratch/aa764eb01872/data/raw/himawari/2021/07/04/0300/HS_H08_20210704_0300_B13_FLDK_R20_S0910.DAT.bz2"", ""/workspace/scratch/aa764eb01872/data/raw/himawari/2021/07/04/0300/HS_H08_20210704_0300_B13_FLDK_R20_S1010.DAT.bz2""]",1,1.0,257.1430969238281,189.573974609375,0.3005592015973951,0.08526777476072311,0.24206826090812683,0.11338222265855735,0.809166067569568,70,2.971503283511128,213.90217249786227,329.5025939941406
2021185N13121,UNNAMED,0,2021-07-06T18:00:00+00:00,72h_after_first_track,2021-07-04T06:00:00+00:00,-60,14.0,118.6,10,AHI-L1b-FLDK/2021/07/04/0600/HS_H08_20210704_0600_B13_FLDK_R20_S0110.DAT.bz2,/workspace/scratch/aa764eb01872/data/raw/himawari/2021/07/04/0600/HS_H08_20210704_0600_B13_FLDK_R20_S0110.DAT.bz2,"[""AHI-L1b-FLDK/2021/07/04/0600/HS_H08_20210704_0600_B13_FLDK_R20_S0110.DAT.bz2"", ""AHI-L1b-FLDK/2021/07/04/0600/HS_H08_20210704_0600_B13_FLDK_R20_S0210.DAT.bz2"", ""AHI-L1b-FLDK/2021/07/04/0600/HS_H08_20210704_0600_B13_FLDK_R20_S0310.DAT.bz2"", ""AHI-L1b-FLDK/2021/07/04/0600/HS_H08_20210704_0600_B13_FLDK_R20_S0410.DAT.bz2"", ""AHI-L1b-FLDK/2021/07/04/0600/HS_H08_20210704_0600_B13_FLDK_R20_S0510.DAT.bz2"", ""AHI-L1b-FLDK/2021/07/04/0600/HS_H08_20210704_0600_B13_FLDK_R20_S0610.DAT.bz2"", ""AHI-L1b-FLDK/2021/07/04/0600/HS_H08_20210704_0600_B13_FLDK_R20_S0710.DAT.bz2"", ""AHI-L1b-FLDK/2021/07/04/0600/HS_H08_20210704_0600_B13_FLDK_R20_S0810.DAT.bz2"", ""AHI-L1b-FLDK/2021/07/04/0600/HS_H08_20210704_0600_B13_FLDK_R20_S0910.DAT.bz2"", ""AHI-L1b-FLDK/2021/07/04/0600/HS_H08_20210704_0600_B13_FLDK_R20_S1010.DAT.bz2""]","[""/workspace/scratch/aa764eb01872/data/raw/himawari/2021/07/04/0600/HS_H08_20210704_0600_B13_FLDK_R20_S0110.DAT.bz2"", ""/workspace/scratch/aa764eb01872/data/raw/himawari/2021/07/04/0600/HS_H08_20210704_0600_B13_FLDK_R20_S0210.DAT.bz2"", ""/workspace/scratch/aa764eb01872/data/raw/himawari/2021/07/04/0600/HS_H08_20210704_0600_B13_FLDK_R20_S0310.DAT.bz2"", ""/workspace/scratch/aa764eb01872/data/raw/himawari/2021/07/04/0600/HS_H08_20210704_0600_B13_FLDK_R20_S0410.DAT.bz2"", ""/workspace/scratch/aa764eb01872/data/raw/himawari/2021/07/04/0600/HS_H08_20210704_0600_B13_FLDK_R20_S0510.DAT.bz2"", ""/workspace/scratch/aa764eb01872/data/raw/himawari/2021/07/04/0600/HS_H08_20210704_0600_B13_FLDK_R20_S0610.DAT.bz2"", ""/workspace/scratch/aa764eb01872/data/raw/himawari/2021/07/04/0600/HS_H08_20210704_0600_B13_FLDK_R20_S0710.DAT.bz2"", ""/workspace/scratch/aa764eb01872/data/raw/himawari/2021/07/04/0600/HS_H08_20210704_0600_B13_FLDK_R20_S0810.DAT.bz2"", ""/workspace/scratch/aa764eb01872/data/raw/himawari/2021/07/04/0600/HS_H08_20210704_0600_B13_FLDK_R20_S0910.DAT.bz2"", ""/workspace/scratch/aa764eb01872/data/raw/himawari/2021/07/04/0600/HS_H08_20210704_0600_B13_FLDK_R20_S1010.DAT.bz2""]",1,1.0,254.9690704345703,187.92127990722656,0.35278200246719704,0.0828840583562851,0.18660801649093628,0.18793898811376608,0.8120238622210536,88,3.7854509633542537,203.25143430106013,347.7796630859375
2021185N13121,UNNAMED,0,2021-07-06T18:00:00+00:00,72h_after_first_track,2021-07-04T09:00:00+00:00,-57,14.5,118.0,10,AHI-L1b-FLDK/2021/07/04/0900/HS_H08_20210704_0900_B13_FLDK_R20_S0110.DAT.bz2,/workspace/scratch/aa764eb01872/data/raw/himawari/2021/07/04/0900/HS_H08_20210704_0900_B13_FLDK_R20_S0110.DAT.bz2,"[""AHI-L1b-FLDK/2021/07/04/0900/HS_H08_20210704_0900_B13_FLDK_R20_S0110.DAT.bz2"", ""AHI-L1b-FLDK/2021/07/04/0900/HS_H08_20210704_0900_B13_FLDK_R20_S0210.DAT.bz2"", ""AHI-L1b-FLDK/2021/07/04/0900/HS_H08_20210704_0900_B13_FLDK_R20_S0310.DAT.bz2"", ""AHI-L1b-FLDK/2021/07/04/0900/HS_H08_20210704_0900_B13_FLDK_R20_S0410.DAT.bz2"", ""AHI-L1b-FLDK/2021/07/04/0900/HS_H08_20210704_0900_B13_FLDK_R20_S0510.DAT.bz2"", ""AHI-L1b-FLDK/2021/07/04/0900/HS_H08_20210704_0900_B13_FLDK_R20_S0610.DAT.bz2"", ""AHI-L1b-FLDK/2021/07/04/0900/HS_H08_20210704_0900_B13_FLDK_R20_S0710.DAT.bz2"", ""AHI-L1b-FLDK/2021/07/04/0900/HS_H08_20210704_0900_B13_FLDK_R20_S0810.DAT.bz2"", ""AHI-L1b-FLDK/2021/07/04/0900/HS_H08_20210704_0900_B13_FLDK_R20_S0910.DAT.bz2"", ""AHI-L1b-FLDK/2021/07/04/0900/HS_H08_20210704_0900_B13_FLDK_R20_S1010.DAT.bz2""]","[""/workspace/scratch/aa764eb01872/data/raw/himawari/2021/07/04/0900/HS_H08_20210704_0900_B13_FLDK_R20_S0110.DAT.bz2"", ""/workspace/scratch/aa764eb01872/data/raw/himawari/2021/07/04/0900/HS_H08_20210704_0900_B13_FLDK_R20_S0210.DAT.bz2"", ""/workspace/scratch/aa764eb01872/data/raw/himawari/2021/07/04/0900/HS_H08_20210704_0900_B13_FLDK_R20_S0310.DAT.bz2"", ""/workspace/scratch/aa764eb01872/data/raw/himawari/2021/07/04/0900/HS_H08_20210704_0900_B13_FLDK_R20_S0410.DAT.bz2"", ""/workspace/scratch/aa764eb01872/data/raw/himawari/2021/07/04/0900/HS_H08_20210704_0900_B13_FLDK_R20_S0510.DAT.bz2"", ""/workspace/scratch/aa764eb01872/data/raw/himawari/2021/07/04/0900/HS_H08_20210704_0900_B13_FLDK_R20_S0610.DAT.bz2"", ""/workspace/scratch/aa764eb01872/data/raw/himawari/2021/07/04/0900/HS_H08_20210704_0900_B13_FLDK_R20_S0710.DAT.bz2"", ""/workspace/scratch/aa764eb01872/data/raw/himawari/2021/07/04/0900/HS_H08_20210704_0900_B13_FLDK_R20_S0810.DAT.bz2"", ""/workspace/scratch/aa764eb01872/data/raw/himawari/2021/07/04/0900/HS_H08_20210704_0900_B13_FLDK_R20_S0910.DAT.bz2"", ""/workspace/scratch/aa764eb01872/data/raw/himawari/2021/07/04/0900/HS_H08_20210704_0900_B13_FLDK_R20_S1010.DAT.bz2""]",1,1.0,252.12808227539062,186.34805297851562,0.3934811207517019,0.11869432032108307,0.1267961859703064,0.31155346991918453,0.8855312164266905,54,2.3490005872501465,169.92394006903217,367.8080139160156
2021185N13121,UNNAMED,0,2021-07-06T18:00:00+00:00,72h_after_first_track,2021-07-04T12:00:00+00:00,-54,14.8,117.4,10,AHI-L1b-FLDK/2021/07/04/1200/HS_H08_20210704_1200_B13_FLDK_R20_S0110.DAT.bz2,/workspace/scratch/aa764eb01872/data/raw/himawari/2021/07/04/1200/HS_H08_20210704_1200_B13_FLDK_R20_S0110.DAT.bz2,"[""AHI-L1b-FLDK/2021/07/04/1200/HS_H08_20210704_1200_B13_FLDK_R20_S0110.DAT.bz2"", ""AHI-L1b-FLDK/2021/07/04/1200/HS_H08_20210704_1200_B13_FLDK_R20_S0210.DAT.bz2"", ""AHI-L1b-FLDK/2021/07/04/1200/HS_H08_20210704_1200_B13_FLDK_R20_S0310.DAT.bz2"", ""AHI-L1b-FLDK/2021/07/04/1200/HS_H08_20210704_1200_B13_FLDK_R20_S0410.DAT.bz2"", ""AHI-L1b-FLDK/2021/07/04/1200/HS_H08_20210704_1200_B13_FLDK_R20_S0510.DAT.bz2"", ""AHI-L1b-FLDK/2021/07/04/1200/HS_H08_20210704_1200_B13_FLDK_R20_S0610.DAT.bz2"", ""AHI-L1b-FLDK/2021/07/04/1200/HS_H08_20210704_1200_B13_FLDK_R20_S0710.DAT.bz2"", ""AHI-L1b-FLDK/2021/07/04/1200/HS_H08_20210704_1200_B13_FLDK_R20_S0810.DAT.bz2"", ""AHI-L1b-FLDK/2021/07/04/1200/HS_H08_20210704_1200_B13_FLDK_R20_S0910.DAT.bz2"", ""AHI-L1b-FLDK/2021/07/04/1200/HS_H08_20210704_1200_B13_FLDK_R20_S1010.DAT.bz2""]","[""/workspace/scratch/aa764eb01872/data/raw/himawari/2021/07/04/1200/HS_H08_20210704_1200_B13_FLDK_R20_S0110.DAT.bz2"", ""/workspace/scratch/aa764eb01872/data/raw/himawari/2021/07/04/1200/HS_H08_20210704_1200_B13_FLDK_R20_S0210.DAT.bz2"", ""/workspace/scratch/aa764eb01872/data/raw/himawari/2021/07/04/1200/HS_H08_20210704_1200_B13_FLDK_R20_S0310.DAT.bz2"", ""/workspace/scratch/aa764eb01872/data/raw/himawari/2021/07/04/1200/HS_H08_20210704_1200_B13_FLDK_R20_S0410.DAT.bz2"", ""/workspace/scratch/aa764eb01872/data/raw/himawari/2021/07/04/1200/HS_H08_20210704_1200_B13_FLDK_R20_S0510.DAT.bz2"", ""/workspace/scratch/aa764eb01872/data/raw/himawari/2021/07/04/1200/HS_H08_20210704_1200_B13_FLDK_R20_S0610.DAT.bz2"", ""/workspace/scratch/aa764eb01872/data/raw/himawari/2021/07/04/1200/HS_H08_20210704_1200_B13_FLDK_R20_S0710.DAT.bz2"", ""/workspace/scratch/aa764eb01872/data/raw/himawari/2021/07/04/1200/HS_H08_20210704_1200_B13_FLDK_R20_S0810.DAT.bz2"", ""/workspace/scratch/aa764eb01872/data/raw/himawari/2021/07/04/1200/HS_H08_20210704_1200_B13_FLDK_R20_S0910.DAT.bz2"", ""/workspace/scratch/aa764eb01872/data/raw/himawari/2021/07/04/1200/HS_H08_20210704_1200_B13_FLDK_R20_S1010.DAT.bz2""]",1,1.0,251.93910217285156,183.8435516357422,0.3711157567732446,0.14341983199119568,0.17161118984222412,0.2884488289069739,0.8922094529611274,53,2.3288718593185633,177.02807483027362,351.04913330078125
2021185N13121,UNNAMED,0,2021-07-06T18:00:00+00:00,72h_after_first_track,2021-07-04T15:00:00+00:00,-51,14.9,116.8,10,AHI-L1b-FLDK/2021/07/04/1500/HS_H08_20210704_1500_B13_FLDK_R20_S0110.DAT.bz2,/workspace/scratch/aa764eb01872/data/raw/himawari/2021/07/04/1500/HS_H08_20210704_1500_B13_FLDK_R20_S0110.DAT.bz2,"[""AHI-L1b-FLDK/2021/07/04/1500/HS_H08_20210704_1500_B13_FLDK_R20_S0110.DAT.bz2"", ""AHI-L1b-FLDK/2021/07/04/1500/HS_H08_20210704_1500_B13_FLDK_R20_S0210.DAT.bz2"", ""AHI-L1b-FLDK/2021/07/04/1500/HS_H08_20210704_1500_B13_FLDK_R20_S0310.DAT.bz2"", ""AHI-L1b-FLDK/2021/07/04/1500/HS_H08_20210704_1500_B13_FLDK_R20_S0410.DAT.bz2"", ""AHI-L1b-FLDK/2021/07/04/1500/HS_H08_20210704_1500_B13_FLDK_R20_S0510.DAT.bz2"", ""AHI-L1b-FLDK/2021/07/04/1500/HS_H08_20210704_1500_B13_FLDK_R20_S0610.DAT.bz2"", ""AHI-L1b-FLDK/2021/07/04/1500/HS_H08_20210704_1500_B13_FLDK_R20_S0710.DAT.bz2"", ""AHI-L1b-FLDK/2021/07/04/1500/HS_H08_20210704_1500_B13_FLDK_R20_S0810.DAT.bz2"", ""AHI-L1b-FLDK/2021/07/04/1500/HS_H08_20210704_1500_B13_FLDK_R20_S0910.DAT.bz2"", ""AHI-L1b-FLDK/2021/07/04/1500/HS_H08_20210704_1500_B13_FLDK_R20_S1010.DAT.bz2""]","[""/workspace/scratch/aa764eb01872/data/raw/himawari/2021/07/04/1500/HS_H08_20210704_1500_B13_FLDK_R20_S0110.DAT.bz2"", ""/workspace/scratch/aa764eb01872/data/raw/himawari/2021/07/04/1500/HS_H08_20210704_1500_B13_FLDK_R20_S0210.DAT.bz2"", ""/workspace/scratch/aa764eb01872/data/raw/himawari/2021/07/04/1500/HS_H08_20210704_1500_B13_FLDK_R20_S0310.DAT.bz2"", ""/workspace/scratch/aa764eb01872/data/raw/himawari/2021/07/04/1500/HS_H08_20210704_1500_B13_FLDK_R20_S0410.DAT.bz2"", ""/workspace/scratch/aa764eb01872/data/raw/himawari/2021/07/04/1500/HS_H08_20210704_1500_B13_FLDK_R20_S0510.DAT.bz2"", ""/workspace/scratch/aa764eb01872/data/raw/himawari/2021/07/04/1500/HS_H08_20210704_1500_B13_FLDK_R20_S0610.DAT.bz2"", ""/workspace/scratch/aa764eb01872/data/raw/himawari/2021/07/04/1500/HS_H08_20210704_1500_B13_FLDK_R20_S0710.DAT.bz2"", ""/workspace/scratch/aa764eb01872/data/raw/himawari/2021/07/04/1500/HS_H08_20210704_1500_B13_FLDK_R20_S0810.DAT.bz2"", ""/workspace/scratch/aa764eb01872/data/raw/himawari/2021/07/04/1500/HS_H08_20210704_1500_B13_FLDK_R20_S0910.DAT.bz2"", ""/workspace/scratch/aa764eb01872/data/raw/himawari/2021/07/04/1500/HS_H08_20210704_1500_B13_FLDK_R20_S1010.DAT.bz2""]",1,1.0,251.89080810546875,184.01644897460938,0.3848345157724975,0.19522416591644287,0.20872989296913147,0.27037461001377516,0.9687193796837191,32,1.4183265519595067,192.39877986201327,328.5585632324219
2021185N13121,UNNAMED,0,2021-07-06T18:00:00+00:00,72h_after_first_track,2021-07-04T18:00:00+00:00,-48,14.9,116.3,10,AHI-L1b-FLDK/2021/07/04/1800/HS_H08_20210704_1800_B13_FLDK_R20_S0110.DAT.bz2,/workspace/scratch/aa764eb01872/data/raw/himawari/2021/07/04/1800/HS_H08_20210704_1800_B13_FLDK_R20_S0110.DAT.bz2,"[""AHI-L1b-FLDK/2021/07/04/1800/HS_H08_20210704_1800_B13_FLDK_R20_S0110.DAT.bz2"", ""AHI-L1b-FLDK/2021/07/04/1800/HS_H08_20210704_1800_B13_FLDK_R20_S0210.DAT.bz2"", ""AHI-L1b-FLDK/2021/07/04/1800/HS_H08_20210704_1800_B13_FLDK_R20_S0310.DAT.bz2"", ""AHI-L1b-FLDK/2021/07/04/1800/HS_H08_20210704_1800_B13_FLDK_R20_S0410.DAT.bz2"", ""AHI-L1b-FLDK/2021/07/04/1800/HS_H08_20210704_1800_B13_FLDK_R20_S0510.DAT.bz2"", ""AHI-L1b-FLDK/2021/07/04/1800/HS_H08_20210704_1800_B13_FLDK_R20_S0610.DAT.bz2"", ""AHI-L1b-FLDK/2021/07/04/1800/HS_H08_20210704_1800_B13_FLDK_R20_S0710.DAT.bz2"", ""AHI-L1b-FLDK/2021/07/04/1800/HS_H08_20210704_1800_B13_FLDK_R20_S0810.DAT.bz2"", ""AHI-L1b-FLDK/2021/07/04/1800/HS_H08_20210704_1800_B13_FLDK_R20_S0910.DAT.bz2"", ""AHI-L1b-FLDK/2021/07/04/1800/HS_H08_20210704_1800_B13_FLDK_R20_S1010.DAT.bz2""]","[""/workspace/scratch/aa764eb01872/data/raw/himawari/2021/07/04/1800/HS_H08_20210704_1800_B13_FLDK_R20_S0110.DAT.bz2"", ""/workspace/scratch/aa764eb01872/data/raw/himawari/2021/07/04/1800/HS_H08_20210704_1800_B13_FLDK_R20_S0210.DAT.bz2"", ""/workspace/scratch/aa764eb01872/data/raw/himawari/2021/07/04/1800/HS_H08_20210704_1800_B13_FLDK_R20_S0310.DAT.bz2"", ""/workspace/scratch/aa764eb01872/data/raw/himawari/2021/07/04/1800/HS_H08_20210704_1800_B13_FLDK_R20_S0410.DAT.bz2"", ""/workspace/scratch/aa764eb01872/data/raw/himawari/2021/07/04/1800/HS_H08_20210704_1800_B13_FLDK_R20_S0510.DAT.bz2"", ""/workspace/scratch/aa764eb01872/data/raw/himawari/2021/07/04/1800/HS_H08_20210704_1800_B13_FLDK_R20_S0610.DAT.bz2"", ""/workspace/scratch/aa764eb01872/data/raw/himawari/2021/07/04/1800/HS_H08_20210704_1800_B13_FLDK_R20_S0710.DAT.bz2"", ""/workspace/scratch/aa764eb01872/data/raw/himawari/2021/07/04/1800/HS_H08_20210704_1800_B13_FLDK_R20_S0810.DAT.bz2"", ""/workspace/scratch/aa764eb01872/data/raw/himawari/2021/07/04/1800/HS_H08_20210704_1800_B13_FLDK_R20_S0910.DAT.bz2"", ""/workspace/scratch/aa764eb01872/data/raw/himawari/2021/07/04/1800/HS_H08_20210704_1800_B13_FLDK_R20_S1010.DAT.bz2""]",1,1.0,250.22177124023438,185.69808959960938,0.4005359013851912,0.21809709072113037,0.21546123921871185,0.2587637145104633,0.9713248338519654,28,1.2495258495660129,194.08535994167858,332.51739501953125
2021185N13121,UNNAMED,0,2021-07-06T18:00:00+00:00,72h_after_first_track,2021-07-04T21:00:00+00:00,-45,14.9,115.8,10,AHI-L1b-FLDK/2021/07/04/2100/HS_H08_20210704_2100_B13_FLDK_R20_S0110.DAT.bz2,/workspace/scratch/aa764eb01872/data/raw/himawari/2021/07/04/2100/HS_H08_20210704_2100_B13_FLDK_R20_S0110.DAT.bz2,"[""AHI-L1b-FLDK/2021/07/04/2100/HS_H08_20210704_2100_B13_FLDK_R20_S0110.DAT.bz2"", ""AHI-L1b-FLDK/2021/07/04/2100/HS_H08_20210704_2100_B13_FLDK_R20_S0210.DAT.bz2"", ""AHI-L1b-FLDK/2021/07/04/2100/HS_H08_20210704_2100_B13_FLDK_R20_S0310.DAT.bz2"", ""AHI-L1b-FLDK/2021/07/04/2100/HS_H08_20210704_2100_B13_FLDK_R20_S0410.DAT.bz2"", ""AHI-L1b-FLDK/2021/07/04/2100/HS_H08_20210704_2100_B13_FLDK_R20_S0510.DAT.bz2"", ""AHI-L1b-FLDK/2021/07/04/2100/HS_H08_20210704_2100_B13_FLDK_R20_S0610.DAT.bz2"", ""AHI-L1b-FLDK/2021/07/04/2100/HS_H08_20210704_2100_B13_FLDK_R20_S0710.DAT.bz2"", ""AHI-L1b-FLDK/2021/07/04/2100/HS_H08_20210704_2100_B13_FLDK_R20_S0810.DAT.bz2"", ""AHI-L1b-FLDK/2021/07/04/2100/HS_H08_20210704_2100_B13_FLDK_R20_S0910.DAT.bz2"", ""AHI-L1b-FLDK/2021/07/04/2100/HS_H08_20210704_2100_B13_FLDK_R20_S1010.DAT.bz2""]","[""/workspace/scratch/aa764eb01872/data/raw/himawari/2021/07/04/2100/HS_H08_20210704_2100_B13_FLDK_R20_S0110.DAT.bz2"", ""/workspace/scratch/aa764eb01872/data/raw/himawari/2021/07/04/2100/HS_H08_20210704_2100_B13_FLDK_R20_S0210.DAT.bz2"", ""/workspace/scratch/aa764eb01872/data/raw/himawari/2021/07/04/2100/HS_H08_20210704_2100_B13_FLDK_R20_S0310.DAT.bz2"", ""/workspace/scratch/aa764eb01872/data/raw/himawari/2021/07/04/2100/HS_H08_20210704_2100_B13_FLDK_R20_S0410.DAT.bz2"", ""/workspace/scratch/aa764eb01872/data/raw/himawari/2021/07/04/2100/HS_H08_20210704_2100_B13_FLDK_R20_S0510.DAT.bz2"", ""/workspace/scratch/aa764eb01872/data/raw/himawari/2021/07/04/2100/HS_H08_20210704_2100_B13_FLDK_R20_S0610.DAT.bz2"", ""/workspace/scratch/aa764eb01872/data/raw/himawari/2021/07/04/2100/HS_H08_20210704_2100_B13_FLDK_R20_S0710.DAT.bz2"", ""/workspace/scratch/aa764eb01872/data/raw/himawari/2021/07/04/2100/HS_H08_20210704_2100_B13_FLDK_R20_S0810.DAT.bz2"", ""/workspace/scratch/aa764eb01872/data/raw/himawari/2021/07/04/2100/HS_H08_20210704_2100_B13_FLDK_R20_S0910.DAT.bz2"", ""/workspace/scratch/aa764eb01872/data/raw/himawari/2021/07/04/2100/HS_H08_20210704_2100_B13_FLDK_R20_S1010.DAT.bz2""]",1,1.0,248.0743865966797,183.14285278320312,0.4399226429421682,0.1920296847820282,0.20438899099826813,0.1896342584138987,0.953579602513903,38,1.707466120277508,216.41099043456748,347.3498840332031
2021185N13121,UNNAMED,0,2021-07-06T18:00:00+00:00,72h_after_first_track,2021-07-05T00:00:00+00:00,-42,15.0,115.3,10,AHI-L1b-FLDK/2021/07/05/0000/HS_H08_20210705_0000_B13_FLDK_R20_S0110.DAT.bz2,/workspace/scratch/aa764eb01872/data/raw/himawari/2021/07/05/0000/HS_H08_20210705_0000_B13_FLDK_R20_S0110.DAT.bz2,"[""AHI-L1b-FLDK/2021/07/05/0000/HS_H08_20210705_0000_B13_FLDK_R20_S0110.DAT.bz2"", ""AHI-L1b-FLDK/2021/07/05/0000/HS_H08_20210705_0000_B13_FLDK_R20_S0210.DAT.bz2"", ""AHI-L1b-FLDK/2021/07/05/0000/HS_H08_20210705_0000_B13_FLDK_R20_S0310.DAT.bz2"", ""AHI-L1b-FLDK/2021/07/05/0000/HS_H08_20210705_0000_B13_FLDK_R20_S0410.DAT.bz2"", ""AHI-L1b-FLDK/2021/07/05/0000/HS_H08_20210705_0000_B13_FLDK_R20_S0510.DAT.bz2"", ""AHI-L1b-FLDK/2021/07/05/0000/HS_H08_20210705_0000_B13_FLDK_R20_S0610.DAT.bz2"", ""AHI-L1b-FLDK/2021/07/05/0000/HS_H08_20210705_0000_B13_FLDK_R20_S0710.DAT.bz2"", ""AHI-L1b-FLDK/2021/07/05/0000/HS_H08_20210705_0000_B13_FLDK_R20_S0810.DAT.bz2"", ""AHI-L1b-FLDK/2021/07/05/0000/HS_H08_20210705_0000_B13_FLDK_R20_S0910.DAT.bz2"", ""AHI-L1b-FLDK/2021/07/05/0000/HS_H08_20210705_0000_B13_FLDK_R20_S1010.DAT.bz2""]","[""/workspace/scratch/aa764eb01872/data/raw/himawari/2021/07/05/0000/HS_H08_20210705_0000_B13_FLDK_R20_S0110.DAT.bz2"", ""/workspace/scratch/aa764eb01872/data/raw/himawari/2021/07/05/0000/HS_H08_20210705_0000_B13_FLDK_R20_S0210.DAT.bz2"", ""/workspace/scratch/aa764eb01872/data/raw/himawari/2021/07/05/0000/HS_H08_20210705_0000_B13_FLDK_R20_S0310.DAT.bz2"", ""/workspace/scratch/aa764eb01872/data/raw/himawari/2021/07/05/0000/HS_H08_20210705_0000_B13_FLDK_R20_S0410.DAT.bz2"", ""/workspace/scratch/aa764eb01872/data/raw/himawari/2021/07/05/0000/HS_H08_20210705_0000_B13_FLDK_R20_S0510.DAT.bz2"", ""/workspace/scratch/aa764eb01872/data/raw/himawari/2021/07/05/0000/HS_H08_20210705_0000_B13_FLDK_R20_S0610.DAT.bz2"", ""/workspace/scratch/aa764eb01872/data/raw/himawari/2021/07/05/0000/HS_H08_20210705_0000_B13_FLDK_R20_S0710.DAT.bz2"", ""/workspace/scratch/aa764eb01872/data/raw/himawari/2021/07/05/0000/HS_H08_20210705_0000_B13_FLDK_R20_S0810.DAT.bz2"", ""/workspace/scratch/aa764eb01872/data/raw/himawari/2021/07/05/0000/HS_H08_20210705_0000_B13_FLDK_R20_S0910.DAT.bz2"", ""/workspace/scratch/aa764eb01872/data/raw/himawari/2021/07/05/0000/HS_H08_20210705_0000_B13_FLDK_R20_S1010.DAT.bz2""]",1,1.0,249.9449005126953,182.60739135742188,0.4036669399548554,0.1417614370584488,0.2053889036178589,0.22137264046606075,0.9375620041695968,51,2.309866299503605,205.77376323832988,354.1131591796875
2021185N13121,UNNAMED,0,2021-07-06T18:00:00+00:00,72h_after_first_track,2021-07-05T03:00:00+00:00,-39,15.1,114.6,10,AHI-L1b-FLDK/2021/07/05/0300/HS_H08_20210705_0300_B13_FLDK_R20_S0110.DAT.bz2,/workspace/scratch/aa764eb01872/data/raw/himawari/2021/07/05/0300/HS_H08_20210705_0300_B13_FLDK_R20_S0110.DAT.bz2,"[""AHI-L1b-FLDK/2021/07/05/0300/HS_H08_20210705_0300_B13_FLDK_R20_S0110.DAT.bz2"", ""AHI-L1b-FLDK/2021/07/05/0300/HS_H08_20210705_0300_B13_FLDK_R20_S0210.DAT.bz2"", ""AHI-L1b-FLDK/2021/07/05/0300/HS_H08_20210705_0300_B13_FLDK_R20_S0310.DAT.bz2"", ""AHI-L1b-FLDK/2021/07/05/0300/HS_H08_20210705_0300_B13_FLDK_R20_S0410.DAT.bz2"", ""AHI-L1b-FLDK/2021/07/05/0300/HS_H08_20210705_0300_B13_FLDK_R20_S0510.DAT.bz2"", ""AHI-L1b-FLDK/2021/07/05/0300/HS_H08_20210705_0300_B13_FLDK_R20_S0610.DAT.bz2"", ""AHI-L1b-FLDK/2021/07/05/0300/HS_H08_20210705_0300_B13_FLDK_R20_S0710.DAT.bz2"", ""AHI-L1b-FLDK/2021/07/05/0300/HS_H08_20210705_0300_B13_FLDK_R20_S0810.DAT.bz2"", ""AHI-L1b-FLDK/2021/07/05/0300/HS_H08_20210705_0300_B13_FLDK_R20_S0910.DAT.bz2"", ""AHI-L1b-FLDK/2021/07/05/0300/HS_H08_20210705_0300_B13_FLDK_R20_S1010.DAT.bz2""]","[""/workspace/scratch/aa764eb01872/data/raw/himawari/2021/07/05/0300/HS_H08_20210705_0300_B13_FLDK_R20_S0110.DAT.bz2"", ""/workspace/scratch/aa764eb01872/data/raw/himawari/2021/07/05/0300/HS_H08_20210705_0300_B13_FLDK_R20_S0210.DAT.bz2"", ""/workspace/scratch/aa764eb01872/data/raw/himawari/2021/07/05/0300/HS_H08_20210705_0300_B13_FLDK_R20_S0310.DAT.bz2"", ""/workspace/scratch/aa764eb01872/data/raw/himawari/2021/07/05/0300/HS_H08_20210705_0300_B13_FLDK_R20_S0410.DAT.bz2"", ""/workspace/scratch/aa764eb01872/data/raw/himawari/2021/07/05/0300/HS_H08_20210705_0300_B13_FLDK_R20_S0510.DAT.bz2"", ""/workspace/scratch/aa764eb01872/data/raw/himawari/2021/07/05/0300/HS_H08_20210705_0300_B13_FLDK_R20_S0610.DAT.bz2"", ""/workspace/scratch/aa764eb01872/data/raw/himawari/2021/07/05/0300/HS_H08_20210705_0300_B13_FLDK_R20_S0710.DAT.bz2"", ""/workspace/scratch/aa764eb01872/data/raw/himawari/2021/07/05/0300/HS_H08_20210705_0300_B13_FLDK_R20_S0810.DAT.bz2"", ""/workspace/scratch/aa764eb01872/data/raw/himawari/2021/07/05/0300/HS_H08_20210705_0300_B13_FLDK_R20_S0910.DAT.bz2"", ""/workspace/scratch/aa764eb01872/data/raw/himawari/2021/07/05/0300/HS_H08_20210705_0300_B13_FLDK_R20_S1010.DAT.bz2""]",1,1.0,247.53578186035156,185.86170959472656,0.4121872358451568,0.13867485523223877,0.14656023681163788,0.3767575679899112,0.790618965115226,53,2.42687327142517,181.972496155739,378.7955627441406
2021185N13121,UNNAMED,0,2021-07-06T18:00:00+00:00,72h_after_first_track,2021-07-05T06:00:00+00:00,-36,15.2,113.9,10,AHI-L1b-FLDK/2021/07/05/0600/HS_H08_20210705_0600_B13_FLDK_R20_S0110.DAT.bz2,/workspace/scratch/aa764eb01872/data/raw/himawari/2021/07/05/0600/HS_H08_20210705_0600_B13_FLDK_R20_S0110.DAT.bz2,"[""AHI-L1b-FLDK/2021/07/05/0600/HS_H08_20210705_0600_B13_FLDK_R20_S0110.DAT.bz2"", ""AHI-L1b-FLDK/2021/07/05/0600/HS_H08_20210705_0600_B13_FLDK_R20_S0210.DAT.bz2"", ""AHI-L1b-FLDK/2021/07/05/0600/HS_H08_20210705_0600_B13_FLDK_R20_S0310.DAT.bz2"", ""AHI-L1b-FLDK/2021/07/05/0600/HS_H08_20210705_0600_B13_FLDK_R20_S0410.DAT.bz2"", ""AHI-L1b-FLDK/2021/07/05/0600/HS_H08_20210705_0600_B13_FLDK_R20_S0510.DAT.bz2"", ""AHI-L1b-FLDK/2021/07/05/0600/HS_H08_20210705_0600_B13_FLDK_R20_S0610.DAT.bz2"", ""AHI-L1b-FLDK/2021/07/05/0600/HS_H08_20210705_0600_B13_FLDK_R20_S0710.DAT.bz2"", ""AHI-L1b-FLDK/2021/07/05/0600/HS_H08_20210705_0600_B13_FLDK_R20_S0810.DAT.bz2"", ""AHI-L1b-FLDK/2021/07/05/0600/HS_H08_20210705_0600_B13_FLDK_R20_S0910.DAT.bz2"", ""AHI-L1b-FLDK/2021/07/05/0600/HS_H08_20210705_0600_B13_FLDK_R20_S1010.DAT.bz2""]","[""/workspace/scratch/aa764eb01872/data/raw/himawari/2021/07/05/0600/HS_H08_20210705_0600_B13_FLDK_R20_S0110.DAT.bz2"", ""/workspace/scratch/aa764eb01872/data/raw/himawari/2021/07/05/0600/HS_H08_20210705_0600_B13_FLDK_R20_S0210.DAT.bz2"", ""/workspace/scratch/aa764eb01872/data/raw/himawari/2021/07/05/0600/HS_H08_20210705_0600_B13_FLDK_R20_S0310.DAT.bz2"", ""/workspace/scratch/aa764eb01872/data/raw/himawari/2021/07/05/0600/HS_H08_20210705_0600_B13_FLDK_R20_S0410.DAT.bz2"", ""/workspace/scratch/aa764eb01872/data/raw/himawari/2021/07/05/0600/HS_H08_20210705_0600_B13_FLDK_R20_S0510.DAT.bz2"", ""/workspace/scratch/aa764eb01872/data/raw/himawari/2021/07/05/0600/HS_H08_20210705_0600_B13_FLDK_R20_S0610.DAT.bz2"", ""/workspace/scratch/aa764eb01872/data/raw/himawari/2021/07/05/0600/HS_H08_20210705_0600_B13_FLDK_R20_S0710.DAT.bz2"", ""/workspace/scratch/aa764eb01872/data/raw/himawari/2021/07/05/0600/HS_H08_20210705_0600_B13_FLDK_R20_S0810.DAT.bz2"", ""/workspace/scratch/aa764eb01872/data/raw/himawari/2021/07/05/0600/HS_H08_20210705_0600_B13_FLDK_R20_S0910.DAT.bz2"", ""/workspace/scratch/aa764eb01872/data/raw/himawari/2021/07/05/0600/HS_H08_20210705_0600_B13_FLDK_R20_S1010.DAT.bz2""]",1,1.0,245.4485626220703,186.66848754882812,0.4683973746894052,0.11130634695291519,0.17986859381198883,0.4481491992847769,0.8435944131303919,51,2.3613734859428828,161.11514249905306,359.35675048828125
2021185N13121,UNNAMED,0,2021-07-06T18:00:00+00:00,72h_after_first_track,2021-07-05T09:00:00+00:00,-33,15.3,113.3,10,AHI-L1b-FLDK/2021/07/05/0900/HS_H08_20210705_0900_B13_FLDK_R20_S0110.DAT.bz2,/workspace/scratch/aa764eb01872/data/raw/himawari/2021/07/05/0900/HS_H08_20210705_0900_B13_FLDK_R20_S0110.DAT.bz2,"[""AHI-L1b-FLDK/2021/07/05/0900/HS_H08_20210705_0900_B13_FLDK_R20_S0110.DAT.bz2"", ""AHI-L1b-FLDK/2021/07/05/0900/HS_H08_20210705_0900_B13_FLDK_R20_S0210.DAT.bz2"", ""AHI-L1b-FLDK/2021/07/05/0900/HS_H08_20210705_0900_B13_FLDK_R20_S0310.DAT.bz2"", ""AHI-L1b-FLDK/2021/07/05/0900/HS_H08_20210705_0900_B13_FLDK_R20_S0410.DAT.bz2"", ""AHI-L1b-FLDK/2021/07/05/0900/HS_H08_20210705_0900_B13_FLDK_R20_S0510.DAT.bz2"", ""AHI-L1b-FLDK/2021/07/05/0900/HS_H08_20210705_0900_B13_FLDK_R20_S0610.DAT.bz2"", ""AHI-L1b-FLDK/2021/07/05/0900/HS_H08_20210705_0900_B13_FLDK_R20_S0710.DAT.bz2"", ""AHI-L1b-FLDK/2021/07/05/0900/HS_H08_20210705_0900_B13_FLDK_R20_S0810.DAT.bz2"", ""AHI-L1b-FLDK/2021/07/05/0900/HS_H08_20210705_0900_B13_FLDK_R20_S0910.DAT.bz2"", ""AHI-L1b-FLDK/2021/07/05/0900/HS_H08_20210705_0900_B13_FLDK_R20_S1010.DAT.bz2""]","[""/workspace/scratch/aa764eb01872/data/raw/himawari/2021/07/05/0900/HS_H08_20210705_0900_B13_FLDK_R20_S0110.DAT.bz2"", ""/workspace/scratch/aa764eb01872/data/raw/himawari/2021/07/05/0900/HS_H08_20210705_0900_B13_FLDK_R20_S0210.DAT.bz2"", ""/workspace/scratch/aa764eb01872/data/raw/himawari/2021/07/05/0900/HS_H08_20210705_0900_B13_FLDK_R20_S0310.DAT.bz2"", ""/workspace/scratch/aa764eb01872/data/raw/himawari/2021/07/05/0900/HS_H08_20210705_0900_B13_FLDK_R20_S0410.DAT.bz2"", ""/workspace/scratch/aa764eb01872/data/raw/himawari/2021/07/05/0900/HS_H08_20210705_0900_B13_FLDK_R20_S0510.DAT.bz2"", ""/workspace/scratch/aa764eb01872/data/raw/himawari/2021/07/05/0900/HS_H08_20210705_0900_B13_FLDK_R20_S0610.DAT.bz2"", ""/workspace/scratch/aa764eb01872/data/raw/himawari/2021/07/05/0900/HS_H08_20210705_0900_B13_FLDK_R20_S0710.DAT.bz2"", ""/workspace/scratch/aa764eb01872/data/raw/himawari/2021/07/05/0900/HS_H08_20210705_0900_B13_FLDK_R20_S0810.DAT.bz2"", ""/workspace/scratch/aa764eb01872/data/raw/himawari/2021/07/05/0900/HS_H08_20210705_0900_B13_FLDK_R20_S0910.DAT.bz2"", ""/workspace/scratch/aa764eb01872/data/raw/himawari/2021/07/05/0900/HS_H08_20210705_0900_B13_FLDK_R20_S1010.DAT.bz2""]",1,1.0,246.9715118408203,192.26087951660156,0.41910104930957376,0.07732435315847397,0.2383510321378708,0.4426966912103787,0.8860551433892921,67,3.1335646870644576,121.39178425687977,351.8328857421875
2021185N13121,UNNAMED,0,2021-07-06T18:00:00+00:00,72h_after_first_track,2021-07-05T12:00:00+00:00,-30,15.3,112.9,10,AHI-L1b-FLDK/2021/07/05/1200/HS_H08_20210705_1200_B13_FLDK_R20_S0110.DAT.bz2,/workspace/scratch/aa764eb01872/data/raw/himawari/2021/07/05/1200/HS_H08_20210705_1200_B13_FLDK_R20_S0110.DAT.bz2,"[""AHI-L1b-FLDK/2021/07/05/1200/HS_H08_20210705_1200_B13_FLDK_R20_S0110.DAT.bz2"", ""AHI-L1b-FLDK/2021/07/05/1200/HS_H08_20210705_1200_B13_FLDK_R20_S0210.DAT.bz2"", ""AHI-L1b-FLDK/2021/07/05/1200/HS_H08_20210705_1200_B13_FLDK_R20_S0310.DAT.bz2"", ""AHI-L1b-FLDK/2021/07/05/1200/HS_H08_20210705_1200_B13_FLDK_R20_S0410.DAT.bz2"", ""AHI-L1b-FLDK/2021/07/05/1200/HS_H08_20210705_1200_B13_FLDK_R20_S0510.DAT.bz2"", ""AHI-L1b-FLDK/2021/07/05/1200/HS_H08_20210705_1200_B13_FLDK_R20_S0610.DAT.bz2"", ""AHI-L1b-FLDK/2021/07/05/1200/HS_H08_20210705_1200_B13_FLDK_R20_S0710.DAT.bz2"", ""AHI-L1b-FLDK/2021/07/05/1200/HS_H08_20210705_1200_B13_FLDK_R20_S0810.DAT.bz2"", ""AHI-L1b-FLDK/2021/07/05/1200/HS_H08_20210705_1200_B13_FLDK_R20_S0910.DAT.bz2"", ""AHI-L1b-FLDK/2021/07/05/1200/HS_H08_20210705_1200_B13_FLDK_R20_S1010.DAT.bz2""]","[""/workspace/scratch/aa764eb01872/data/raw/himawari/2021/07/05/1200/HS_H08_20210705_1200_B13_FLDK_R20_S0110.DAT.bz2"", ""/workspace/scratch/aa764eb01872/data/raw/himawari/2021/07/05/1200/HS_H08_20210705_1200_B13_FLDK_R20_S0210.DAT.bz2"", ""/workspace/scratch/aa764eb01872/data/raw/himawari/2021/07/05/1200/HS_H08_20210705_1200_B13_FLDK_R20_S0310.DAT.bz2"", ""/workspace/scratch/aa764eb01872/data/raw/himawari/2021/07/05/1200/HS_H08_20210705_1200_B13_FLDK_R20_S0410.DAT.bz2"", ""/workspace/scratch/aa764eb01872/data/raw/himawari/2021/07/05/1200/HS_H08_20210705_1200_B13_FLDK_R20_S0510.DAT.bz2"", ""/workspace/scratch/aa764eb01872/data/raw/himawari/2021/07/05/1200/HS_H08_20210705_1200_B13_FLDK_R20_S0610.DAT.bz2"", ""/workspace/scratch/aa764eb01872/data/raw/himawari/2021/07/05/1200/HS_H08_20210705_1200_B13_FLDK_R20_S0710.DAT.bz2"", ""/workspace/scratch/aa764eb01872/data/raw/himawari/2021/07/05/1200/HS_H08_20210705_1200_B13_FLDK_R20_S0810.DAT.bz2"", ""/workspace/scratch/aa764eb01872/data/raw/himawari/2021/07/05/1200/HS_H08_20210705_1200_B13_FLDK_R20_S0910.DAT.bz2"", ""/workspace/scratch/aa764eb01872/data/raw/himawari/2021/07/05/1200/HS_H08_20210705_1200_B13_FLDK_R20_S1010.DAT.bz2""]",1,1.0,256.2549743652344,186.98593139648438,0.25053608665895016,0.06368431448936462,0.3334609568119049,0.3328457810907275,0.6108653840634196,76,3.57704291510171,154.28357191460285,306.48870849609375
2021185N13121,UNNAMED,0,2021-07-06T18:00:00+00:00,72h_after_first_track,2021-07-05T15:00:00+00:00,-27,15.3,112.7,10,AHI-L1b-FLDK/2021/07/05/1500/HS_H08_20210705_1500_B13_FLDK_R20_S0110.DAT.bz2,/workspace/scratch/aa764eb01872/data/raw/himawari/2021/07/05/1500/HS_H08_20210705_1500_B13_FLDK_R20_S0110.DAT.bz2,"[""AHI-L1b-FLDK/2021/07/05/1500/HS_H08_20210705_1500_B13_FLDK_R20_S0110.DAT.bz2"", ""AHI-L1b-FLDK/2021/07/05/1500/HS_H08_20210705_1500_B13_FLDK_R20_S0210.DAT.bz2"", ""AHI-L1b-FLDK/2021/07/05/1500/HS_H08_20210705_1500_B13_FLDK_R20_S0310.DAT.bz2"", ""AHI-L1b-FLDK/2021/07/05/1500/HS_H08_20210705_1500_B13_FLDK_R20_S0410.DAT.bz2"", ""AHI-L1b-FLDK/2021/07/05/1500/HS_H08_20210705_1500_B13_FLDK_R20_S0510.DAT.bz2"", ""AHI-L1b-FLDK/2021/07/05/1500/HS_H08_20210705_1500_B13_FLDK_R20_S0610.DAT.bz2"", ""AHI-L1b-FLDK/2021/07/05/1500/HS_H08_20210705_1500_B13_FLDK_R20_S0710.DAT.bz2"", ""AHI-L1b-FLDK/2021/07/05/1500/HS_H08_20210705_1500_B13_FLDK_R20_S0810.DAT.bz2"", ""AHI-L1b-FLDK/2021/07/05/1500/HS_H08_20210705_1500_B13_FLDK_R20_S0910.DAT.bz2"", ""AHI-L1b-FLDK/2021/07/05/1500/HS_H08_20210705_1500_B13_FLDK_R20_S1010.DAT.bz2""]","[""/workspace/scratch/aa764eb01872/data/raw/himawari/2021/07/05/1500/HS_H08_20210705_1500_B13_FLDK_R20_S0110.DAT.bz2"", ""/workspace/scratch/aa764eb01872/data/raw/himawari/2021/07/05/1500/HS_H08_20210705_1500_B13_FLDK_R20_S0210.DAT.bz2"", ""/workspace/scratch/aa764eb01872/data/raw/himawari/2021/07/05/1500/HS_H08_20210705_1500_B13_FLDK_R20_S0310.DAT.bz2"", ""/workspace/scratch/aa764eb01872/data/raw/himawari/2021/07/05/1500/HS_H08_20210705_1500_B13_FLDK_R20_S0410.DAT.bz2"", ""/workspace/scratch/aa764eb01872/data/raw/himawari/2021/07/05/1500/HS_H08_20210705_1500_B13_FLDK_R20_S0510.DAT.bz2"", ""/workspace/scratch/aa764eb01872/data/raw/himawari/2021/07/05/1500/HS_H08_20210705_1500_B13_FLDK_R20_S0610.DAT.bz2"", ""/workspace/scratch/aa764eb01872/data/raw/himawari/2021/07/05/1500/HS_H08_20210705_1500_B13_FLDK_R20_S0710.DAT.bz2"", ""/workspace/scratch/aa764eb01872/data/raw/himawari/2021/07/05/1500/HS_H08_20210705_1500_B13_FLDK_R20_S0810.DAT.bz2"", ""/workspace/scratch/aa764eb01872/data/raw/himawari/2021/07/05/1500/HS_H08_20210705_1500_B13_FLDK_R20_S0910.DAT.bz2"", ""/workspace/scratch/aa764eb01872/data/raw/himawari/2021/07/05/1500/HS_H08_20210705_1500_B13_FLDK_R20_S1010.DAT.bz2""]",1,1.0,259.3121032714844,185.20233154296875,0.21330596674291008,0.08263599127531052,0.2286849468946457,0.10042740709009934,0.37119216667867383,49,2.3136999367273896,203.93721657716335,358.2398986816406
2021185N13121,UNNAMED,0,2021-07-06T18:00:00+00:00,72h_after_first_track,2021-07-05T18:00:00+00:00,-24,15.3,112.5,10,AHI-L1b-FLDK/2021/07/05/1800/HS_H08_20210705_1800_B13_FLDK_R20_S0110.DAT.bz2,/workspace/scratch/aa764eb01872/data/raw/himawari/2021/07/05/1800/HS_H08_20210705_1800_B13_FLDK_R20_S0110.DAT.bz2,"[""AHI-L1b-FLDK/2021/07/05/1800/HS_H08_20210705_1800_B13_FLDK_R20_S0110.DAT.bz2"", ""AHI-L1b-FLDK/2021/07/05/1800/HS_H08_20210705_1800_B13_FLDK_R20_S0210.DAT.bz2"", ""AHI-L1b-FLDK/2021/07/05/1800/HS_H08_20210705_1800_B13_FLDK_R20_S0310.DAT.bz2"", ""AHI-L1b-FLDK/2021/07/05/1800/HS_H08_20210705_1800_B13_FLDK_R20_S0410.DAT.bz2"", ""AHI-L1b-FLDK/2021/07/05/1800/HS_H08_20210705_1800_B13_FLDK_R20_S0510.DAT.bz2"", ""AHI-L1b-FLDK/2021/07/05/1800/HS_H08_20210705_1800_B13_FLDK_R20_S0610.DAT.bz2"", ""AHI-L1b-FLDK/2021/07/05/1800/HS_H08_20210705_1800_B13_FLDK_R20_S0710.DAT.bz2"", ""AHI-L1b-FLDK/2021/07/05/1800/HS_H08_20210705_1800_B13_FLDK_R20_S0810.DAT.bz2"", ""AHI-L1b-FLDK/2021/07/05/1800/HS_H08_20210705_1800_B13_FLDK_R20_S0910.DAT.bz2"", ""AHI-L1b-FLDK/2021/07/05/1800/HS_H08_20210705_1800_B13_FLDK_R20_S1010.DAT.bz2""]","[""/workspace/scratch/aa764eb01872/data/raw/himawari/2021/07/05/1800/HS_H08_20210705_1800_B13_FLDK_R20_S0110.DAT.bz2"", ""/workspace/scratch/aa764eb01872/data/raw/himawari/2021/07/05/1800/HS_H08_20210705_1800_B13_FLDK_R20_S0210.DAT.bz2"", ""/workspace/scratch/aa764eb01872/data/raw/himawari/2021/07/05/1800/HS_H08_20210705_1800_B13_FLDK_R20_S0310.DAT.bz2"", ""/workspace/scratch/aa764eb01872/data/raw/himawari/2021/07/05/1800/HS_H08_20210705_1800_B13_FLDK_R20_S0410.DAT.bz2"", ""/workspace/scratch/aa764eb01872/data/raw/himawari/2021/07/05/1800/HS_H08_20210705_1800_B13_FLDK_R20_S0510.DAT.bz2"", ""/workspace/scratch/aa764eb01872/data/raw/himawari/2021/07/05/1800/HS_H08_20210705_1800_B13_FLDK_R20_S0610.DAT.bz2"", ""/workspace/scratch/aa764eb01872/data/raw/himawari/2021/07/05/1800/HS_H08_20210705_1800_B13_FLDK_R20_S0710.DAT.bz2"", ""/workspace/scratch/aa764eb01872/data/raw/himawari/2021/07/05/1800/HS_H08_20210705_1800_B13_FLDK_R20_S0810.DAT.bz2"", ""/workspace/scratch/aa764eb01872/data/raw/himawari/2021/07/05/1800/HS_H08_20210705_1800_B13_FLDK_R20_S0910.DAT.bz2"", ""/workspace/scratch/aa764eb01872/data/raw/himawari/2021/07/05/1800/HS_H08_20210705_1800_B13_FLDK_R20_S1010.DAT.bz2""]",1,1.0,256.3331298828125,187.45677185058594,0.25810730623816275,0.08857479691505432,0.2137736976146698,0.3289987581337894,0.5968703756070419,53,2.5106346694962625,166.93636859133193,345.67266845703125
2021185N13121,UNNAMED,0,2021-07-06T18:00:00+00:00,72h_after_first_track,2021-07-05T21:00:00+00:00,-21,15.3,112.3,10,AHI-L1b-FLDK/2021/07/05/2100/HS_H08_20210705_2100_B13_FLDK_R20_S0110.DAT.bz2,/workspace/scratch/aa764eb01872/data/raw/himawari/2021/07/05/2100/HS_H08_20210705_2100_B13_FLDK_R20_S0110.DAT.bz2,"[""AHI-L1b-FLDK/2021/07/05/2100/HS_H08_20210705_2100_B13_FLDK_R20_S0110.DAT.bz2"", ""AHI-L1b-FLDK/2021/07/05/2100/HS_H08_20210705_2100_B13_FLDK_R20_S0210.DAT.bz2"", ""AHI-L1b-FLDK/2021/07/05/2100/HS_H08_20210705_2100_B13_FLDK_R20_S0310.DAT.bz2"", ""AHI-L1b-FLDK/2021/07/05/2100/HS_H08_20210705_2100_B13_FLDK_R20_S0410.DAT.bz2"", ""AHI-L1b-FLDK/2021/07/05/2100/HS_H08_20210705_2100_B13_FLDK_R20_S0510.DAT.bz2"", ""AHI-L1b-FLDK/2021/07/05/2100/HS_H08_20210705_2100_B13_FLDK_R20_S0610.DAT.bz2"", ""AHI-L1b-FLDK/2021/07/05/2100/HS_H08_20210705_2100_B13_FLDK_R20_S0710.DAT.bz2"", ""AHI-L1b-FLDK/2021/07/05/2100/HS_H08_20210705_2100_B13_FLDK_R20_S0810.DAT.bz2"", ""AHI-L1b-FLDK/2021/07/05/2100/HS_H08_20210705_2100_B13_FLDK_R20_S0910.DAT.bz2"", ""AHI-L1b-FLDK/2021/07/05/2100/HS_H08_20210705_2100_B13_FLDK_R20_S1010.DAT.bz2""]","[""/workspace/scratch/aa764eb01872/data/raw/himawari/2021/07/05/2100/HS_H08_20210705_2100_B13_FLDK_R20_S0110.DAT.bz2"", ""/workspace/scratch/aa764eb01872/data/raw/himawari/2021/07/05/2100/HS_H08_20210705_2100_B13_FLDK_R20_S0210.DAT.bz2"", ""/workspace/scratch/aa764eb01872/data/raw/himawari/2021/07/05/2100/HS_H08_20210705_2100_B13_FLDK_R20_S0310.DAT.bz2"", ""/workspace/scratch/aa764eb01872/data/raw/himawari/2021/07/05/2100/HS_H08_20210705_2100_B13_FLDK_R20_S0410.DAT.bz2"", ""/workspace/scratch/aa764eb01872/data/raw/himawari/2021/07/05/2100/HS_H08_20210705_2100_B13_FLDK_R20_S0510.DAT.bz2"", ""/workspace/scratch/aa764eb01872/data/raw/himawari/2021/07/05/2100/HS_H08_20210705_2100_B13_FLDK_R20_S0610.DAT.bz2"", ""/workspace/scratch/aa764eb01872/data/raw/himawari/2021/07/05/2100/HS_H08_20210705_2100_B13_FLDK_R20_S0710.DAT.bz2"", ""/workspace/scratch/aa764eb01872/data/raw/himawari/2021/07/05/2100/HS_H08_20210705_2100_B13_FLDK_R20_S0810.DAT.bz2"", ""/workspace/scratch/aa764eb01872/data/raw/himawari/2021/07/05/2100/HS_H08_20210705_2100_B13_FLDK_R20_S0910.DAT.bz2"", ""/workspace/scratch/aa764eb01872/data/raw/himawari/2021/07/05/2100/HS_H08_20210705_2100_B13_FLDK_R20_S1010.DAT.bz2""]",1,1.0,251.90512084960938,185.36839294433594,0.3134089579798475,0.12244199961423874,0.12133622914552689,0.2848565200609473,0.8959700020823029,46,2.186041648845675,167.23313457065274,362.5991516113281
2021185N13121,UNNAMED,0,2021-07-06T18:00:00+00:00,72h_after_first_track,2021-07-06T00:00:00+00:00,-18,15.4,112.1,10,AHI-L1b-FLDK/2021/07/06/0000/HS_H08_20210706_0000_B13_FLDK_R20_S0110.DAT.bz2,/workspace/scratch/aa764eb01872/data/raw/himawari/2021/07/06/0000/HS_H08_20210706_0000_B13_FLDK_R20_S0110.DAT.bz2,"[""AHI-L1b-FLDK/2021/07/06/0000/HS_H08_20210706_0000_B13_FLDK_R20_S0110.DAT.bz2"", ""AHI-L1b-FLDK/2021/07/06/0000/HS_H08_20210706_0000_B13_FLDK_R20_S0210.DAT.bz2"", ""AHI-L1b-FLDK/2021/07/06/0000/HS_H08_20210706_0000_B13_FLDK_R20_S0310.DAT.bz2"", ""AHI-L1b-FLDK/2021/07/06/0000/HS_H08_20210706_0000_B13_FLDK_R20_S0410.DAT.bz2"", ""AHI-L1b-FLDK/2021/07/06/0000/HS_H08_20210706_0000_B13_FLDK_R20_S0510.DAT.bz2"", ""AHI-L1b-FLDK/2021/07/06/0000/HS_H08_20210706_0000_B13_FLDK_R20_S0610.DAT.bz2"", ""AHI-L1b-FLDK/2021/07/06/0000/HS_H08_20210706_0000_B13_FLDK_R20_S0710.DAT.bz2"", ""AHI-L1b-FLDK/2021/07/06/0000/HS_H08_20210706_0000_B13_FLDK_R20_S0810.DAT.bz2"", ""AHI-L1b-FLDK/2021/07/06/0000/HS_H08_20210706_0000_B13_FLDK_R20_S0910.DAT.bz2"", ""AHI-L1b-FLDK/2021/07/06/0000/HS_H08_20210706_0000_B13_FLDK_R20_S1010.DAT.bz2""]","[""/workspace/scratch/aa764eb01872/data/raw/himawari/2021/07/06/0000/HS_H08_20210706_0000_B13_FLDK_R20_S0110.DAT.bz2"", ""/workspace/scratch/aa764eb01872/data/raw/himawari/2021/07/06/0000/HS_H08_20210706_0000_B13_FLDK_R20_S0210.DAT.bz2"", ""/workspace/scratch/aa764eb01872/data/raw/himawari/2021/07/06/0000/HS_H08_20210706_0000_B13_FLDK_R20_S0310.DAT.bz2"", ""/workspace/scratch/aa764eb01872/data/raw/himawari/2021/07/06/0000/HS_H08_20210706_0000_B13_FLDK_R20_S0410.DAT.bz2"", ""/workspace/scratch/aa764eb01872/data/raw/himawari/2021/07/06/0000/HS_H08_20210706_0000_B13_FLDK_R20_S0510.DAT.bz2"", ""/workspace/scratch/aa764eb01872/data/raw/himawari/2021/07/06/0000/HS_H08_20210706_0000_B13_FLDK_R20_S0610.DAT.bz2"", ""/workspace/scratch/aa764eb01872/data/raw/himawari/2021/07/06/0000/HS_H08_20210706_0000_B13_FLDK_R20_S0710.DAT.bz2"", ""/workspace/scratch/aa764eb01872/data/raw/himawari/2021/07/06/0000/HS_H08_20210706_0000_B13_FLDK_R20_S0810.DAT.bz2"", ""/workspace/scratch/aa764eb01872/data/raw/himawari/2021/07/06/0000/HS_H08_20210706_0000_B13_FLDK_R20_S0910.DAT.bz2"", ""/workspace/scratch/aa764eb01872/data/raw/himawari/2021/07/06/0000/HS_H08_20210706_0000_B13_FLDK_R20_S1010.DAT.bz2""]",1,1.0,249.55299377441406,189.27919006347656,0.34703513084982157,0.08696649968624115,0.10463646054267883,0.2625854252533796,0.866283028439099,70,3.3397743266776403,172.52818438988348,391.2161560058594
2021185N13121,UNNAMED,0,2021-07-06T18:00:00+00:00,72h_after_first_track,2021-07-06T03:00:00+00:00,-15,15.5,112.0,10,AHI-L1b-FLDK/2021/07/06/0300/HS_H08_20210706_0300_B13_FLDK_R20_S0110.DAT.bz2,/workspace/scratch/aa764eb01872/data/raw/himawari/2021/07/06/0300/HS_H08_20210706_0300_B13_FLDK_R20_S0110.DAT.bz2,"[""AHI-L1b-FLDK/2021/07/06/0300/HS_H08_20210706_0300_B13_FLDK_R20_S0110.DAT.bz2"", ""AHI-L1b-FLDK/2021/07/06/0300/HS_H08_20210706_0300_B13_FLDK_R20_S0210.DAT.bz2"", ""AHI-L1b-FLDK/2021/07/06/0300/HS_H08_20210706_0300_B13_FLDK_R20_S0310.DAT.bz2"", ""AHI-L1b-FLDK/2021/07/06/0300/HS_H08_20210706_0300_B13_FLDK_R20_S0410.DAT.bz2"", ""AHI-L1b-FLDK/2021/07/06/0300/HS_H08_20210706_0300_B13_FLDK_R20_S0510.DAT.bz2"", ""AHI-L1b-FLDK/2021/07/06/0300/HS_H08_20210706_0300_B13_FLDK_R20_S0610.DAT.bz2"", ""AHI-L1b-FLDK/2021/07/06/0300/HS_H08_20210706_0300_B13_FLDK_R20_S0710.DAT.bz2"", ""AHI-L1b-FLDK/2021/07/06/0300/HS_H08_20210706_0300_B13_FLDK_R20_S0810.DAT.bz2"", ""AHI-L1b-FLDK/2021/07/06/0300/HS_H08_20210706_0300_B13_FLDK_R20_S0910.DAT.bz2"", ""AHI-L1b-FLDK/2021/07/06/0300/HS_H08_20210706_0300_B13_FLDK_R20_S1010.DAT.bz2""]","[""/workspace/scratch/aa764eb01872/data/raw/himawari/2021/07/06/0300/HS_H08_20210706_0300_B13_FLDK_R20_S0110.DAT.bz2"", ""/workspace/scratch/aa764eb01872/data/raw/himawari/2021/07/06/0300/HS_H08_20210706_0300_B13_FLDK_R20_S0210.DAT.bz2"", ""/workspace/scratch/aa764eb01872/data/raw/himawari/2021/07/06/0300/HS_H08_20210706_0300_B13_FLDK_R20_S0310.DAT.bz2"", ""/workspace/scratch/aa764eb01872/data/raw/himawari/2021/07/06/0300/HS_H08_20210706_0300_B13_FLDK_R20_S0410.DAT.bz2"", ""/workspace/scratch/aa764eb01872/data/raw/himawari/2021/07/06/0300/HS_H08_20210706_0300_B13_FLDK_R20_S0510.DAT.bz2"", ""/workspace/scratch/aa764eb01872/data/raw/himawari/2021/07/06/0300/HS_H08_20210706_0300_B13_FLDK_R20_S0610.DAT.bz2"", ""/workspace/scratch/aa764eb01872/data/raw/himawari/2021/07/06/0300/HS_H08_20210706_0300_B13_FLDK_R20_S0710.DAT.bz2"", ""/workspace/scratch/aa764eb01872/data/raw/himawari/2021/07/06/0300/HS_H08_20210706_0300_B13_FLDK_R20_S0810.DAT.bz2"", ""/workspace/scratch/aa764eb01872/data/raw/himawari/2021/07/06/0300/HS_H08_20210706_0300_B13_FLDK_R20_S0910.DAT.bz2"", ""/workspace/scratch/aa764eb01872/data/raw/himawari/2021/07/06/0300/HS_H08_20210706_0300_B13_FLDK_R20_S1010.DAT.bz2""]",1,1.0,249.8723602294922,189.573974609375,0.3244789833961682,0.074404276907444,0.08423752337694168,0.39835993359770827,0.44111141067710596,57,2.726190077624675,82.1208213162175,403.4526672363281
2021185N13121,UNNAMED,0,2021-07-06T18:00:00+00:00,72h_after_first_track,2021-07-06T06:00:00+00:00,-12,15.8,112.0,10,AHI-L1b-FLDK/2021/07/06/0600/HS_H08_20210706_0600_B13_FLDK_R20_S0110.DAT.bz2,/workspace/scratch/aa764eb01872/data/raw/himawari/2021/07/06/0600/HS_H08_20210706_0600_B13_FLDK_R20_S0110.DAT.bz2,"[""AHI-L1b-FLDK/2021/07/06/0600/HS_H08_20210706_0600_B13_FLDK_R20_S0110.DAT.bz2"", ""AHI-L1b-FLDK/2021/07/06/0600/HS_H08_20210706_0600_B13_FLDK_R20_S0210.DAT.bz2"", ""AHI-L1b-FLDK/2021/07/06/0600/HS_H08_20210706_0600_B13_FLDK_R20_S0310.DAT.bz2"", ""AHI-L1b-FLDK/2021/07/06/0600/HS_H08_20210706_0600_B13_FLDK_R20_S0410.DAT.bz2"", ""AHI-L1b-FLDK/2021/07/06/0600/HS_H08_20210706_0600_B13_FLDK_R20_S0510.DAT.bz2"", ""AHI-L1b-FLDK/2021/07/06/0600/HS_H08_20210706_0600_B13_FLDK_R20_S0610.DAT.bz2"", ""AHI-L1b-FLDK/2021/07/06/0600/HS_H08_20210706_0600_B13_FLDK_R20_S0710.DAT.bz2"", ""AHI-L1b-FLDK/2021/07/06/0600/HS_H08_20210706_0600_B13_FLDK_R20_S0810.DAT.bz2"", ""AHI-L1b-FLDK/2021/07/06/0600/HS_H08_20210706_0600_B13_FLDK_R20_S0910.DAT.bz2"", ""AHI-L1b-FLDK/2021/07/06/0600/HS_H08_20210706_0600_B13_FLDK_R20_S1010.DAT.bz2""]","[""/workspace/scratch/aa764eb01872/data/raw/himawari/2021/07/06/0600/HS_H08_20210706_0600_B13_FLDK_R20_S0110.DAT.bz2"", ""/workspace/scratch/aa764eb01872/data/raw/himawari/2021/07/06/0600/HS_H08_20210706_0600_B13_FLDK_R20_S0210.DAT.bz2"", ""/workspace/scratch/aa764eb01872/data/raw/himawari/2021/07/06/0600/HS_H08_20210706_0600_B13_FLDK_R20_S0310.DAT.bz2"", ""/workspace/scratch/aa764eb01872/data/raw/himawari/2021/07/06/0600/HS_H08_20210706_0600_B13_FLDK_R20_S0410.DAT.bz2"", ""/workspace/scratch/aa764eb01872/data/raw/himawari/2021/07/06/0600/HS_H08_20210706_0600_B13_FLDK_R20_S0510.DAT.bz2"", ""/workspace/scratch/aa764eb01872/data/raw/himawari/2021/07/06/0600/HS_H08_20210706_0600_B13_FLDK_R20_S0610.DAT.bz2"", ""/workspace/scratch/aa764eb01872/data/raw/himawari/2021/07/06/0600/HS_H08_20210706_0600_B13_FLDK_R20_S0710.DAT.bz2"", ""/workspace/scratch/aa764eb01872/data/raw/himawari/2021/07/06/0600/HS_H08_20210706_0600_B13_FLDK_R20_S0810.DAT.bz2"", ""/workspace/scratch/aa764eb01872/data/raw/himawari/2021/07/06/0600/HS_H08_20210706_0600_B13_FLDK_R20_S0910.DAT.bz2"", ""/workspace/scratch/aa764eb01872/data/raw/himawari/2021/07/06/0600/HS_H08_20210706_0600_B13_FLDK_R20_S1010.DAT.bz2""]",1,1.0,247.0297088623047,194.2519073486328,0.3535490402593819,0.059468820691108704,0.04783877357840538,0.4987494494321274,0.46180633732671594,89,4.267172973931888,49.44130160731526,415.9229736328125
2021185N13121,UNNAMED,0,2021-07-06T18:00:00+00:00,72h_after_first_track,2021-07-06T09:00:00+00:00,-9,16.2,111.9,10,AHI-L1b-FLDK/2021/07/06/0900/HS_H08_20210706_0900_B13_FLDK_R20_S0110.DAT.bz2,/workspace/scratch/aa764eb01872/data/raw/himawari/2021/07/06/0900/HS_H08_20210706_0900_B13_FLDK_R20_S0110.DAT.bz2,"[""AHI-L1b-FLDK/2021/07/06/0900/HS_H08_20210706_0900_B13_FLDK_R20_S0110.DAT.bz2"", ""AHI-L1b-FLDK/2021/07/06/0900/HS_H08_20210706_0900_B13_FLDK_R20_S0210.DAT.bz2"", ""AHI-L1b-FLDK/2021/07/06/0900/HS_H08_20210706_0900_B13_FLDK_R20_S0310.DAT.bz2"", ""AHI-L1b-FLDK/2021/07/06/0900/HS_H08_20210706_0900_B13_FLDK_R20_S0410.DAT.bz2"", ""AHI-L1b-FLDK/2021/07/06/0900/HS_H08_20210706_0900_B13_FLDK_R20_S0510.DAT.bz2"", ""AHI-L1b-FLDK/2021/07/06/0900/HS_H08_20210706_0900_B13_FLDK_R20_S0610.DAT.bz2"", ""AHI-L1b-FLDK/2021/07/06/0900/HS_H08_20210706_0900_B13_FLDK_R20_S0710.DAT.bz2"", ""AHI-L1b-FLDK/2021/07/06/0900/HS_H08_20210706_0900_B13_FLDK_R20_S0810.DAT.bz2"", ""AHI-L1b-FLDK/2021/07/06/0900/HS_H08_20210706_0900_B13_FLDK_R20_S0910.DAT.bz2"", ""AHI-L1b-FLDK/2021/07/06/0900/HS_H08_20210706_0900_B13_FLDK_R20_S1010.DAT.bz2""]","[""/workspace/scratch/aa764eb01872/data/raw/himawari/2021/07/06/0900/HS_H08_20210706_0900_B13_FLDK_R20_S0110.DAT.bz2"", ""/workspace/scratch/aa764eb01872/data/raw/himawari/2021/07/06/0900/HS_H08_20210706_0900_B13_FLDK_R20_S0210.DAT.bz2"", ""/workspace/scratch/aa764eb01872/data/raw/himawari/2021/07/06/0900/HS_H08_20210706_0900_B13_FLDK_R20_S0310.DAT.bz2"", ""/workspace/scratch/aa764eb01872/data/raw/himawari/2021/07/06/0900/HS_H08_20210706_0900_B13_FLDK_R20_S0410.DAT.bz2"", ""/workspace/scratch/aa764eb01872/data/raw/himawari/2021/07/06/0900/HS_H08_20210706_0900_B13_FLDK_R20_S0510.DAT.bz2"", ""/workspace/scratch/aa764eb01872/data/raw/himawari/2021/07/06/0900/HS_H08_20210706_0900_B13_FLDK_R20_S0610.DAT.bz2"", ""/workspace/scratch/aa764eb01872/data/raw/himawari/2021/07/06/0900/HS_H08_20210706_0900_B13_FLDK_R20_S0710.DAT.bz2"", ""/workspace/scratch/aa764eb01872/data/raw/himawari/2021/07/06/0900/HS_H08_20210706_0900_B13_FLDK_R20_S0810.DAT.bz2"", ""/workspace/scratch/aa764eb01872/data/raw/himawari/2021/07/06/0900/HS_H08_20210706_0900_B13_FLDK_R20_S0910.DAT.bz2"", ""/workspace/scratch/aa764eb01872/data/raw/himawari/2021/07/06/0900/HS_H08_20210706_0900_B13_FLDK_R20_S1010.DAT.bz2""]",1,1.0,246.8869171142578,192.6676788330078,0.35554972860898276,0.02728290669620037,0.08358266204595566,0.538779395981424,0.6487542182773186,92,4.432495977028108,111.01960873926785,392.91717529296875
2021185N13121,UNNAMED,0,2021-07-06T18:00:00+00:00,72h_after_first_track,2021-07-06T12:00:00+00:00,-6,16.7,111.7,10,AHI-L1b-FLDK/2021/07/06/1200/HS_H08_20210706_1200_B13_FLDK_R20_S0110.DAT.bz2,/workspace/scratch/aa764eb01872/data/raw/himawari/2021/07/06/1200/HS_H08_20210706_1200_B13_FLDK_R20_S0110.DAT.bz2,"[""AHI-L1b-FLDK/2021/07/06/1200/HS_H08_20210706_1200_B13_FLDK_R20_S0110.DAT.bz2"", ""AHI-L1b-FLDK/2021/07/06/1200/HS_H08_20210706_1200_B13_FLDK_R20_S0210.DAT.bz2"", ""AHI-L1b-FLDK/2021/07/06/1200/HS_H08_20210706_1200_B13_FLDK_R20_S0310.DAT.bz2"", ""AHI-L1b-FLDK/2021/07/06/1200/HS_H08_20210706_1200_B13_FLDK_R20_S0410.DAT.bz2"", ""AHI-L1b-FLDK/2021/07/06/1200/HS_H08_20210706_1200_B13_FLDK_R20_S0510.DAT.bz2"", ""AHI-L1b-FLDK/2021/07/06/1200/HS_H08_20210706_1200_B13_FLDK_R20_S0610.DAT.bz2"", ""AHI-L1b-FLDK/2021/07/06/1200/HS_H08_20210706_1200_B13_FLDK_R20_S0710.DAT.bz2"", ""AHI-L1b-FLDK/2021/07/06/1200/HS_H08_20210706_1200_B13_FLDK_R20_S0810.DAT.bz2"", ""AHI-L1b-FLDK/2021/07/06/1200/HS_H08_20210706_1200_B13_FLDK_R20_S0910.DAT.bz2"", ""AHI-L1b-FLDK/2021/07/06/1200/HS_H08_20210706_1200_B13_FLDK_R20_S1010.DAT.bz2""]","[""/workspace/scratch/aa764eb01872/data/raw/himawari/2021/07/06/1200/HS_H08_20210706_1200_B13_FLDK_R20_S0110.DAT.bz2"", ""/workspace/scratch/aa764eb01872/data/raw/himawari/2021/07/06/1200/HS_H08_20210706_1200_B13_FLDK_R20_S0210.DAT.bz2"", ""/workspace/scratch/aa764eb01872/data/raw/himawari/2021/07/06/1200/HS_H08_20210706_1200_B13_FLDK_R20_S0310.DAT.bz2"", ""/workspace/scratch/aa764eb01872/data/raw/himawari/2021/07/06/1200/HS_H08_20210706_1200_B13_FLDK_R20_S0410.DAT.bz2"", ""/workspace/scratch/aa764eb01872/data/raw/himawari/2021/07/06/1200/HS_H08_20210706_1200_B13_FLDK_R20_S0510.DAT.bz2"", ""/workspace/scratch/aa764eb01872/data/raw/himawari/2021/07/06/1200/HS_H08_20210706_1200_B13_FLDK_R20_S0610.DAT.bz2"", ""/workspace/scratch/aa764eb01872/data/raw/himawari/2021/07/06/1200/HS_H08_20210706_1200_B13_FLDK_R20_S0710.DAT.bz2"", ""/workspace/scratch/aa764eb01872/data/raw/himawari/2021/07/06/1200/HS_H08_20210706_1200_B13_FLDK_R20_S0810.DAT.bz2"", ""/workspace/scratch/aa764eb01872/data/raw/himawari/2021/07/06/1200/HS_H08_20210706_1200_B13_FLDK_R20_S0910.DAT.bz2"", ""/workspace/scratch/aa764eb01872/data/raw/himawari/2021/07/06/1200/HS_H08_20210706_1200_B13_FLDK_R20_S1010.DAT.bz2""]",1,1.0,251.93170166015625,189.72048950195312,0.23308805466051932,0.028425004333257675,0.0619853138923645,0.29916332991535854,0.5507277709411081,66,3.2039923686727216,142.4688437557776,385.4289245605469
2021185N13121,UNNAMED,0,2021-07-06T18:00:00+00:00,72h_after_first_track,2021-07-06T15:00:00+00:00,-3,17.2,111.5,10,AHI-L1b-FLDK/2021/07/06/1500/HS_H08_20210706_1500_B13_FLDK_R20_S0110.DAT.bz2,/workspace/scratch/aa764eb01872/data/raw/himawari/2021/07/06/1500/HS_H08_20210706_1500_B13_FLDK_R20_S0110.DAT.bz2,"[""AHI-L1b-FLDK/2021/07/06/1500/HS_H08_20210706_1500_B13_FLDK_R20_S0110.DAT.bz2"", ""AHI-L1b-FLDK/2021/07/06/1500/HS_H08_20210706_1500_B13_FLDK_R20_S0210.DAT.bz2"", ""AHI-L1b-FLDK/2021/07/06/1500/HS_H08_20210706_1500_B13_FLDK_R20_S0310.DAT.bz2"", ""AHI-L1b-FLDK/2021/07/06/1500/HS_H08_20210706_1500_B13_FLDK_R20_S0410.DAT.bz2"", ""AHI-L1b-FLDK/2021/07/06/1500/HS_H08_20210706_1500_B13_FLDK_R20_S0510.DAT.bz2"", ""AHI-L1b-FLDK/2021/07/06/1500/HS_H08_20210706_1500_B13_FLDK_R20_S0610.DAT.bz2"", ""AHI-L1b-FLDK/2021/07/06/1500/HS_H08_20210706_1500_B13_FLDK_R20_S0710.DAT.bz2"", ""AHI-L1b-FLDK/2021/07/06/1500/HS_H08_20210706_1500_B13_FLDK_R20_S0810.DAT.bz2"", ""AHI-L1b-FLDK/2021/07/06/1500/HS_H08_20210706_1500_B13_FLDK_R20_S0910.DAT.bz2"", ""AHI-L1b-FLDK/2021/07/06/1500/HS_H08_20210706_1500_B13_FLDK_R20_S1010.DAT.bz2""]","[""/workspace/scratch/aa764eb01872/data/raw/himawari/2021/07/06/1500/HS_H08_20210706_1500_B13_FLDK_R20_S0110.DAT.bz2"", ""/workspace/scratch/aa764eb01872/data/raw/himawari/2021/07/06/1500/HS_H08_20210706_1500_B13_FLDK_R20_S0210.DAT.bz2"", ""/workspace/scratch/aa764eb01872/data/raw/himawari/2021/07/06/1500/HS_H08_20210706_1500_B13_FLDK_R20_S0310.DAT.bz2"", ""/workspace/scratch/aa764eb01872/data/raw/himawari/2021/07/06/1500/HS_H08_20210706_1500_B13_FLDK_R20_S0410.DAT.bz2"", ""/workspace/scratch/aa764eb01872/data/raw/himawari/2021/07/06/1500/HS_H08_20210706_1500_B13_FLDK_R20_S0510.DAT.bz2"", ""/workspace/scratch/aa764eb01872/data/raw/himawari/2021/07/06/1500/HS_H08_20210706_1500_B13_FLDK_R20_S0610.DAT.bz2"", ""/workspace/scratch/aa764eb01872/data/raw/himawari/2021/07/06/1500/HS_H08_20210706_1500_B13_FLDK_R20_S0710.DAT.bz2"", ""/workspace/scratch/aa764eb01872/data/raw/himawari/2021/07/06/1500/HS_H08_20210706_1500_B13_FLDK_R20_S0810.DAT.bz2"", ""/workspace/scratch/aa764eb01872/data/raw/himawari/2021/07/06/1500/HS_H08_20210706_1500_B13_FLDK_R20_S0910.DAT.bz2"", ""/workspace/scratch/aa764eb01872/data/raw/himawari/2021/07/06/1500/HS_H08_20210706_1500_B13_FLDK_R20_S1010.DAT.bz2""]",1,1.0,259.0989074707031,188.6820831298828,0.2042740566579379,0.04213051125407219,0.03542986884713173,0.1213186821286083,0.4782294318684674,63,3.0822520988669053,180.99378221626097,424.9855041503906
2022208N15143,SONGDA,0,2022-07-29T12:00:00+00:00,72h_after_first_track,2022-07-26T12:00:00+00:00,-72,14.9,143.3,10,AHI-L1b-FLDK/2022/07/26/1200/HS_H08_20220726_1200_B13_FLDK_R20_S0110.DAT.bz2,/workspace/scratch/aa764eb01872/data/raw/himawari/2022/07/26/1200/HS_H08_20220726_1200_B13_FLDK_R20_S0110.DAT.bz2,"[""AHI-L1b-FLDK/2022/07/26/1200/HS_H08_20220726_1200_B13_FLDK_R20_S0110.DAT.bz2"", ""AHI-L1b-FLDK/2022/07/26/1200/HS_H08_20220726_1200_B13_FLDK_R20_S0210.DAT.bz2"", ""AHI-L1b-FLDK/2022/07/26/1200/HS_H08_20220726_1200_B13_FLDK_R20_S0310.DAT.bz2"", ""AHI-L1b-FLDK/2022/07/26/1200/HS_H08_20220726_1200_B13_FLDK_R20_S0410.DAT.bz2"", ""AHI-L1b-FLDK/2022/07/26/1200/HS_H08_20220726_1200_B13_FLDK_R20_S0510.DAT.bz2"", ""AHI-L1b-FLDK/2022/07/26/1200/HS_H08_20220726_1200_B13_FLDK_R20_S0610.DAT.bz2"", ""AHI-L1b-FLDK/2022/07/26/1200/HS_H08_20220726_1200_B13_FLDK_R20_S0710.DAT.bz2"", ""AHI-L1b-FLDK/2022/07/26/1200/HS_H08_20220726_1200_B13_FLDK_R20_S0810.DAT.bz2"", ""AHI-L1b-FLDK/2022/07/26/1200/HS_H08_20220726_1200_B13_FLDK_R20_S0910.DAT.bz2"", ""AHI-L1b-FLDK/2022/07/26/1200/HS_H08_20220726_1200_B13_FLDK_R20_S1010.DAT.bz2""]","[""/workspace/scratch/aa764eb01872/data/raw/himawari/2022/07/26/1200/HS_H08_20220726_1200_B13_FLDK_R20_S0110.DAT.bz2"", ""/workspace/scratch/aa764eb01872/data/raw/himawari/2022/07/26/1200/HS_H08_20220726_1200_B13_FLDK_R20_S0210.DAT.bz2"", ""/workspace/scratch/aa764eb01872/data/raw/himawari/2022/07/26/1200/HS_H08_20220726_1200_B13_FLDK_R20_S0310.DAT.bz2"", ""/workspace/scratch/aa764eb01872/data/raw/himawari/2022/07/26/1200/HS_H08_20220726_1200_B13_FLDK_R20_S0410.DAT.bz2"", ""/workspace/scratch/aa764eb01872/data/raw/himawari/2022/07/26/1200/HS_H08_20220726_1200_B13_FLDK_R20_S0510.DAT.bz2"", ""/workspace/scratch/aa764eb01872/data/raw/himawari/2022/07/26/1200/HS_H08_20220726_1200_B13_FLDK_R20_S0610.DAT.bz2"", ""/workspace/scratch/aa764eb01872/data/raw/himawari/2022/07/26/1200/HS_H08_20220726_1200_B13_FLDK_R20_S0710.DAT.bz2"", ""/workspace/scratch/aa764eb01872/data/raw/himawari/2022/07/26/1200/HS_H08_20220726_1200_B13_FLDK_R20_S0810.DAT.bz2"", ""/workspace/scratch/aa764eb01872/data/raw/himawari/2022/07/26/1200/HS_H08_20220726_1200_B13_FLDK_R20_S0910.DAT.bz2"", ""/workspace/scratch/aa764eb01872/data/raw/himawari/2022/07/26/1200/HS_H08_20220726_1200_B13_FLDK_R20_S1010.DAT.bz2""]",2,1.0,249.77938842773438,186.18670654296875,0.3867730419953536,0.1388964056968689,0.1872091293334961,0.3358142145703531,0.869445299596109,47,1.7832210283494203,38.614487406822924,344.5787048339844
2022208N15143,SONGDA,0,2022-07-29T12:00:00+00:00,72h_after_first_track,2022-07-26T15:00:00+00:00,-69,14.9,143.2,10,AHI-L1b-FLDK/2022/07/26/1500/HS_H08_20220726_1500_B13_FLDK_R20_S0110.DAT.bz2,/workspace/scratch/aa764eb01872/data/raw/himawari/2022/07/26/1500/HS_H08_20220726_1500_B13_FLDK_R20_S0110.DAT.bz2,"[""AHI-L1b-FLDK/2022/07/26/1500/HS_H08_20220726_1500_B13_FLDK_R20_S0110.DAT.bz2"", ""AHI-L1b-FLDK/2022/07/26/1500/HS_H08_20220726_1500_B13_FLDK_R20_S0210.DAT.bz2"", ""AHI-L1b-FLDK/2022/07/26/1500/HS_H08_20220726_1500_B13_FLDK_R20_S0310.DAT.bz2"", ""AHI-L1b-FLDK/2022/07/26/1500/HS_H08_20220726_1500_B13_FLDK_R20_S0410.DAT.bz2"", ""AHI-L1b-FLDK/2022/07/26/1500/HS_H08_20220726_1500_B13_FLDK_R20_S0510.DAT.bz2"", ""AHI-L1b-FLDK/2022/07/26/1500/HS_H08_20220726_1500_B13_FLDK_R20_S0610.DAT.bz2"", ""AHI-L1b-FLDK/2022/07/26/1500/HS_H08_20220726_1500_B13_FLDK_R20_S0710.DAT.bz2"", ""AHI-L1b-FLDK/2022/07/26/1500/HS_H08_20220726_1500_B13_FLDK_R20_S0810.DAT.bz2"", ""AHI-L1b-FLDK/2022/07/26/1500/HS_H08_20220726_1500_B13_FLDK_R20_S0910.DAT.bz2"", ""AHI-L1b-FLDK/2022/07/26/1500/HS_H08_20220726_1500_B13_FLDK_R20_S1010.DAT.bz2""]","[""/workspace/scratch/aa764eb01872/data/raw/himawari/2022/07/26/1500/HS_H08_20220726_1500_B13_FLDK_R20_S0110.DAT.bz2"", ""/workspace/scratch/aa764eb01872/data/raw/himawari/2022/07/26/1500/HS_H08_20220726_1500_B13_FLDK_R20_S0210.DAT.bz2"", ""/workspace/scratch/aa764eb01872/data/raw/himawari/2022/07/26/1500/HS_H08_20220726_1500_B13_FLDK_R20_S0310.DAT.bz2"", ""/workspace/scratch/aa764eb01872/data/raw/himawari/2022/07/26/1500/HS_H08_20220726_1500_B13_FLDK_R20_S0410.DAT.bz2"", ""/workspace/scratch/aa764eb01872/data/raw/himawari/2022/07/26/1500/HS_H08_20220726_1500_B13_FLDK_R20_S0510.DAT.bz2"", ""/workspace/scratch/aa764eb01872/data/raw/himawari/2022/07/26/1500/HS_H08_20220726_1500_B13_FLDK_R20_S0610.DAT.bz2"", ""/workspace/scratch/aa764eb01872/data/raw/himawari/2022/07/26/1500/HS_H08_20220726_1500_B13_FLDK_R20_S0710.DAT.bz2"", ""/workspace/scratch/aa764eb01872/data/raw/himawari/2022/07/26/1500/HS_H08_20220726_1500_B13_FLDK_R20_S0810.DAT.bz2"", ""/workspace/scratch/aa764eb01872/data/raw/himawari/2022/07/26/1500/HS_H08_20220726_1500_B13_FLDK_R20_S0910.DAT.bz2"", ""/workspace/scratch/aa764eb01872/data/raw/himawari/2022/07/26/1500/HS_H08_20220726_1500_B13_FLDK_R20_S1010.DAT.bz2""]",2,1.0,246.48130798339844,186.34805297851562,0.43633891688507787,0.16633251309394836,0.1775793433189392,0.34174479456250617,0.9250889473925029,47,1.782882807699019,63.53551718474548,356.569091796875
2022208N15143,SONGDA,0,2022-07-29T12:00:00+00:00,72h_after_first_track,2022-07-26T18:00:00+00:00,-66,15.2,142.9,10,AHI-L1b-FLDK/2022/07/26/1800/HS_H08_20220726_1800_B13_FLDK_R20_S0110.DAT.bz2,/workspace/scratch/aa764eb01872/data/raw/himawari/2022/07/26/1800/HS_H08_20220726_1800_B13_FLDK_R20_S0110.DAT.bz2,"[""AHI-L1b-FLDK/2022/07/26/1800/HS_H08_20220726_1800_B13_FLDK_R20_S0110.DAT.bz2"", ""AHI-L1b-FLDK/2022/07/26/1800/HS_H08_20220726_1800_B13_FLDK_R20_S0210.DAT.bz2"", ""AHI-L1b-FLDK/2022/07/26/1800/HS_H08_20220726_1800_B13_FLDK_R20_S0310.DAT.bz2"", ""AHI-L1b-FLDK/2022/07/26/1800/HS_H08_20220726_1800_B13_FLDK_R20_S0410.DAT.bz2"", ""AHI-L1b-FLDK/2022/07/26/1800/HS_H08_20220726_1800_B13_FLDK_R20_S0510.DAT.bz2"", ""AHI-L1b-FLDK/2022/07/26/1800/HS_H08_20220726_1800_B13_FLDK_R20_S0610.DAT.bz2"", ""AHI-L1b-FLDK/2022/07/26/1800/HS_H08_20220726_1800_B13_FLDK_R20_S0710.DAT.bz2"", ""AHI-L1b-FLDK/2022/07/26/1800/HS_H08_20220726_1800_B13_FLDK_R20_S0810.DAT.bz2"", ""AHI-L1b-FLDK/2022/07/26/1800/HS_H08_20220726_1800_B13_FLDK_R20_S0910.DAT.bz2"", ""AHI-L1b-FLDK/2022/07/26/1800/HS_H08_20220726_1800_B13_FLDK_R20_S1010.DAT.bz2""]","[""/workspace/scratch/aa764eb01872/data/raw/himawari/2022/07/26/1800/HS_H08_20220726_1800_B13_FLDK_R20_S0110.DAT.bz2"", ""/workspace/scratch/aa764eb01872/data/raw/himawari/2022/07/26/1800/HS_H08_20220726_1800_B13_FLDK_R20_S0210.DAT.bz2"", ""/workspace/scratch/aa764eb01872/data/raw/himawari/2022/07/26/1800/HS_H08_20220726_1800_B13_FLDK_R20_S0310.DAT.bz2"", ""/workspace/scratch/aa764eb01872/data/raw/himawari/2022/07/26/1800/HS_H08_20220726_1800_B13_FLDK_R20_S0410.DAT.bz2"", ""/workspace/scratch/aa764eb01872/data/raw/himawari/2022/07/26/1800/HS_H08_20220726_1800_B13_FLDK_R20_S0510.DAT.bz2"", ""/workspace/scratch/aa764eb01872/data/raw/himawari/2022/07/26/1800/HS_H08_20220726_1800_B13_FLDK_R20_S0610.DAT.bz2"", ""/workspace/scratch/aa764eb01872/data/raw/himawari/2022/07/26/1800/HS_H08_20220726_1800_B13_FLDK_R20_S0710.DAT.bz2"", ""/workspace/scratch/aa764eb01872/data/raw/himawari/2022/07/26/1800/HS_H08_20220726_1800_B13_FLDK_R20_S0810.DAT.bz2"", ""/workspace/scratch/aa764eb01872/data/raw/himawari/2022/07/26/1800/HS_H08_20220726_1800_B13_FLDK_R20_S0910.DAT.bz2"", ""/workspace/scratch/aa764eb01872/data/raw/himawari/2022/07/26/1800/HS_H08_20220726_1800_B13_FLDK_R20_S1010.DAT.bz2""]",2,1.0,244.7724609375,184.5298309326172,0.46159260392287915,0.18389391899108887,0.17671312391757965,0.39004740593913034,0.7663683671481435,79,3.0028203705252277,110.94892966858724,361.842041015625
2022208N15143,SONGDA,0,2022-07-29T12:00:00+00:00,72h_after_first_track,2022-07-26T21:00:00+00:00,-63,15.4,142.6,10,AHI-L1b-FLDK/2022/07/26/2100/HS_H08_20220726_2100_B13_FLDK_R20_S0110.DAT.bz2,/workspace/scratch/aa764eb01872/data/raw/himawari/2022/07/26/2100/HS_H08_20220726_2100_B13_FLDK_R20_S0110.DAT.bz2,"[""AHI-L1b-FLDK/2022/07/26/2100/HS_H08_20220726_2100_B13_FLDK_R20_S0110.DAT.bz2"", ""AHI-L1b-FLDK/2022/07/26/2100/HS_H08_20220726_2100_B13_FLDK_R20_S0210.DAT.bz2"", ""AHI-L1b-FLDK/2022/07/26/2100/HS_H08_20220726_2100_B13_FLDK_R20_S0310.DAT.bz2"", ""AHI-L1b-FLDK/2022/07/26/2100/HS_H08_20220726_2100_B13_FLDK_R20_S0410.DAT.bz2"", ""AHI-L1b-FLDK/2022/07/26/2100/HS_H08_20220726_2100_B13_FLDK_R20_S0510.DAT.bz2"", ""AHI-L1b-FLDK/2022/07/26/2100/HS_H08_20220726_2100_B13_FLDK_R20_S0610.DAT.bz2"", ""AHI-L1b-FLDK/2022/07/26/2100/HS_H08_20220726_2100_B13_FLDK_R20_S0710.DAT.bz2"", ""AHI-L1b-FLDK/2022/07/26/2100/HS_H08_20220726_2100_B13_FLDK_R20_S0810.DAT.bz2"", ""AHI-L1b-FLDK/2022/07/26/2100/HS_H08_20220726_2100_B13_FLDK_R20_S0910.DAT.bz2"", ""AHI-L1b-FLDK/2022/07/26/2100/HS_H08_20220726_2100_B13_FLDK_R20_S1010.DAT.bz2""]","[""/workspace/scratch/aa764eb01872/data/raw/himawari/2022/07/26/2100/HS_H08_20220726_2100_B13_FLDK_R20_S0110.DAT.bz2"", ""/workspace/scratch/aa764eb01872/data/raw/himawari/2022/07/26/2100/HS_H08_20220726_2100_B13_FLDK_R20_S0210.DAT.bz2"", ""/workspace/scratch/aa764eb01872/data/raw/himawari/2022/07/26/2100/HS_H08_20220726_2100_B13_FLDK_R20_S0310.DAT.bz2"", ""/workspace/scratch/aa764eb01872/data/raw/himawari/2022/07/26/2100/HS_H08_20220726_2100_B13_FLDK_R20_S0410.DAT.bz2"", ""/workspace/scratch/aa764eb01872/data/raw/himawari/2022/07/26/2100/HS_H08_20220726_2100_B13_FLDK_R20_S0510.DAT.bz2"", ""/workspace/scratch/aa764eb01872/data/raw/himawari/2022/07/26/2100/HS_H08_20220726_2100_B13_FLDK_R20_S0610.DAT.bz2"", ""/workspace/scratch/aa764eb01872/data/raw/himawari/2022/07/26/2100/HS_H08_20220726_2100_B13_FLDK_R20_S0710.DAT.bz2"", ""/workspace/scratch/aa764eb01872/data/raw/himawari/2022/07/26/2100/HS_H08_20220726_2100_B13_FLDK_R20_S0810.DAT.bz2"", ""/workspace/scratch/aa764eb01872/data/raw/himawari/2022/07/26/2100/HS_H08_20220726_2100_B13_FLDK_R20_S0910.DAT.bz2"", ""/workspace/scratch/aa764eb01872/data/raw/himawari/2022/07/26/2100/HS_H08_20220726_2100_B13_FLDK_R20_S1010.DAT.bz2""]",2,1.0,243.60890197753906,184.01644897460938,0.4402475060998765,0.17375250160694122,0.19395938515663147,0.3698868103018125,0.8923314503373418,117,4.452901998097051,162.7583685953796,346.8587341308594
2022208N15143,SONGDA,0,2022-07-29T12:00:00+00:00,72h_after_first_track,2022-07-27T00:00:00+00:00,-60,15.6,142.3,10,AHI-L1b-FLDK/2022/07/27/0000/HS_H08_20220727_0000_B13_FLDK_R20_S0110.DAT.bz2,/workspace/scratch/aa764eb01872/data/raw/himawari/2022/07/27/0000/HS_H08_20220727_0000_B13_FLDK_R20_S0110.DAT.bz2,"[""AHI-L1b-FLDK/2022/07/27/0000/HS_H08_20220727_0000_B13_FLDK_R20_S0110.DAT.bz2"", ""AHI-L1b-FLDK/2022/07/27/0000/HS_H08_20220727_0000_B13_FLDK_R20_S0210.DAT.bz2"", ""AHI-L1b-FLDK/2022/07/27/0000/HS_H08_20220727_0000_B13_FLDK_R20_S0310.DAT.bz2"", ""AHI-L1b-FLDK/2022/07/27/0000/HS_H08_20220727_0000_B13_FLDK_R20_S0410.DAT.bz2"", ""AHI-L1b-FLDK/2022/07/27/0000/HS_H08_20220727_0000_B13_FLDK_R20_S0510.DAT.bz2"", ""AHI-L1b-FLDK/2022/07/27/0000/HS_H08_20220727_0000_B13_FLDK_R20_S0610.DAT.bz2"", ""AHI-L1b-FLDK/2022/07/27/0000/HS_H08_20220727_0000_B13_FLDK_R20_S0710.DAT.bz2"", ""AHI-L1b-FLDK/2022/07/27/0000/HS_H08_20220727_0000_B13_FLDK_R20_S0810.DAT.bz2"", ""AHI-L1b-FLDK/2022/07/27/0000/HS_H08_20220727_0000_B13_FLDK_R20_S0910.DAT.bz2"", ""AHI-L1b-FLDK/2022/07/27/0000/HS_H08_20220727_0000_B13_FLDK_R20_S1010.DAT.bz2""]","[""/workspace/scratch/aa764eb01872/data/raw/himawari/2022/07/27/0000/HS_H08_20220727_0000_B13_FLDK_R20_S0110.DAT.bz2"", ""/workspace/scratch/aa764eb01872/data/raw/himawari/2022/07/27/0000/HS_H08_20220727_0000_B13_FLDK_R20_S0210.DAT.bz2"", ""/workspace/scratch/aa764eb01872/data/raw/himawari/2022/07/27/0000/HS_H08_20220727_0000_B13_FLDK_R20_S0310.DAT.bz2"", ""/workspace/scratch/aa764eb01872/data/raw/himawari/2022/07/27/0000/HS_H08_20220727_0000_B13_FLDK_R20_S0410.DAT.bz2"", ""/workspace/scratch/aa764eb01872/data/raw/himawari/2022/07/27/0000/HS_H08_20220727_0000_B13_FLDK_R20_S0510.DAT.bz2"", ""/workspace/scratch/aa764eb01872/data/raw/himawari/2022/07/27/0000/HS_H08_20220727_0000_B13_FLDK_R20_S0610.DAT.bz2"", ""/workspace/scratch/aa764eb01872/data/raw/himawari/2022/07/27/0000/HS_H08_20220727_0000_B13_FLDK_R20_S0710.DAT.bz2"", ""/workspace/scratch/aa764eb01872/data/raw/himawari/2022/07/27/0000/HS_H08_20220727_0000_B13_FLDK_R20_S0810.DAT.bz2"", ""/workspace/scratch/aa764eb01872/data/raw/himawari/2022/07/27/0000/HS_H08_20220727_0000_B13_FLDK_R20_S0910.DAT.bz2"", ""/workspace/scratch/aa764eb01872/data/raw/himawari/2022/07/27/0000/HS_H08_20220727_0000_B13_FLDK_R20_S1010.DAT.bz2""]",2,1.0,242.08102416992188,184.18846130371094,0.4679494112423531,0.18458878993988037,0.17677591741085052,0.46227769980296407,0.8474312288531057,74,2.820315417978368,117.6448412960268,359.2370300292969
2022208N15143,SONGDA,0,2022-07-29T12:00:00+00:00,72h_after_first_track,2022-07-27T03:00:00+00:00,-57,16.0,142.0,10,AHI-L1b-FLDK/2022/07/27/0300/HS_H08_20220727_0300_B13_FLDK_R20_S0110.DAT.bz2,/workspace/scratch/aa764eb01872/data/raw/himawari/2022/07/27/0300/HS_H08_20220727_0300_B13_FLDK_R20_S0110.DAT.bz2,"[""AHI-L1b-FLDK/2022/07/27/0300/HS_H08_20220727_0300_B13_FLDK_R20_S0110.DAT.bz2"", ""AHI-L1b-FLDK/2022/07/27/0300/HS_H08_20220727_0300_B13_FLDK_R20_S0210.DAT.bz2"", ""AHI-L1b-FLDK/2022/07/27/0300/HS_H08_20220727_0300_B13_FLDK_R20_S0310.DAT.bz2"", ""AHI-L1b-FLDK/2022/07/27/0300/HS_H08_20220727_0300_B13_FLDK_R20_S0410.DAT.bz2"", ""AHI-L1b-FLDK/2022/07/27/0300/HS_H08_20220727_0300_B13_FLDK_R20_S0510.DAT.bz2"", ""AHI-L1b-FLDK/2022/07/27/0300/HS_H08_20220727_0300_B13_FLDK_R20_S0610.DAT.bz2"", ""AHI-L1b-FLDK/2022/07/27/0300/HS_H08_20220727_0300_B13_FLDK_R20_S0710.DAT.bz2"", ""AHI-L1b-FLDK/2022/07/27/0300/HS_H08_20220727_0300_B13_FLDK_R20_S0810.DAT.bz2"", ""AHI-L1b-FLDK/2022/07/27/0300/HS_H08_20220727_0300_B13_FLDK_R20_S0910.DAT.bz2"", ""AHI-L1b-FLDK/2022/07/27/0300/HS_H08_20220727_0300_B13_FLDK_R20_S1010.DAT.bz2""]","[""/workspace/scratch/aa764eb01872/data/raw/himawari/2022/07/27/0300/HS_H08_20220727_0300_B13_FLDK_R20_S0110.DAT.bz2"", ""/workspace/scratch/aa764eb01872/data/raw/himawari/2022/07/27/0300/HS_H08_20220727_0300_B13_FLDK_R20_S0210.DAT.bz2"", ""/workspace/scratch/aa764eb01872/data/raw/himawari/2022/07/27/0300/HS_H08_20220727_0300_B13_FLDK_R20_S0310.DAT.bz2"", ""/workspace/scratch/aa764eb01872/data/raw/himawari/2022/07/27/0300/HS_H08_20220727_0300_B13_FLDK_R20_S0410.DAT.bz2"", ""/workspace/scratch/aa764eb01872/data/raw/himawari/2022/07/27/0300/HS_H08_20220727_0300_B13_FLDK_R20_S0510.DAT.bz2"", ""/workspace/scratch/aa764eb01872/data/raw/himawari/2022/07/27/0300/HS_H08_20220727_0300_B13_FLDK_R20_S0610.DAT.bz2"", ""/workspace/scratch/aa764eb01872/data/raw/himawari/2022/07/27/0300/HS_H08_20220727_0300_B13_FLDK_R20_S0710.DAT.bz2"", ""/workspace/scratch/aa764eb01872/data/raw/himawari/2022/07/27/0300/HS_H08_20220727_0300_B13_FLDK_R20_S0810.DAT.bz2"", ""/workspace/scratch/aa764eb01872/data/raw/himawari/2022/07/27/0300/HS_H08_20220727_0300_B13_FLDK_R20_S0910.DAT.bz2"", ""/workspace/scratch/aa764eb01872/data/raw/himawari/2022/07/27/0300/HS_H08_20220727_0300_B13_FLDK_R20_S1010.DAT.bz2""]",2,1.0,239.13230895996094,184.01644897460938,0.5130877197259491,0.18548525869846344,0.16574324667453766,0.5464340353696906,0.7238222637070323,80,3.0587119763867436,81.76947034198288,370.2956848144531
2022208N15143,SONGDA,0,2022-07-29T12:00:00+00:00,72h_after_first_track,2022-07-27T06:00:00+00:00,-54,16.5,141.6,10,AHI-L1b-FLDK/2022/07/27/0600/HS_H08_20220727_0600_B13_FLDK_R20_S0110.DAT.bz2,/workspace/scratch/aa764eb01872/data/raw/himawari/2022/07/27/0600/HS_H08_20220727_0600_B13_FLDK_R20_S0110.DAT.bz2,"[""AHI-L1b-FLDK/2022/07/27/0600/HS_H08_20220727_0600_B13_FLDK_R20_S0110.DAT.bz2"", ""AHI-L1b-FLDK/2022/07/27/0600/HS_H08_20220727_0600_B13_FLDK_R20_S0210.DAT.bz2"", ""AHI-L1b-FLDK/2022/07/27/0600/HS_H08_20220727_0600_B13_FLDK_R20_S0310.DAT.bz2"", ""AHI-L1b-FLDK/2022/07/27/0600/HS_H08_20220727_0600_B13_FLDK_R20_S0410.DAT.bz2"", ""AHI-L1b-FLDK/2022/07/27/0600/HS_H08_20220727_0600_B13_FLDK_R20_S0510.DAT.bz2"", ""AHI-L1b-FLDK/2022/07/27/0600/HS_H08_20220727_0600_B13_FLDK_R20_S0610.DAT.bz2"", ""AHI-L1b-FLDK/2022/07/27/0600/HS_H08_20220727_0600_B13_FLDK_R20_S0710.DAT.bz2"", ""AHI-L1b-FLDK/2022/07/27/0600/HS_H08_20220727_0600_B13_FLDK_R20_S0810.DAT.bz2"", ""AHI-L1b-FLDK/2022/07/27/0600/HS_H08_20220727_0600_B13_FLDK_R20_S0910.DAT.bz2"", ""AHI-L1b-FLDK/2022/07/27/0600/HS_H08_20220727_0600_B13_FLDK_R20_S1010.DAT.bz2""]","[""/workspace/scratch/aa764eb01872/data/raw/himawari/2022/07/27/0600/HS_H08_20220727_0600_B13_FLDK_R20_S0110.DAT.bz2"", ""/workspace/scratch/aa764eb01872/data/raw/himawari/2022/07/27/0600/HS_H08_20220727_0600_B13_FLDK_R20_S0210.DAT.bz2"", ""/workspace/scratch/aa764eb01872/data/raw/himawari/2022/07/27/0600/HS_H08_20220727_0600_B13_FLDK_R20_S0310.DAT.bz2"", ""/workspace/scratch/aa764eb01872/data/raw/himawari/2022/07/27/0600/HS_H08_20220727_0600_B13_FLDK_R20_S0410.DAT.bz2"", ""/workspace/scratch/aa764eb01872/data/raw/himawari/2022/07/27/0600/HS_H08_20220727_0600_B13_FLDK_R20_S0510.DAT.bz2"", ""/workspace/scratch/aa764eb01872/data/raw/himawari/2022/07/27/0600/HS_H08_20220727_0600_B13_FLDK_R20_S0610.DAT.bz2"", ""/workspace/scratch/aa764eb01872/data/raw/himawari/2022/07/27/0600/HS_H08_20220727_0600_B13_FLDK_R20_S0710.DAT.bz2"", ""/workspace/scratch/aa764eb01872/data/raw/himawari/2022/07/27/0600/HS_H08_20220727_0600_B13_FLDK_R20_S0810.DAT.bz2"", ""/workspace/scratch/aa764eb01872/data/raw/himawari/2022/07/27/0600/HS_H08_20220727_0600_B13_FLDK_R20_S0910.DAT.bz2"", ""/workspace/scratch/aa764eb01872/data/raw/himawari/2022/07/27/0600/HS_H08_20220727_0600_B13_FLDK_R20_S1010.DAT.bz2""]",2,1.0,237.292724609375,184.86773681640625,0.5432279354198064,0.1463695764541626,0.14465391635894775,0.5934101004476965,0.6759014294185376,86,3.3015210030481486,78.36664413870558,381.1350402832031
2022208N15143,SONGDA,0,2022-07-29T12:00:00+00:00,72h_after_first_track,2022-07-27T09:00:00+00:00,-51,17.0,141.3,10,AHI-L1b-FLDK/2022/07/27/0900/HS_H08_20220727_0900_B13_FLDK_R20_S0110.DAT.bz2,/workspace/scratch/aa764eb01872/data/raw/himawari/2022/07/27/0900/HS_H08_20220727_0900_B13_FLDK_R20_S0110.DAT.bz2,"[""AHI-L1b-FLDK/2022/07/27/0900/HS_H08_20220727_0900_B13_FLDK_R20_S0110.DAT.bz2"", ""AHI-L1b-FLDK/2022/07/27/0900/HS_H08_20220727_0900_B13_FLDK_R20_S0210.DAT.bz2"", ""AHI-L1b-FLDK/2022/07/27/0900/HS_H08_20220727_0900_B13_FLDK_R20_S0310.DAT.bz2"", ""AHI-L1b-FLDK/2022/07/27/0900/HS_H08_20220727_0900_B13_FLDK_R20_S0410.DAT.bz2"", ""AHI-L1b-FLDK/2022/07/27/0900/HS_H08_20220727_0900_B13_FLDK_R20_S0510.DAT.bz2"", ""AHI-L1b-FLDK/2022/07/27/0900/HS_H08_20220727_0900_B13_FLDK_R20_S0610.DAT.bz2"", ""AHI-L1b-FLDK/2022/07/27/0900/HS_H08_20220727_0900_B13_FLDK_R20_S0710.DAT.bz2"", ""AHI-L1b-FLDK/2022/07/27/0900/HS_H08_20220727_0900_B13_FLDK_R20_S0810.DAT.bz2"", ""AHI-L1b-FLDK/2022/07/27/0900/HS_H08_20220727_0900_B13_FLDK_R20_S0910.DAT.bz2"", ""AHI-L1b-FLDK/2022/07/27/0900/HS_H08_20220727_0900_B13_FLDK_R20_S1010.DAT.bz2""]","[""/workspace/scratch/aa764eb01872/data/raw/himawari/2022/07/27/0900/HS_H08_20220727_0900_B13_FLDK_R20_S0110.DAT.bz2"", ""/workspace/scratch/aa764eb01872/data/raw/himawari/2022/07/27/0900/HS_H08_20220727_0900_B13_FLDK_R20_S0210.DAT.bz2"", ""/workspace/scratch/aa764eb01872/data/raw/himawari/2022/07/27/0900/HS_H08_20220727_0900_B13_FLDK_R20_S0310.DAT.bz2"", ""/workspace/scratch/aa764eb01872/data/raw/himawari/2022/07/27/0900/HS_H08_20220727_0900_B13_FLDK_R20_S0410.DAT.bz2"", ""/workspace/scratch/aa764eb01872/data/raw/himawari/2022/07/27/0900/HS_H08_20220727_0900_B13_FLDK_R20_S0510.DAT.bz2"", ""/workspace/scratch/aa764eb01872/data/raw/himawari/2022/07/27/0900/HS_H08_20220727_0900_B13_FLDK_R20_S0610.DAT.bz2"", ""/workspace/scratch/aa764eb01872/data/raw/himawari/2022/07/27/0900/HS_H08_20220727_0900_B13_FLDK_R20_S0710.DAT.bz2"", ""/workspace/scratch/aa764eb01872/data/raw/himawari/2022/07/27/0900/HS_H08_20220727_0900_B13_FLDK_R20_S0810.DAT.bz2"", ""/workspace/scratch/aa764eb01872/data/raw/himawari/2022/07/27/0900/HS_H08_20220727_0900_B13_FLDK_R20_S0910.DAT.bz2"", ""/workspace/scratch/aa764eb01872/data/raw/himawari/2022/07/27/0900/HS_H08_20220727_0900_B13_FLDK_R20_S1010.DAT.bz2""]",2,1.0,239.2620391845703,182.786865234375,0.47523500171787186,0.19868583977222443,0.1445477157831192,0.3954609870354847,0.941210418621707,51,1.9664773450242339,79.53833866736234,381.6466369628906
2022208N15143,SONGDA,0,2022-07-29T12:00:00+00:00,72h_after_first_track,2022-07-27T12:00:00+00:00,-48,17.5,141.0,10,AHI-L1b-FLDK/2022/07/27/1200/HS_H08_20220727_1200_B13_FLDK_R20_S0110.DAT.bz2,/workspace/scratch/aa764eb01872/data/raw/himawari/2022/07/27/1200/HS_H08_20220727_1200_B13_FLDK_R20_S0110.DAT.bz2,"[""AHI-L1b-FLDK/2022/07/27/1200/HS_H08_20220727_1200_B13_FLDK_R20_S0110.DAT.bz2"", ""AHI-L1b-FLDK/2022/07/27/1200/HS_H08_20220727_1200_B13_FLDK_R20_S0210.DAT.bz2"", ""AHI-L1b-FLDK/2022/07/27/1200/HS_H08_20220727_1200_B13_FLDK_R20_S0310.DAT.bz2"", ""AHI-L1b-FLDK/2022/07/27/1200/HS_H08_20220727_1200_B13_FLDK_R20_S0410.DAT.bz2"", ""AHI-L1b-FLDK/2022/07/27/1200/HS_H08_20220727_1200_B13_FLDK_R20_S0510.DAT.bz2"", ""AHI-L1b-FLDK/2022/07/27/1200/HS_H08_20220727_1200_B13_FLDK_R20_S0610.DAT.bz2"", ""AHI-L1b-FLDK/2022/07/27/1200/HS_H08_20220727_1200_B13_FLDK_R20_S0710.DAT.bz2"", ""AHI-L1b-FLDK/2022/07/27/1200/HS_H08_20220727_1200_B13_FLDK_R20_S0810.DAT.bz2"", ""AHI-L1b-FLDK/2022/07/27/1200/HS_H08_20220727_1200_B13_FLDK_R20_S0910.DAT.bz2"", ""AHI-L1b-FLDK/2022/07/27/1200/HS_H08_20220727_1200_B13_FLDK_R20_S1010.DAT.bz2""]","[""/workspace/scratch/aa764eb01872/data/raw/himawari/2022/07/27/1200/HS_H08_20220727_1200_B13_FLDK_R20_S0110.DAT.bz2"", ""/workspace/scratch/aa764eb01872/data/raw/himawari/2022/07/27/1200/HS_H08_20220727_1200_B13_FLDK_R20_S0210.DAT.bz2"", ""/workspace/scratch/aa764eb01872/data/raw/himawari/2022/07/27/1200/HS_H08_20220727_1200_B13_FLDK_R20_S0310.DAT.bz2"", ""/workspace/scratch/aa764eb01872/data/raw/himawari/2022/07/27/1200/HS_H08_20220727_1200_B13_FLDK_R20_S0410.DAT.bz2"", ""/workspace/scratch/aa764eb01872/data/raw/himawari/2022/07/27/1200/HS_H08_20220727_1200_B13_FLDK_R20_S0510.DAT.bz2"", ""/workspace/scratch/aa764eb01872/data/raw/himawari/2022/07/27/1200/HS_H08_20220727_1200_B13_FLDK_R20_S0610.DAT.bz2"", ""/workspace/scratch/aa764eb01872/data/raw/himawari/2022/07/27/1200/HS_H08_20220727_1200_B13_FLDK_R20_S0710.DAT.bz2"", ""/workspace/scratch/aa764eb01872/data/raw/himawari/2022/07/27/1200/HS_H08_20220727_1200_B13_FLDK_R20_S0810.DAT.bz2"", ""/workspace/scratch/aa764eb01872/data/raw/himawari/2022/07/27/1200/HS_H08_20220727_1200_B13_FLDK_R20_S0910.DAT.bz2"", ""/workspace/scratch/aa764eb01872/data/raw/himawari/2022/07/27/1200/HS_H08_20220727_1200_B13_FLDK_R20_S1010.DAT.bz2""]",2,1.0,239.85707092285156,182.786865234375,0.49965285246175645,0.2777257263660431,0.1691449135541916,0.4668828605512908,0.9873927150749526,28,1.084661721125724,45.3209745655279,358.9579772949219
2022208N15143,SONGDA,0,2022-07-29T12:00:00+00:00,72h_after_first_track,2022-07-27T15:00:00+00:00,-45,18.0,140.8,10,AHI-L1b-FLDK/2022/07/27/1500/HS_H08_20220727_1500_B13_FLDK_R20_S0110.DAT.bz2,/workspace/scratch/aa764eb01872/data/raw/himawari/2022/07/27/1500/HS_H08_20220727_1500_B13_FLDK_R20_S0110.DAT.bz2,"[""AHI-L1b-FLDK/2022/07/27/1500/HS_H08_20220727_1500_B13_FLDK_R20_S0110.DAT.bz2"", ""AHI-L1b-FLDK/2022/07/27/1500/HS_H08_20220727_1500_B13_FLDK_R20_S0210.DAT.bz2"", ""AHI-L1b-FLDK/2022/07/27/1500/HS_H08_20220727_1500_B13_FLDK_R20_S0310.DAT.bz2"", ""AHI-L1b-FLDK/2022/07/27/1500/HS_H08_20220727_1500_B13_FLDK_R20_S0410.DAT.bz2"", ""AHI-L1b-FLDK/2022/07/27/1500/HS_H08_20220727_1500_B13_FLDK_R20_S0510.DAT.bz2"", ""AHI-L1b-FLDK/2022/07/27/1500/HS_H08_20220727_1500_B13_FLDK_R20_S0610.DAT.bz2"", ""AHI-L1b-FLDK/2022/07/27/1500/HS_H08_20220727_1500_B13_FLDK_R20_S0710.DAT.bz2"", ""AHI-L1b-FLDK/2022/07/27/1500/HS_H08_20220727_1500_B13_FLDK_R20_S0810.DAT.bz2"", ""AHI-L1b-FLDK/2022/07/27/1500/HS_H08_20220727_1500_B13_FLDK_R20_S0910.DAT.bz2"", ""AHI-L1b-FLDK/2022/07/27/1500/HS_H08_20220727_1500_B13_FLDK_R20_S1010.DAT.bz2""]","[""/workspace/scratch/aa764eb01872/data/raw/himawari/2022/07/27/1500/HS_H08_20220727_1500_B13_FLDK_R20_S0110.DAT.bz2"", ""/workspace/scratch/aa764eb01872/data/raw/himawari/2022/07/27/1500/HS_H08_20220727_1500_B13_FLDK_R20_S0210.DAT.bz2"", ""/workspace/scratch/aa764eb01872/data/raw/himawari/2022/07/27/1500/HS_H08_20220727_1500_B13_FLDK_R20_S0310.DAT.bz2"", ""/workspace/scratch/aa764eb01872/data/raw/himawari/2022/07/27/1500/HS_H08_20220727_1500_B13_FLDK_R20_S0410.DAT.bz2"", ""/workspace/scratch/aa764eb01872/data/raw/himawari/2022/07/27/1500/HS_H08_20220727_1500_B13_FLDK_R20_S0510.DAT.bz2"", ""/workspace/scratch/aa764eb01872/data/raw/himawari/2022/07/27/1500/HS_H08_20220727_1500_B13_FLDK_R20_S0610.DAT.bz2"", ""/workspace/scratch/aa764eb01872/data/raw/himawari/2022/07/27/1500/HS_H08_20220727_1500_B13_FLDK_R20_S0710.DAT.bz2"", ""/workspace/scratch/aa764eb01872/data/raw/himawari/2022/07/27/1500/HS_H08_20220727_1500_B13_FLDK_R20_S0810.DAT.bz2"", ""/workspace/scratch/aa764eb01872/data/raw/himawari/2022/07/27/1500/HS_H08_20220727_1500_B13_FLDK_R20_S0910.DAT.bz2"", ""/workspace/scratch/aa764eb01872/data/raw/himawari/2022/07/27/1500/HS_H08_20220727_1500_B13_FLDK_R20_S1010.DAT.bz2""]",2,1.0,233.53939819335938,185.69808959960938,0.6160574933108921,0.25482431054115295,0.14380037784576416,0.4981879699522317,0.985528614347272,21,0.8174036923292503,86.08633984535686,366.6742248535156
2022208N15143,SONGDA,0,2022-07-29T12:00:00+00:00,72h_after_first_track,2022-07-27T18:00:00+00:00,-42,18.5,140.7,10,AHI-L1b-FLDK/2022/07/27/1800/HS_H08_20220727_1800_B13_FLDK_R20_S0110.DAT.bz2,/workspace/scratch/aa764eb01872/data/raw/himawari/2022/07/27/1800/HS_H08_20220727_1800_B13_FLDK_R20_S0110.DAT.bz2,"[""AHI-L1b-FLDK/2022/07/27/1800/HS_H08_20220727_1800_B13_FLDK_R20_S0110.DAT.bz2"", ""AHI-L1b-FLDK/2022/07/27/1800/HS_H08_20220727_1800_B13_FLDK_R20_S0210.DAT.bz2"", ""AHI-L1b-FLDK/2022/07/27/1800/HS_H08_20220727_1800_B13_FLDK_R20_S0310.DAT.bz2"", ""AHI-L1b-FLDK/2022/07/27/1800/HS_H08_20220727_1800_B13_FLDK_R20_S0410.DAT.bz2"", ""AHI-L1b-FLDK/2022/07/27/1800/HS_H08_20220727_1800_B13_FLDK_R20_S0510.DAT.bz2"", ""AHI-L1b-FLDK/2022/07/27/1800/HS_H08_20220727_1800_B13_FLDK_R20_S0610.DAT.bz2"", ""AHI-L1b-FLDK/2022/07/27/1800/HS_H08_20220727_1800_B13_FLDK_R20_S0710.DAT.bz2"", ""AHI-L1b-FLDK/2022/07/27/1800/HS_H08_20220727_1800_B13_FLDK_R20_S0810.DAT.bz2"", ""AHI-L1b-FLDK/2022/07/27/1800/HS_H08_20220727_1800_B13_FLDK_R20_S0910.DAT.bz2"", ""AHI-L1b-FLDK/2022/07/27/1800/HS_H08_20220727_1800_B13_FLDK_R20_S1010.DAT.bz2""]","[""/workspace/scratch/aa764eb01872/data/raw/himawari/2022/07/27/1800/HS_H08_20220727_1800_B13_FLDK_R20_S0110.DAT.bz2"", ""/workspace/scratch/aa764eb01872/data/raw/himawari/2022/07/27/1800/HS_H08_20220727_1800_B13_FLDK_R20_S0210.DAT.bz2"", ""/workspace/scratch/aa764eb01872/data/raw/himawari/2022/07/27/1800/HS_H08_20220727_1800_B13_FLDK_R20_S0310.DAT.bz2"", ""/workspace/scratch/aa764eb01872/data/raw/himawari/2022/07/27/1800/HS_H08_20220727_1800_B13_FLDK_R20_S0410.DAT.bz2"", ""/workspace/scratch/aa764eb01872/data/raw/himawari/2022/07/27/1800/HS_H08_20220727_1800_B13_FLDK_R20_S0510.DAT.bz2"", ""/workspace/scratch/aa764eb01872/data/raw/himawari/2022/07/27/1800/HS_H08_20220727_1800_B13_FLDK_R20_S0610.DAT.bz2"", ""/workspace/scratch/aa764eb01872/data/raw/himawari/2022/07/27/1800/HS_H08_20220727_1800_B13_FLDK_R20_S0710.DAT.bz2"", ""/workspace/scratch/aa764eb01872/data/raw/himawari/2022/07/27/1800/HS_H08_20220727_1800_B13_FLDK_R20_S0810.DAT.bz2"", ""/workspace/scratch/aa764eb01872/data/raw/himawari/2022/07/27/1800/HS_H08_20220727_1800_B13_FLDK_R20_S0910.DAT.bz2"", ""/workspace/scratch/aa764eb01872/data/raw/himawari/2022/07/27/1800/HS_H08_20220727_1800_B13_FLDK_R20_S1010.DAT.bz2""]",2,1.0,236.96592712402344,186.66848754882812,0.5567447857067455,0.19702096283435822,0.1371856927871704,0.45230746628539353,0.9848648017357496,24,0.9387981818608545,99.25545470044064,371.86614990234375
2022208N15143,SONGDA,0,2022-07-29T12:00:00+00:00,72h_after_first_track,2022-07-27T21:00:00+00:00,-39,19.0,140.5,10,AHI-L1b-FLDK/2022/07/27/2100/HS_H08_20220727_2100_B13_FLDK_R20_S0110.DAT.bz2,/workspace/scratch/aa764eb01872/data/raw/himawari/2022/07/27/2100/HS_H08_20220727_2100_B13_FLDK_R20_S0110.DAT.bz2,"[""AHI-L1b-FLDK/2022/07/27/2100/HS_H08_20220727_2100_B13_FLDK_R20_S0110.DAT.bz2"", ""AHI-L1b-FLDK/2022/07/27/2100/HS_H08_20220727_2100_B13_FLDK_R20_S0210.DAT.bz2"", ""AHI-L1b-FLDK/2022/07/27/2100/HS_H08_20220727_2100_B13_FLDK_R20_S0310.DAT.bz2"", ""AHI-L1b-FLDK/2022/07/27/2100/HS_H08_20220727_2100_B13_FLDK_R20_S0410.DAT.bz2"", ""AHI-L1b-FLDK/2022/07/27/2100/HS_H08_20220727_2100_B13_FLDK_R20_S0510.DAT.bz2"", ""AHI-L1b-FLDK/2022/07/27/2100/HS_H08_20220727_2100_B13_FLDK_R20_S0610.DAT.bz2"", ""AHI-L1b-FLDK/2022/07/27/2100/HS_H08_20220727_2100_B13_FLDK_R20_S0710.DAT.bz2"", ""AHI-L1b-FLDK/2022/07/27/2100/HS_H08_20220727_2100_B13_FLDK_R20_S0810.DAT.bz2"", ""AHI-L1b-FLDK/2022/07/27/2100/HS_H08_20220727_2100_B13_FLDK_R20_S0910.DAT.bz2"", ""AHI-L1b-FLDK/2022/07/27/2100/HS_H08_20220727_2100_B13_FLDK_R20_S1010.DAT.bz2""]","[""/workspace/scratch/aa764eb01872/data/raw/himawari/2022/07/27/2100/HS_H08_20220727_2100_B13_FLDK_R20_S0110.DAT.bz2"", ""/workspace/scratch/aa764eb01872/data/raw/himawari/2022/07/27/2100/HS_H08_20220727_2100_B13_FLDK_R20_S0210.DAT.bz2"", ""/workspace/scratch/aa764eb01872/data/raw/himawari/2022/07/27/2100/HS_H08_20220727_2100_B13_FLDK_R20_S0310.DAT.bz2"", ""/workspace/scratch/aa764eb01872/data/raw/himawari/2022/07/27/2100/HS_H08_20220727_2100_B13_FLDK_R20_S0410.DAT.bz2"", ""/workspace/scratch/aa764eb01872/data/raw/himawari/2022/07/27/2100/HS_H08_20220727_2100_B13_FLDK_R20_S0510.DAT.bz2"", ""/workspace/scratch/aa764eb01872/data/raw/himawari/2022/07/27/2100/HS_H08_20220727_2100_B13_FLDK_R20_S0610.DAT.bz2"", ""/workspace/scratch/aa764eb01872/data/raw/himawari/2022/07/27/2100/HS_H08_20220727_2100_B13_FLDK_R20_S0710.DAT.bz2"", ""/workspace/scratch/aa764eb01872/data/raw/himawari/2022/07/27/2100/HS_H08_20220727_2100_B13_FLDK_R20_S0810.DAT.bz2"", ""/workspace/scratch/aa764eb01872/data/raw/himawari/2022/07/27/2100/HS_H08_20220727_2100_B13_FLDK_R20_S0910.DAT.bz2"", ""/workspace/scratch/aa764eb01872/data/raw/himawari/2022/07/27/2100/HS_H08_20220727_2100_B13_FLDK_R20_S1010.DAT.bz2""]",2,1.0,243.807861328125,187.45677185058594,0.4370922258433782,0.15444187819957733,0.16654399037361145,0.34879604696303224,0.9563368339318215,38,1.4940748138304147,84.88495926311042,356.946533203125
2022208N15143,SONGDA,0,2022-07-29T12:00:00+00:00,72h_after_first_track,2022-07-28T00:00:00+00:00,-36,19.5,140.3,10,AHI-L1b-FLDK/2022/07/28/0000/HS_H08_20220728_0000_B13_FLDK_R20_S0110.DAT.bz2,/workspace/scratch/aa764eb01872/data/raw/himawari/2022/07/28/0000/HS_H08_20220728_0000_B13_FLDK_R20_S0110.DAT.bz2,"[""AHI-L1b-FLDK/2022/07/28/0000/HS_H08_20220728_0000_B13_FLDK_R20_S0110.DAT.bz2"", ""AHI-L1b-FLDK/2022/07/28/0000/HS_H08_20220728_0000_B13_FLDK_R20_S0210.DAT.bz2"", ""AHI-L1b-FLDK/2022/07/28/0000/HS_H08_20220728_0000_B13_FLDK_R20_S0310.DAT.bz2"", ""AHI-L1b-FLDK/2022/07/28/0000/HS_H08_20220728_0000_B13_FLDK_R20_S0410.DAT.bz2"", ""AHI-L1b-FLDK/2022/07/28/0000/HS_H08_20220728_0000_B13_FLDK_R20_S0510.DAT.bz2"", ""AHI-L1b-FLDK/2022/07/28/0000/HS_H08_20220728_0000_B13_FLDK_R20_S0610.DAT.bz2"", ""AHI-L1b-FLDK/2022/07/28/0000/HS_H08_20220728_0000_B13_FLDK_R20_S0710.DAT.bz2"", ""AHI-L1b-FLDK/2022/07/28/0000/HS_H08_20220728_0000_B13_FLDK_R20_S0810.DAT.bz2"", ""AHI-L1b-FLDK/2022/07/28/0000/HS_H08_20220728_0000_B13_FLDK_R20_S0910.DAT.bz2"", ""AHI-L1b-FLDK/2022/07/28/0000/HS_H08_20220728_0000_B13_FLDK_R20_S1010.DAT.bz2""]","[""/workspace/scratch/aa764eb01872/data/raw/himawari/2022/07/28/0000/HS_H08_20220728_0000_B13_FLDK_R20_S0110.DAT.bz2"", ""/workspace/scratch/aa764eb01872/data/raw/himawari/2022/07/28/0000/HS_H08_20220728_0000_B13_FLDK_R20_S0210.DAT.bz2"", ""/workspace/scratch/aa764eb01872/data/raw/himawari/2022/07/28/0000/HS_H08_20220728_0000_B13_FLDK_R20_S0310.DAT.bz2"", ""/workspace/scratch/aa764eb01872/data/raw/himawari/2022/07/28/0000/HS_H08_20220728_0000_B13_FLDK_R20_S0410.DAT.bz2"", ""/workspace/scratch/aa764eb01872/data/raw/himawari/2022/07/28/0000/HS_H08_20220728_0000_B13_FLDK_R20_S0510.DAT.bz2"", ""/workspace/scratch/aa764eb01872/data/raw/himawari/2022/07/28/0000/HS_H08_20220728_0000_B13_FLDK_R20_S0610.DAT.bz2"", ""/workspace/scratch/aa764eb01872/data/raw/himawari/2022/07/28/0000/HS_H08_20220728_0000_B13_FLDK_R20_S0710.DAT.bz2"", ""/workspace/scratch/aa764eb01872/data/raw/himawari/2022/07/28/0000/HS_H08_20220728_0000_B13_FLDK_R20_S0810.DAT.bz2"", ""/workspace/scratch/aa764eb01872/data/raw/himawari/2022/07/28/0000/HS_H08_20220728_0000_B13_FLDK_R20_S0910.DAT.bz2"", ""/workspace/scratch/aa764eb01872/data/raw/himawari/2022/07/28/0000/HS_H08_20220728_0000_B13_FLDK_R20_S1010.DAT.bz2""]",2,1.0,250.31997680664062,185.86170959472656,0.3608293043543126,0.10577286034822464,0.1972644180059433,0.2280379215584566,0.8106980005518807,69,2.7272727272727275,107.5117463452216,350.4659118652344
2022208N15143,SONGDA,0,2022-07-29T12:00:00+00:00,72h_after_first_track,2022-07-28T03:00:00+00:00,-33,20.0,140.1,10,AHI-L1b-FLDK/2022/07/28/0300/HS_H08_20220728_0300_B13_FLDK_R20_S0110.DAT.bz2,/workspace/scratch/aa764eb01872/data/raw/himawari/2022/07/28/0300/HS_H08_20220728_0300_B13_FLDK_R20_S0110.DAT.bz2,"[""AHI-L1b-FLDK/2022/07/28/0300/HS_H08_20220728_0300_B13_FLDK_R20_S0110.DAT.bz2"", ""AHI-L1b-FLDK/2022/07/28/0300/HS_H08_20220728_0300_B13_FLDK_R20_S0210.DAT.bz2"", ""AHI-L1b-FLDK/2022/07/28/0300/HS_H08_20220728_0300_B13_FLDK_R20_S0310.DAT.bz2"", ""AHI-L1b-FLDK/2022/07/28/0300/HS_H08_20220728_0300_B13_FLDK_R20_S0410.DAT.bz2"", ""AHI-L1b-FLDK/2022/07/28/0300/HS_H08_20220728_0300_B13_FLDK_R20_S0510.DAT.bz2"", ""AHI-L1b-FLDK/2022/07/28/0300/HS_H08_20220728_0300_B13_FLDK_R20_S0610.DAT.bz2"", ""AHI-L1b-FLDK/2022/07/28/0300/HS_H08_20220728_0300_B13_FLDK_R20_S0710.DAT.bz2"", ""AHI-L1b-FLDK/2022/07/28/0300/HS_H08_20220728_0300_B13_FLDK_R20_S0810.DAT.bz2"", ""AHI-L1b-FLDK/2022/07/28/0300/HS_H08_20220728_0300_B13_FLDK_R20_S0910.DAT.bz2"", ""AHI-L1b-FLDK/2022/07/28/0300/HS_H08_20220728_0300_B13_FLDK_R20_S1010.DAT.bz2""]","[""/workspace/scratch/aa764eb01872/data/raw/himawari/2022/07/28/0300/HS_H08_20220728_0300_B13_FLDK_R20_S0110.DAT.bz2"", ""/workspace/scratch/aa764eb01872/data/raw/himawari/2022/07/28/0300/HS_H08_20220728_0300_B13_FLDK_R20_S0210.DAT.bz2"", ""/workspace/scratch/aa764eb01872/data/raw/himawari/2022/07/28/0300/HS_H08_20220728_0300_B13_FLDK_R20_S0310.DAT.bz2"", ""/workspace/scratch/aa764eb01872/data/raw/himawari/2022/07/28/0300/HS_H08_20220728_0300_B13_FLDK_R20_S0410.DAT.bz2"", ""/workspace/scratch/aa764eb01872/data/raw/himawari/2022/07/28/0300/HS_H08_20220728_0300_B13_FLDK_R20_S0510.DAT.bz2"", ""/workspace/scratch/aa764eb01872/data/raw/himawari/2022/07/28/0300/HS_H08_20220728_0300_B13_FLDK_R20_S0610.DAT.bz2"", ""/workspace/scratch/aa764eb01872/data/raw/himawari/2022/07/28/0300/HS_H08_20220728_0300_B13_FLDK_R20_S0710.DAT.bz2"", ""/workspace/scratch/aa764eb01872/data/raw/himawari/2022/07/28/0300/HS_H08_20220728_0300_B13_FLDK_R20_S0810.DAT.bz2"", ""/workspace/scratch/aa764eb01872/data/raw/himawari/2022/07/28/0300/HS_H08_20220728_0300_B13_FLDK_R20_S0910.DAT.bz2"", ""/workspace/scratch/aa764eb01872/data/raw/himawari/2022/07/28/0300/HS_H08_20220728_0300_B13_FLDK_R20_S1010.DAT.bz2""]",2,1.0,252.64083862304688,186.50863647460938,0.3358548593657668,0.10641855001449585,0.2114722728729248,0.3665537393347813,0.6304894611073874,59,2.3445633946098887,84.70346729136757,353.43109130859375
2022208N15143,SONGDA,0,2022-07-29T12:00:00+00:00,72h_after_first_track,2022-07-28T06:00:00+00:00,-30,20.7,139.9,10,AHI-L1b-FLDK/2022/07/28/0600/HS_H08_20220728_0600_B13_FLDK_R20_S0110.DAT.bz2,/workspace/scratch/aa764eb01872/data/raw/himawari/2022/07/28/0600/HS_H08_20220728_0600_B13_FLDK_R20_S0110.DAT.bz2,"[""AHI-L1b-FLDK/2022/07/28/0600/HS_H08_20220728_0600_B13_FLDK_R20_S0110.DAT.bz2"", ""AHI-L1b-FLDK/2022/07/28/0600/HS_H08_20220728_0600_B13_FLDK_R20_S0210.DAT.bz2"", ""AHI-L1b-FLDK/2022/07/28/0600/HS_H08_20220728_0600_B13_FLDK_R20_S0310.DAT.bz2"", ""AHI-L1b-FLDK/2022/07/28/0600/HS_H08_20220728_0600_B13_FLDK_R20_S0410.DAT.bz2"", ""AHI-L1b-FLDK/2022/07/28/0600/HS_H08_20220728_0600_B13_FLDK_R20_S0510.DAT.bz2"", ""AHI-L1b-FLDK/2022/07/28/0600/HS_H08_20220728_0600_B13_FLDK_R20_S0610.DAT.bz2"", ""AHI-L1b-FLDK/2022/07/28/0600/HS_H08_20220728_0600_B13_FLDK_R20_S0710.DAT.bz2"", ""AHI-L1b-FLDK/2022/07/28/0600/HS_H08_20220728_0600_B13_FLDK_R20_S0810.DAT.bz2"", ""AHI-L1b-FLDK/2022/07/28/0600/HS_H08_20220728_0600_B13_FLDK_R20_S0910.DAT.bz2"", ""AHI-L1b-FLDK/2022/07/28/0600/HS_H08_20220728_0600_B13_FLDK_R20_S1010.DAT.bz2""]","[""/workspace/scratch/aa764eb01872/data/raw/himawari/2022/07/28/0600/HS_H08_20220728_0600_B13_FLDK_R20_S0110.DAT.bz2"", ""/workspace/scratch/aa764eb01872/data/raw/himawari/2022/07/28/0600/HS_H08_20220728_0600_B13_FLDK_R20_S0210.DAT.bz2"", ""/workspace/scratch/aa764eb01872/data/raw/himawari/2022/07/28/0600/HS_H08_20220728_0600_B13_FLDK_R20_S0310.DAT.bz2"", ""/workspace/scratch/aa764eb01872/data/raw/himawari/2022/07/28/0600/HS_H08_20220728_0600_B13_FLDK_R20_S0410.DAT.bz2"", ""/workspace/scratch/aa764eb01872/data/raw/himawari/2022/07/28/0600/HS_H08_20220728_0600_B13_FLDK_R20_S0510.DAT.bz2"", ""/workspace/scratch/aa764eb01872/data/raw/himawari/2022/07/28/0600/HS_H08_20220728_0600_B13_FLDK_R20_S0610.DAT.bz2"", ""/workspace/scratch/aa764eb01872/data/raw/himawari/2022/07/28/0600/HS_H08_20220728_0600_B13_FLDK_R20_S0710.DAT.bz2"", ""/workspace/scratch/aa764eb01872/data/raw/himawari/2022/07/28/0600/HS_H08_20220728_0600_B13_FLDK_R20_S0810.DAT.bz2"", ""/workspace/scratch/aa764eb01872/data/raw/himawari/2022/07/28/0600/HS_H08_20220728_0600_B13_FLDK_R20_S0910.DAT.bz2"", ""/workspace/scratch/aa764eb01872/data/raw/himawari/2022/07/28/0600/HS_H08_20220728_0600_B13_FLDK_R20_S1010.DAT.bz2""]",2,1.0,251.37330627441406,185.20233154296875,0.35594233645766754,0.10916567593812943,0.2004001885652542,0.31618823070151836,0.6074064590838584,69,2.763537327779558,101.01218655088714,356.14093017578125
2022208N15143,SONGDA,0,2022-07-29T12:00:00+00:00,72h_after_first_track,2022-07-28T09:00:00+00:00,-27,21.5,139.6,10,AHI-L1b-FLDK/2022/07/28/0900/HS_H08_20220728_0900_B13_FLDK_R20_S0110.DAT.bz2,/workspace/scratch/aa764eb01872/data/raw/himawari/2022/07/28/0900/HS_H08_20220728_0900_B13_FLDK_R20_S0110.DAT.bz2,"[""AHI-L1b-FLDK/2022/07/28/0900/HS_H08_20220728_0900_B13_FLDK_R20_S0110.DAT.bz2"", ""AHI-L1b-FLDK/2022/07/28/0900/HS_H08_20220728_0900_B13_FLDK_R20_S0210.DAT.bz2"", ""AHI-L1b-FLDK/2022/07/28/0900/HS_H08_20220728_0900_B13_FLDK_R20_S0310.DAT.bz2"", ""AHI-L1b-FLDK/2022/07/28/0900/HS_H08_20220728_0900_B13_FLDK_R20_S0410.DAT.bz2"", ""AHI-L1b-FLDK/2022/07/28/0900/HS_H08_20220728_0900_B13_FLDK_R20_S0510.DAT.bz2"", ""AHI-L1b-FLDK/2022/07/28/0900/HS_H08_20220728_0900_B13_FLDK_R20_S0610.DAT.bz2"", ""AHI-L1b-FLDK/2022/07/28/0900/HS_H08_20220728_0900_B13_FLDK_R20_S0710.DAT.bz2"", ""AHI-L1b-FLDK/2022/07/28/0900/HS_H08_20220728_0900_B13_FLDK_R20_S0810.DAT.bz2"", ""AHI-L1b-FLDK/2022/07/28/0900/HS_H08_20220728_0900_B13_FLDK_R20_S0910.DAT.bz2"", ""AHI-L1b-FLDK/2022/07/28/0900/HS_H08_20220728_0900_B13_FLDK_R20_S1010.DAT.bz2""]","[""/workspace/scratch/aa764eb01872/data/raw/himawari/2022/07/28/0900/HS_H08_20220728_0900_B13_FLDK_R20_S0110.DAT.bz2"", ""/workspace/scratch/aa764eb01872/data/raw/himawari/2022/07/28/0900/HS_H08_20220728_0900_B13_FLDK_R20_S0210.DAT.bz2"", ""/workspace/scratch/aa764eb01872/data/raw/himawari/2022/07/28/0900/HS_H08_20220728_0900_B13_FLDK_R20_S0310.DAT.bz2"", ""/workspace/scratch/aa764eb01872/data/raw/himawari/2022/07/28/0900/HS_H08_20220728_0900_B13_FLDK_R20_S0410.DAT.bz2"", ""/workspace/scratch/aa764eb01872/data/raw/himawari/2022/07/28/0900/HS_H08_20220728_0900_B13_FLDK_R20_S0510.DAT.bz2"", ""/workspace/scratch/aa764eb01872/data/raw/himawari/2022/07/28/0900/HS_H08_20220728_0900_B13_FLDK_R20_S0610.DAT.bz2"", ""/workspace/scratch/aa764eb01872/data/raw/himawari/2022/07/28/0900/HS_H08_20220728_0900_B13_FLDK_R20_S0710.DAT.bz2"", ""/workspace/scratch/aa764eb01872/data/raw/himawari/2022/07/28/0900/HS_H08_20220728_0900_B13_FLDK_R20_S0810.DAT.bz2"", ""/workspace/scratch/aa764eb01872/data/raw/himawari/2022/07/28/0900/HS_H08_20220728_0900_B13_FLDK_R20_S0910.DAT.bz2"", ""/workspace/scratch/aa764eb01872/data/raw/himawari/2022/07/28/0900/HS_H08_20220728_0900_B13_FLDK_R20_S1010.DAT.bz2""]",2,1.0,249.13192749023438,188.3797607421875,0.3799993426496895,0.11138730496168137,0.17305627465248108,0.37275391470003216,0.8596124899649031,47,1.8998803479610646,122.47130958546101,349.56439208984375
2022208N15143,SONGDA,0,2022-07-29T12:00:00+00:00,72h_after_first_track,2022-07-28T12:00:00+00:00,-24,22.5,139.1,10,AHI-L1b-FLDK/2022/07/28/1200/HS_H08_20220728_1200_B13_FLDK_R20_S0110.DAT.bz2,/workspace/scratch/aa764eb01872/data/raw/himawari/2022/07/28/1200/HS_H08_20220728_1200_B13_FLDK_R20_S0110.DAT.bz2,"[""AHI-L1b-FLDK/2022/07/28/1200/HS_H08_20220728_1200_B13_FLDK_R20_S0110.DAT.bz2"", ""AHI-L1b-FLDK/2022/07/28/1200/HS_H08_20220728_1200_B13_FLDK_R20_S0210.DAT.bz2"", ""AHI-L1b-FLDK/2022/07/28/1200/HS_H08_20220728_1200_B13_FLDK_R20_S0310.DAT.bz2"", ""AHI-L1b-FLDK/2022/07/28/1200/HS_H08_20220728_1200_B13_FLDK_R20_S0410.DAT.bz2"", ""AHI-L1b-FLDK/2022/07/28/1200/HS_H08_20220728_1200_B13_FLDK_R20_S0510.DAT.bz2"", ""AHI-L1b-FLDK/2022/07/28/1200/HS_H08_20220728_1200_B13_FLDK_R20_S0610.DAT.bz2"", ""AHI-L1b-FLDK/2022/07/28/1200/HS_H08_20220728_1200_B13_FLDK_R20_S0710.DAT.bz2"", ""AHI-L1b-FLDK/2022/07/28/1200/HS_H08_20220728_1200_B13_FLDK_R20_S0810.DAT.bz2"", ""AHI-L1b-FLDK/2022/07/28/1200/HS_H08_20220728_1200_B13_FLDK_R20_S0910.DAT.bz2"", ""AHI-L1b-FLDK/2022/07/28/1200/HS_H08_20220728_1200_B13_FLDK_R20_S1010.DAT.bz2""]","[""/workspace/scratch/aa764eb01872/data/raw/himawari/2022/07/28/1200/HS_H08_20220728_1200_B13_FLDK_R20_S0110.DAT.bz2"", ""/workspace/scratch/aa764eb01872/data/raw/himawari/2022/07/28/1200/HS_H08_20220728_1200_B13_FLDK_R20_S0210.DAT.bz2"", ""/workspace/scratch/aa764eb01872/data/raw/himawari/2022/07/28/1200/HS_H08_20220728_1200_B13_FLDK_R20_S0310.DAT.bz2"", ""/workspace/scratch/aa764eb01872/data/raw/himawari/2022/07/28/1200/HS_H08_20220728_1200_B13_FLDK_R20_S0410.DAT.bz2"", ""/workspace/scratch/aa764eb01872/data/raw/himawari/2022/07/28/1200/HS_H08_20220728_1200_B13_FLDK_R20_S0510.DAT.bz2"", ""/workspace/scratch/aa764eb01872/data/raw/himawari/2022/07/28/1200/HS_H08_20220728_1200_B13_FLDK_R20_S0610.DAT.bz2"", ""/workspace/scratch/aa764eb01872/data/raw/himawari/2022/07/28/1200/HS_H08_20220728_1200_B13_FLDK_R20_S0710.DAT.bz2"", ""/workspace/scratch/aa764eb01872/data/raw/himawari/2022/07/28/1200/HS_H08_20220728_1200_B13_FLDK_R20_S0810.DAT.bz2"", ""/workspace/scratch/aa764eb01872/data/raw/himawari/2022/07/28/1200/HS_H08_20220728_1200_B13_FLDK_R20_S0910.DAT.bz2"", ""/workspace/scratch/aa764eb01872/data/raw/himawari/2022/07/28/1200/HS_H08_20220728_1200_B13_FLDK_R20_S1010.DAT.bz2""]",2,1.0,246.75997924804688,192.124267578125,0.3777193533458131,0.09390401840209961,0.2275237888097763,0.4707354466552566,0.4823921785637915,61,2.4966847301124733,110.66506364900297,335.31256103515625
2022208N15143,SONGDA,0,2022-07-29T12:00:00+00:00,72h_after_first_track,2022-07-28T15:00:00+00:00,-21,23.9,138.4,10,AHI-L1b-FLDK/2022/07/28/1500/HS_H08_20220728_1500_B13_FLDK_R20_S0110.DAT.bz2,/workspace/scratch/aa764eb01872/data/raw/himawari/2022/07/28/1500/HS_H08_20220728_1500_B13_FLDK_R20_S0110.DAT.bz2,"[""AHI-L1b-FLDK/2022/07/28/1500/HS_H08_20220728_1500_B13_FLDK_R20_S0110.DAT.bz2"", ""AHI-L1b-FLDK/2022/07/28/1500/HS_H08_20220728_1500_B13_FLDK_R20_S0210.DAT.bz2"", ""AHI-L1b-FLDK/2022/07/28/1500/HS_H08_20220728_1500_B13_FLDK_R20_S0310.DAT.bz2"", ""AHI-L1b-FLDK/2022/07/28/1500/HS_H08_20220728_1500_B13_FLDK_R20_S0410.DAT.bz2"", ""AHI-L1b-FLDK/2022/07/28/1500/HS_H08_20220728_1500_B13_FLDK_R20_S0510.DAT.bz2"", ""AHI-L1b-FLDK/2022/07/28/1500/HS_H08_20220728_1500_B13_FLDK_R20_S0610.DAT.bz2"", ""AHI-L1b-FLDK/2022/07/28/1500/HS_H08_20220728_1500_B13_FLDK_R20_S0710.DAT.bz2"", ""AHI-L1b-FLDK/2022/07/28/1500/HS_H08_20220728_1500_B13_FLDK_R20_S0810.DAT.bz2"", ""AHI-L1b-FLDK/2022/07/28/1500/HS_H08_20220728_1500_B13_FLDK_R20_S0910.DAT.bz2"", ""AHI-L1b-FLDK/2022/07/28/1500/HS_H08_20220728_1500_B13_FLDK_R20_S1010.DAT.bz2""]","[""/workspace/scratch/aa764eb01872/data/raw/himawari/2022/07/28/1500/HS_H08_20220728_1500_B13_FLDK_R20_S0110.DAT.bz2"", ""/workspace/scratch/aa764eb01872/data/raw/himawari/2022/07/28/1500/HS_H08_20220728_1500_B13_FLDK_R20_S0210.DAT.bz2"", ""/workspace/scratch/aa764eb01872/data/raw/himawari/2022/07/28/1500/HS_H08_20220728_1500_B13_FLDK_R20_S0310.DAT.bz2"", ""/workspace/scratch/aa764eb01872/data/raw/himawari/2022/07/28/1500/HS_H08_20220728_1500_B13_FLDK_R20_S0410.DAT.bz2"", ""/workspace/scratch/aa764eb01872/data/raw/himawari/2022/07/28/1500/HS_H08_20220728_1500_B13_FLDK_R20_S0510.DAT.bz2"", ""/workspace/scratch/aa764eb01872/data/raw/himawari/2022/07/28/1500/HS_H08_20220728_1500_B13_FLDK_R20_S0610.DAT.bz2"", ""/workspace/scratch/aa764eb01872/data/raw/himawari/2022/07/28/1500/HS_H08_20220728_1500_B13_FLDK_R20_S0710.DAT.bz2"", ""/workspace/scratch/aa764eb01872/data/raw/himawari/2022/07/28/1500/HS_H08_20220728_1500_B13_FLDK_R20_S0810.DAT.bz2"", ""/workspace/scratch/aa764eb01872/data/raw/himawari/2022/07/28/1500/HS_H08_20220728_1500_B13_FLDK_R20_S0910.DAT.bz2"", ""/workspace/scratch/aa764eb01872/data/raw/himawari/2022/07/28/1500/HS_H08_20220728_1500_B13_FLDK_R20_S1010.DAT.bz2""]",2,1.0,247.12649536132812,191.43359375,0.3764292916021771,0.06434929370880127,0.1408403068780899,0.45712807764920904,0.4190627721772275,72,3.0020388847425545,106.76533614668936,361.7503356933594
2022208N15143,SONGDA,0,2022-07-29T12:00:00+00:00,72h_after_first_track,2022-07-28T18:00:00+00:00,-18,25.3,137.5,10,AHI-L1b-FLDK/2022/07/28/1800/HS_H08_20220728_1800_B13_FLDK_R20_S0110.DAT.bz2,/workspace/scratch/aa764eb01872/data/raw/himawari/2022/07/28/1800/HS_H08_20220728_1800_B13_FLDK_R20_S0110.DAT.bz2,"[""AHI-L1b-FLDK/2022/07/28/1800/HS_H08_20220728_1800_B13_FLDK_R20_S0110.DAT.bz2"", ""AHI-L1b-FLDK/2022/07/28/1800/HS_H08_20220728_1800_B13_FLDK_R20_S0210.DAT.bz2"", ""AHI-L1b-FLDK/2022/07/28/1800/HS_H08_20220728_1800_B13_FLDK_R20_S0310.DAT.bz2"", ""AHI-L1b-FLDK/2022/07/28/1800/HS_H08_20220728_1800_B13_FLDK_R20_S0410.DAT.bz2"", ""AHI-L1b-FLDK/2022/07/28/1800/HS_H08_20220728_1800_B13_FLDK_R20_S0510.DAT.bz2"", ""AHI-L1b-FLDK/2022/07/28/1800/HS_H08_20220728_1800_B13_FLDK_R20_S0610.DAT.bz2"", ""AHI-L1b-FLDK/2022/07/28/1800/HS_H08_20220728_1800_B13_FLDK_R20_S0710.DAT.bz2"", ""AHI-L1b-FLDK/2022/07/28/1800/HS_H08_20220728_1800_B13_FLDK_R20_S0810.DAT.bz2"", ""AHI-L1b-FLDK/2022/07/28/1800/HS_H08_20220728_1800_B13_FLDK_R20_S0910.DAT.bz2"", ""AHI-L1b-FLDK/2022/07/28/1800/HS_H08_20220728_1800_B13_FLDK_R20_S1010.DAT.bz2""]","[""/workspace/scratch/aa764eb01872/data/raw/himawari/2022/07/28/1800/HS_H08_20220728_1800_B13_FLDK_R20_S0110.DAT.bz2"", ""/workspace/scratch/aa764eb01872/data/raw/himawari/2022/07/28/1800/HS_H08_20220728_1800_B13_FLDK_R20_S0210.DAT.bz2"", ""/workspace/scratch/aa764eb01872/data/raw/himawari/2022/07/28/1800/HS_H08_20220728_1800_B13_FLDK_R20_S0310.DAT.bz2"", ""/workspace/scratch/aa764eb01872/data/raw/himawari/2022/07/28/1800/HS_H08_20220728_1800_B13_FLDK_R20_S0410.DAT.bz2"", ""/workspace/scratch/aa764eb01872/data/raw/himawari/2022/07/28/1800/HS_H08_20220728_1800_B13_FLDK_R20_S0510.DAT.bz2"", ""/workspace/scratch/aa764eb01872/data/raw/himawari/2022/07/28/1800/HS_H08_20220728_1800_B13_FLDK_R20_S0610.DAT.bz2"", ""/workspace/scratch/aa764eb01872/data/raw/himawari/2022/07/28/1800/HS_H08_20220728_1800_B13_FLDK_R20_S0710.DAT.bz2"", ""/workspace/scratch/aa764eb01872/data/raw/himawari/2022/07/28/1800/HS_H08_20220728_1800_B13_FLDK_R20_S0810.DAT.bz2"", ""/workspace/scratch/aa764eb01872/data/raw/himawari/2022/07/28/1800/HS_H08_20220728_1800_B13_FLDK_R20_S0910.DAT.bz2"", ""/workspace/scratch/aa764eb01872/data/raw/himawari/2022/07/28/1800/HS_H08_20220728_1800_B13_FLDK_R20_S1010.DAT.bz2""]",2,1.0,253.7775115966797,191.57278442382812,0.2687777005593479,0.03812897577881813,0.1589491069316864,0.37160238527334477,0.4346951234029269,93,3.9568238192284615,80.72327099452858,356.53564453125
2022208N15143,SONGDA,0,2022-07-29T12:00:00+00:00,72h_after_first_track,2022-07-28T21:00:00+00:00,-15,26.8,136.0,10,AHI-L1b-FLDK/2022/07/28/2100/HS_H08_20220728_2100_B13_FLDK_R20_S0110.DAT.bz2,/workspace/scratch/aa764eb01872/data/raw/himawari/2022/07/28/2100/HS_H08_20220728_2100_B13_FLDK_R20_S0110.DAT.bz2,"[""AHI-L1b-FLDK/2022/07/28/2100/HS_H08_20220728_2100_B13_FLDK_R20_S0110.DAT.bz2"", ""AHI-L1b-FLDK/2022/07/28/2100/HS_H08_20220728_2100_B13_FLDK_R20_S0210.DAT.bz2"", ""AHI-L1b-FLDK/2022/07/28/2100/HS_H08_20220728_2100_B13_FLDK_R20_S0310.DAT.bz2"", ""AHI-L1b-FLDK/2022/07/28/2100/HS_H08_20220728_2100_B13_FLDK_R20_S0410.DAT.bz2"", ""AHI-L1b-FLDK/2022/07/28/2100/HS_H08_20220728_2100_B13_FLDK_R20_S0510.DAT.bz2"", ""AHI-L1b-FLDK/2022/07/28/2100/HS_H08_20220728_2100_B13_FLDK_R20_S0610.DAT.bz2"", ""AHI-L1b-FLDK/2022/07/28/2100/HS_H08_20220728_2100_B13_FLDK_R20_S0710.DAT.bz2"", ""AHI-L1b-FLDK/2022/07/28/2100/HS_H08_20220728_2100_B13_FLDK_R20_S0810.DAT.bz2"", ""AHI-L1b-FLDK/2022/07/28/2100/HS_H08_20220728_2100_B13_FLDK_R20_S0910.DAT.bz2"", ""AHI-L1b-FLDK/2022/07/28/2100/HS_H08_20220728_2100_B13_FLDK_R20_S1010.DAT.bz2""]","[""/workspace/scratch/aa764eb01872/data/raw/himawari/2022/07/28/2100/HS_H08_20220728_2100_B13_FLDK_R20_S0110.DAT.bz2"", ""/workspace/scratch/aa764eb01872/data/raw/himawari/2022/07/28/2100/HS_H08_20220728_2100_B13_FLDK_R20_S0210.DAT.bz2"", ""/workspace/scratch/aa764eb01872/data/raw/himawari/2022/07/28/2100/HS_H08_20220728_2100_B13_FLDK_R20_S0310.DAT.bz2"", ""/workspace/scratch/aa764eb01872/data/raw/himawari/2022/07/28/2100/HS_H08_20220728_2100_B13_FLDK_R20_S0410.DAT.bz2"", ""/workspace/scratch/aa764eb01872/data/raw/himawari/2022/07/28/2100/HS_H08_20220728_2100_B13_FLDK_R20_S0510.DAT.bz2"", ""/workspace/scratch/aa764eb01872/data/raw/himawari/2022/07/28/2100/HS_H08_20220728_2100_B13_FLDK_R20_S0610.DAT.bz2"", ""/workspace/scratch/aa764eb01872/data/raw/himawari/2022/07/28/2100/HS_H08_20220728_2100_B13_FLDK_R20_S0710.DAT.bz2"", ""/workspace/scratch/aa764eb01872/data/raw/himawari/2022/07/28/2100/HS_H08_20220728_2100_B13_FLDK_R20_S0810.DAT.bz2"", ""/workspace/scratch/aa764eb01872/data/raw/himawari/2022/07/28/2100/HS_H08_20220728_2100_B13_FLDK_R20_S0910.DAT.bz2"", ""/workspace/scratch/aa764eb01872/data/raw/himawari/2022/07/28/2100/HS_H08_20220728_2100_B13_FLDK_R20_S1010.DAT.bz2""]",2,1.0,263.6908874511719,196.1434326171875,0.16460381319087192,0.022088157013058662,0.27744588255882263,0.42752589426101817,0.2214273640386864,64,2.7914807496870484,49.76760989036904,312.7341613769531
2022208N15143,SONGDA,0,2022-07-29T12:00:00+00:00,72h_after_first_track,2022-07-29T00:00:00+00:00,-12,28.0,134.5,10,AHI-L1b-FLDK/2022/07/29/0000/HS_H08_20220729_0000_B13_FLDK_R20_S0110.DAT.bz2,/workspace/scratch/aa764eb01872/data/raw/himawari/2022/07/29/0000/HS_H08_20220729_0000_B13_FLDK_R20_S0110.DAT.bz2,"[""AHI-L1b-FLDK/2022/07/29/0000/HS_H08_20220729_0000_B13_FLDK_R20_S0110.DAT.bz2"", ""AHI-L1b-FLDK/2022/07/29/0000/HS_H08_20220729_0000_B13_FLDK_R20_S0210.DAT.bz2"", ""AHI-L1b-FLDK/2022/07/29/0000/HS_H08_20220729_0000_B13_FLDK_R20_S0310.DAT.bz2"", ""AHI-L1b-FLDK/2022/07/29/0000/HS_H08_20220729_0000_B13_FLDK_R20_S0410.DAT.bz2"", ""AHI-L1b-FLDK/2022/07/29/0000/HS_H08_20220729_0000_B13_FLDK_R20_S0510.DAT.bz2"", ""AHI-L1b-FLDK/2022/07/29/0000/HS_H08_20220729_0000_B13_FLDK_R20_S0610.DAT.bz2"", ""AHI-L1b-FLDK/2022/07/29/0000/HS_H08_20220729_0000_B13_FLDK_R20_S0710.DAT.bz2"", ""AHI-L1b-FLDK/2022/07/29/0000/HS_H08_20220729_0000_B13_FLDK_R20_S0810.DAT.bz2"", ""AHI-L1b-FLDK/2022/07/29/0000/HS_H08_20220729_0000_B13_FLDK_R20_S0910.DAT.bz2"", ""AHI-L1b-FLDK/2022/07/29/0000/HS_H08_20220729_0000_B13_FLDK_R20_S1010.DAT.bz2""]","[""/workspace/scratch/aa764eb01872/data/raw/himawari/2022/07/29/0000/HS_H08_20220729_0000_B13_FLDK_R20_S0110.DAT.bz2"", ""/workspace/scratch/aa764eb01872/data/raw/himawari/2022/07/29/0000/HS_H08_20220729_0000_B13_FLDK_R20_S0210.DAT.bz2"", ""/workspace/scratch/aa764eb01872/data/raw/himawari/2022/07/29/0000/HS_H08_20220729_0000_B13_FLDK_R20_S0310.DAT.bz2"", ""/workspace/scratch/aa764eb01872/data/raw/himawari/2022/07/29/0000/HS_H08_20220729_0000_B13_FLDK_R20_S0410.DAT.bz2"", ""/workspace/scratch/aa764eb01872/data/raw/himawari/2022/07/29/0000/HS_H08_20220729_0000_B13_FLDK_R20_S0510.DAT.bz2"", ""/workspace/scratch/aa764eb01872/data/raw/himawari/2022/07/29/0000/HS_H08_20220729_0000_B13_FLDK_R20_S0610.DAT.bz2"", ""/workspace/scratch/aa764eb01872/data/raw/himawari/2022/07/29/0000/HS_H08_20220729_0000_B13_FLDK_R20_S0710.DAT.bz2"", ""/workspace/scratch/aa764eb01872/data/raw/himawari/2022/07/29/0000/HS_H08_20220729_0000_B13_FLDK_R20_S0810.DAT.bz2"", ""/workspace/scratch/aa764eb01872/data/raw/himawari/2022/07/29/0000/HS_H08_20220729_0000_B13_FLDK_R20_S0910.DAT.bz2"", ""/workspace/scratch/aa764eb01872/data/raw/himawari/2022/07/29/0000/HS_H08_20220729_0000_B13_FLDK_R20_S1010.DAT.bz2""]",2,1.0,270.7480773925781,200.56246948242188,0.1266591510280292,0.0161826703697443,0.43256956338882446,0.5787341486934393,0.3205422721784396,70,3.1229366311544156,53.75140643005884,264.06072998046875
2022208N15143,SONGDA,0,2022-07-29T12:00:00+00:00,72h_after_first_track,2022-07-29T03:00:00+00:00,-9,28.7,133.2,10,AHI-L1b-FLDK/2022/07/29/0300/HS_H08_20220729_0300_B13_FLDK_R20_S0110.DAT.bz2,/workspace/scratch/aa764eb01872/data/raw/himawari/2022/07/29/0300/HS_H08_20220729_0300_B13_FLDK_R20_S0110.DAT.bz2,"[""AHI-L1b-FLDK/2022/07/29/0300/HS_H08_20220729_0300_B13_FLDK_R20_S0110.DAT.bz2"", ""AHI-L1b-FLDK/2022/07/29/0300/HS_H08_20220729_0300_B13_FLDK_R20_S0210.DAT.bz2"", ""AHI-L1b-FLDK/2022/07/29/0300/HS_H08_20220729_0300_B13_FLDK_R20_S0310.DAT.bz2"", ""AHI-L1b-FLDK/2022/07/29/0300/HS_H08_20220729_0300_B13_FLDK_R20_S0410.DAT.bz2"", ""AHI-L1b-FLDK/2022/07/29/0300/HS_H08_20220729_0300_B13_FLDK_R20_S0510.DAT.bz2"", ""AHI-L1b-FLDK/2022/07/29/0300/HS_H08_20220729_0300_B13_FLDK_R20_S0610.DAT.bz2"", ""AHI-L1b-FLDK/2022/07/29/0300/HS_H08_20220729_0300_B13_FLDK_R20_S0710.DAT.bz2"", ""AHI-L1b-FLDK/2022/07/29/0300/HS_H08_20220729_0300_B13_FLDK_R20_S0810.DAT.bz2"", ""AHI-L1b-FLDK/2022/07/29/0300/HS_H08_20220729_0300_B13_FLDK_R20_S0910.DAT.bz2"", ""AHI-L1b-FLDK/2022/07/29/0300/HS_H08_20220729_0300_B13_FLDK_R20_S1010.DAT.bz2""]","[""/workspace/scratch/aa764eb01872/data/raw/himawari/2022/07/29/0300/HS_H08_20220729_0300_B13_FLDK_R20_S0110.DAT.bz2"", ""/workspace/scratch/aa764eb01872/data/raw/himawari/2022/07/29/0300/HS_H08_20220729_0300_B13_FLDK_R20_S0210.DAT.bz2"", ""/workspace/scratch/aa764eb01872/data/raw/himawari/2022/07/29/0300/HS_H08_20220729_0300_B13_FLDK_R20_S0310.DAT.bz2"", ""/workspace/scratch/aa764eb01872/data/raw/himawari/2022/07/29/0300/HS_H08_20220729_0300_B13_FLDK_R20_S0410.DAT.bz2"", ""/workspace/scratch/aa764eb01872/data/raw/himawari/2022/07/29/0300/HS_H08_20220729_0300_B13_FLDK_R20_S0510.DAT.bz2"", ""/workspace/scratch/aa764eb01872/data/raw/himawari/2022/07/29/0300/HS_H08_20220729_0300_B13_FLDK_R20_S0610.DAT.bz2"", ""/workspace/scratch/aa764eb01872/data/raw/himawari/2022/07/29/0300/HS_H08_20220729_0300_B13_FLDK_R20_S0710.DAT.bz2"", ""/workspace/scratch/aa764eb01872/data/raw/himawari/2022/07/29/0300/HS_H08_20220729_0300_B13_FLDK_R20_S0810.DAT.bz2"", ""/workspace/scratch/aa764eb01872/data/raw/himawari/2022/07/29/0300/HS_H08_20220729_0300_B13_FLDK_R20_S0910.DAT.bz2"", ""/workspace/scratch/aa764eb01872/data/raw/himawari/2022/07/29/0300/HS_H08_20220729_0300_B13_FLDK_R20_S1010.DAT.bz2""]",2,1.0,268.8589172363281,196.1434326171875,0.17976539303079156,0.02176789380609989,0.33293524384498596,0.38923897226916215,0.6594970377708015,61,2.764509141008094,97.27368816155668,303.3578186035156
2022208N15143,SONGDA,0,2022-07-29T12:00:00+00:00,72h_after_first_track,2022-07-29T06:00:00+00:00,-6,29.1,132.0,10,AHI-L1b-FLDK/2022/07/29/0600/HS_H08_20220729_0600_B13_FLDK_R20_S0110.DAT.bz2,/workspace/scratch/aa764eb01872/data/raw/himawari/2022/07/29/0600/HS_H08_20220729_0600_B13_FLDK_R20_S0110.DAT.bz2,"[""AHI-L1b-FLDK/2022/07/29/0600/HS_H08_20220729_0600_B13_FLDK_R20_S0110.DAT.bz2"", ""AHI-L1b-FLDK/2022/07/29/0600/HS_H08_20220729_0600_B13_FLDK_R20_S0210.DAT.bz2"", ""AHI-L1b-FLDK/2022/07/29/0600/HS_H08_20220729_0600_B13_FLDK_R20_S0310.DAT.bz2"", ""AHI-L1b-FLDK/2022/07/29/0600/HS_H08_20220729_0600_B13_FLDK_R20_S0410.DAT.bz2"", ""AHI-L1b-FLDK/2022/07/29/0600/HS_H08_20220729_0600_B13_FLDK_R20_S0510.DAT.bz2"", ""AHI-L1b-FLDK/2022/07/29/0600/HS_H08_20220729_0600_B13_FLDK_R20_S0610.DAT.bz2"", ""AHI-L1b-FLDK/2022/07/29/0600/HS_H08_20220729_0600_B13_FLDK_R20_S0710.DAT.bz2"", ""AHI-L1b-FLDK/2022/07/29/0600/HS_H08_20220729_0600_B13_FLDK_R20_S0810.DAT.bz2"", ""AHI-L1b-FLDK/2022/07/29/0600/HS_H08_20220729_0600_B13_FLDK_R20_S0910.DAT.bz2"", ""AHI-L1b-FLDK/2022/07/29/0600/HS_H08_20220729_0600_B13_FLDK_R20_S1010.DAT.bz2""]","[""/workspace/scratch/aa764eb01872/data/raw/himawari/2022/07/29/0600/HS_H08_20220729_0600_B13_FLDK_R20_S0110.DAT.bz2"", ""/workspace/scratch/aa764eb01872/data/raw/himawari/2022/07/29/0600/HS_H08_20220729_0600_B13_FLDK_R20_S0210.DAT.bz2"", ""/workspace/scratch/aa764eb01872/data/raw/himawari/2022/07/29/0600/HS_H08_20220729_0600_B13_FLDK_R20_S0310.DAT.bz2"", ""/workspace/scratch/aa764eb01872/data/raw/himawari/2022/07/29/0600/HS_H08_20220729_0600_B13_FLDK_R20_S0410.DAT.bz2"", ""/workspace/scratch/aa764eb01872/data/raw/himawari/2022/07/29/0600/HS_H08_20220729_0600_B13_FLDK_R20_S0510.DAT.bz2"", ""/workspace/scratch/aa764eb01872/data/raw/himawari/2022/07/29/0600/HS_H08_20220729_0600_B13_FLDK_R20_S0610.DAT.bz2"", ""/workspace/scratch/aa764eb01872/data/raw/himawari/2022/07/29/0600/HS_H08_20220729_0600_B13_FLDK_R20_S0710.DAT.bz2"", ""/workspace/scratch/aa764eb01872/data/raw/himawari/2022/07/29/0600/HS_H08_20220729_0600_B13_FLDK_R20_S0810.DAT.bz2"", ""/workspace/scratch/aa764eb01872/data/raw/himawari/2022/07/29/0600/HS_H08_20220729_0600_B13_FLDK_R20_S0910.DAT.bz2"", ""/workspace/scratch/aa764eb01872/data/raw/himawari/2022/07/29/0600/HS_H08_20220729_0600_B13_FLDK_R20_S1010.DAT.bz2""]",2,1.0,261.53759765625,195.52322387695312,0.28888373414009705,0.045878782868385315,0.24338679015636444,0.3112656220117981,0.6200750418878175,57,2.6136957658128592,129.30962549495888,342.3395690917969
2022208N15143,SONGDA,0,2022-07-29T12:00:00+00:00,72h_after_first_track,2022-07-29T09:00:00+00:00,-3,29.6,130.9,10,AHI-L1b-FLDK/2022/07/29/0900/HS_H08_20220729_0900_B13_FLDK_R20_S0110.DAT.bz2,/workspace/scratch/aa764eb01872/data/raw/himawari/2022/07/29/0900/HS_H08_20220729_0900_B13_FLDK_R20_S0110.DAT.bz2,"[""AHI-L1b-FLDK/2022/07/29/0900/HS_H08_20220729_0900_B13_FLDK_R20_S0110.DAT.bz2"", ""AHI-L1b-FLDK/2022/07/29/0900/HS_H08_20220729_0900_B13_FLDK_R20_S0210.DAT.bz2"", ""AHI-L1b-FLDK/2022/07/29/0900/HS_H08_20220729_0900_B13_FLDK_R20_S0310.DAT.bz2"", ""AHI-L1b-FLDK/2022/07/29/0900/HS_H08_20220729_0900_B13_FLDK_R20_S0410.DAT.bz2"", ""AHI-L1b-FLDK/2022/07/29/0900/HS_H08_20220729_0900_B13_FLDK_R20_S0510.DAT.bz2"", ""AHI-L1b-FLDK/2022/07/29/0900/HS_H08_20220729_0900_B13_FLDK_R20_S0610.DAT.bz2"", ""AHI-L1b-FLDK/2022/07/29/0900/HS_H08_20220729_0900_B13_FLDK_R20_S0710.DAT.bz2"", ""AHI-L1b-FLDK/2022/07/29/0900/HS_H08_20220729_0900_B13_FLDK_R20_S0810.DAT.bz2"", ""AHI-L1b-FLDK/2022/07/29/0900/HS_H08_20220729_0900_B13_FLDK_R20_S0910.DAT.bz2"", ""AHI-L1b-FLDK/2022/07/29/0900/HS_H08_20220729_0900_B13_FLDK_R20_S1010.DAT.bz2""]","[""/workspace/scratch/aa764eb01872/data/raw/himawari/2022/07/29/0900/HS_H08_20220729_0900_B13_FLDK_R20_S0110.DAT.bz2"", ""/workspace/scratch/aa764eb01872/data/raw/himawari/2022/07/29/0900/HS_H08_20220729_0900_B13_FLDK_R20_S0210.DAT.bz2"", ""/workspace/scratch/aa764eb01872/data/raw/himawari/2022/07/29/0900/HS_H08_20220729_0900_B13_FLDK_R20_S0310.DAT.bz2"", ""/workspace/scratch/aa764eb01872/data/raw/himawari/2022/07/29/0900/HS_H08_20220729_0900_B13_FLDK_R20_S0410.DAT.bz2"", ""/workspace/scratch/aa764eb01872/data/raw/himawari/2022/07/29/0900/HS_H08_20220729_0900_B13_FLDK_R20_S0510.DAT.bz2"", ""/workspace/scratch/aa764eb01872/data/raw/himawari/2022/07/29/0900/HS_H08_20220729_0900_B13_FLDK_R20_S0610.DAT.bz2"", ""/workspace/scratch/aa764eb01872/data/raw/himawari/2022/07/29/0900/HS_H08_20220729_0900_B13_FLDK_R20_S0710.DAT.bz2"", ""/workspace/scratch/aa764eb01872/data/raw/himawari/2022/07/29/0900/HS_H08_20220729_0900_B13_FLDK_R20_S0810.DAT.bz2"", ""/workspace/scratch/aa764eb01872/data/raw/himawari/2022/07/29/0900/HS_H08_20220729_0900_B13_FLDK_R20_S0910.DAT.bz2"", ""/workspace/scratch/aa764eb01872/data/raw/himawari/2022/07/29/0900/HS_H08_20220729_0900_B13_FLDK_R20_S1010.DAT.bz2""]",2,1.0,260.0310363769531,196.38876342773438,0.260822284754652,0.030937932431697845,0.23436254262924194,0.13656028370487805,0.7474212038186302,90,4.183186379545148,192.67463576493648,337.1348876953125
