Method,AUC_mean,AUC_std,AUPRC_mean,AUPRC_std,ACC_mean,ACC_std,F1_mean,F1_std,Precision_mean,Precision_std,Recall_mean,Recall_std
Traditional EWS,0.836252,0.04206131836378883,0.7813715999999999,0.06159121545561507,0.7597576,0.04476764795362834,0.7216606,0.05046228941298644,0.6748597999999999,0.06427015033979612,0.7771174000000001,0.03648671061907337
